<?xml version='1.0' encoding='utf-8'?>
<VTKFile type="PolyData" version="0.1" byte_order="LittleEndian">
  <PolyData>
    <Piece NumberOfPoints="4891" NumberOfVerts="0" NumberOfLines="0" NumberOfStrips="0" NumberOfPolys="9680">
      <PointData Normals="Normals">
        <DataArray type="Float32" Name="Normals" NumberOfComponents="3" format="ascii" RangeMin="0.99999923085" RangeMax="1.0000007722"> 0.987667024 0.151234999 0.0405209996 0.622830987 -0.649576008 0.436040998 0.332908005 -0.530907989 -0.779300988 0.671050012 0.674583018 0.307621002 0.663092017 0.0419990011 0.747358978 0.747551024 0.553415 -0.367285997 0.324162006 -0.592724979 0.737289011 -0.529533029 -0.106445998 -0.841584027 -0.0421320014 0.433245003 -0.900291026 -0.472539991 -0.878702998 0.0677300021 -0.0238470007 0.888270974 -0.458698988 -0.253176987 0.462312996 -0.849804997 0.420884013 0.892962992 -0.159603998 0.505626976 0.0204000007 0.862510979 0.325693995 -0.412784994 0.850606978 -0.730314016 0.0215760004 -0.682770014 -0.491299003 -0.865503013 0.0976170003 -0.565497994 -0.0491769984 -0.823282003 -0.384494007 -0.229708999 -0.89409101 -0.171151996 0.278088987 -0.945183992 0.464192986 0.884751022 0.0417199992 0.377451003 0.120926999 0.918099999 0.171422005 -0.337909013 0.92543602 -0.407110006 -0.907442987 0.103964999 -0.41681999 -0.905734003 0.0768529996 -0.293742001 -0.261768997 -0.919342995 -0.0102110002 0.344296008 -0.938805997 0.438005 0.896299005 0.0692799985 0.258130997 0.204251006 0.944271982 0.0143569997 -0.299106985 0.954111993 0.085758999 0.134724006 0.987164974 0.0277570002 0.637184978 -0.770210981 -0.183346003 -0.339125007 -0.922702014 0.153816998 0.369461 -0.916427016 0.432240009 0.890052021 0.144831002 0.101668999 0.163110003 0.981355011 0.0161169991 0.243988007 0.96964401 0.0352399983 0.36719799 0.929475009 -0.244617999 -0.705947995 -0.664680004 -0.0286299996 -0.340481013 -0.939814985 0.283859015 0.382001996 -0.879486978 0.408293009 0.898720026 0.159997001 0.409137994 0.907496989 0.0951659977 -0.124622002 0.29370299 0.947737992 -0.426968008 -0.449043006 0.78489399 -0.262777001 -0.885783017 -0.382541001 0.118150003 -0.35362801 -0.927893996 0.399466991 0.403737009 -0.823056996 0.545064986 0.465090007 -0.697564006 0.100585997 0.852402985 0.513118982 -0.351114988 0.271748006 0.896031022 -0.538037002 -0.557812989 0.631950021 -0.18795 -0.937795997 -0.291913986 0.349097013 -0.221212 -0.910601974 0.542150974 -0.195485994 -0.817224979 0.637027025 0.593447983 -0.491950989 -0.468912005 0.408659011 0.78302002 -0.468766987 0.383414 0.795771003 -0.602982998 -0.590499997 0.536396027 -0.0213319995 -0.892683029 -0.450179011 -0.215864003 -0.954180002 -0.207227007 0.721444011 -0.184036002 -0.667569995 0.393115014 0.824109972 0.407802999 -0.347265989 0.707912028 0.615033984 -0.609378994 0.384593993 0.693358004 -0.781319022 -0.107703 0.614768028 -0.950016975 -0.188427001 0.248923004 0.039384 -0.851611972 -0.522691011 0.870792985 -0.227038994 -0.436087996 0.914201021 0.403160006 -0.0412029997 0.202744007 0.894433975 0.398600996 -0.802182019 0.343867004 0.488117993 -0.799099982 0.539849997 0.264577001 -0.957301021 -0.241182998 -0.159389004 -0.00711200014 -0.894968987 -0.446070999 0.870306015 -0.446419001 -0.208033994 0.996223986 0.0826769993 0.0264839996 0.428873003 0.798386991 0.422666013 0.406002998 0.839071989 0.362105012 -0.836422026 0.54706502 -0.0334420018 -0.934665024 -0.201938003 -0.292613 -0.142850995 -0.926599979 -0.347858012 0.883449018 -0.456113011 0.107141003 0.98031199 0.00135699997 0.197448999 0.852604985 0.110455997 0.510748982 0.0778760016 0.973275006 0.216033995 -0.826979995 0.416052014 -0.378158987 -0.833519995 -0.168963999 -0.526018023 0.0487780012 -0.997475028 -0.0516230017 0.874014974 -0.0774699971 0.479683012 0.974299014 -0.215411007 0.0658690035 0.847940981 0.369942009 -0.379655987 -0.32705301 0.563660979 -0.75849998 -0.406062007 0.303086996 -0.862119973 -0.245444998 -0.222074002 -0.943630993 0.632624984 -0.770262003 -0.0805120021 0.974286973 0.215284005 0.0664660037 0.473574996 -0.624408007 0.621160984 0.423189998 -0.751034021 -0.506811976 0.599162996 0.148798004 0.786678016 0.532007992 0.58602798 -0.611177981 0.509218991 0.860472977 -0.0167980008 0.307096988 -0.477245986 0.823364019 -0.364636987 0.110765003 -0.924538016 -0.514514983 -0.847397029 0.131123006 0.533141017 0.315609008 0.784952998 0.430381 0.862119973 -0.267435014 -0.237445995 0.647680998 -0.723967016 -0.107313 0.674887002 -0.730076015 -0.0495960005 0.537738979 -0.841651022 0.269228995 -0.334039986 0.903289974 -0.57822299 0.143751994 -0.80311501 -0.555612981 -0.828613997 0.0685020015 0.400875986 0.387419999 0.830183029 0.399708986 0.855063021 -0.330300987 -0.0544990003 0.276668996 -0.959419012 -0.427709997 0.0336639993 -0.90328902 -0.248859003 -0.0267890003 -0.968168974 0.0840260014 -0.30744499 0.947848976 -0.503748 -0.859896004 -0.0825579986 0.311590999 0.494682014 0.811295986 0.413534999 0.804717004 -0.425933987 0.0599909984 0.241721004 -0.968490005 -0.105351999 -0.0926479995 -0.99010998 -0.395018011 -0.841297984 -0.369022995 -0.0860209987 -0.367974013 0.92584902 0.126424998 0.379974008 0.916316986 0.44047001 0.625674009 -0.643831015 0.040031001 -0.0457729995 -0.998149991 0.00557099981 -0.108014002 -0.994134009 -0.334544003 -0.776562989 -0.533882022 -0.26472199 -0.542254984 0.797421992 0.0138729997 0.305413008 0.952118993 0.449698001 0.806176007 -0.384516001 0.128116995 -0.0502160005 -0.990486979 0.0516159981 -0.173472002 -0.983484983 -0.389414996 -0.904506028 -0.173851997 -0.293677002 -0.436352015 0.850499988 -0.0796800032 0.315824002 0.945465982 0.397480011 0.908770978 0.127058998 0.242501006 -0.0217230003 -0.969907999 0.124394 -0.265074998 -0.956170022 -0.513522983 -0.824069023 0.239175007 -0.195043996 0.0200260002 0.980589986 -0.305054009 0.215746 0.927574992 0.176755995 0.917163014 0.357169002 0.468428999 0.296124011 -0.832396984 0.269892991 -0.420284986 -0.866325021 -0.400817007 -0.805585027 0.436322987 -0.201296002 0.323550999 0.92455101 -0.394890994 0.39516899 0.82939899 0.0800049976 0.945393026 0.31595999 0.587572992 0.456849009 -0.667867005 0.475059003 -0.309713989 -0.823647976 -0.392975003 -0.906704009 0.153162003 -0.444855988 0.203124002 0.872264028 -0.610433996 0.311973006 0.728040993 -0.0643559992 0.915125012 0.398001999 0.703855991 0.521919012 -0.481858999 0.680396974 -0.227412999 -0.696666002 -0.151519999 -0.974352002 -0.166375995 -0.670943022 -0.0612279996 0.738977015 -0.85018301 0.168966994 0.498636991 -0.471908987 0.740580022 0.478374988 0.659852028 0.750783026 -0.0303189997 0.89310497 -0.0786459967 -0.442919999 0.0697520003 -0.923116028 -0.378141999 -0.847747028 -0.338313997 0.408497006 -0.979538023 0.123498999 0.158911005 -0.497420013 0.804996014 0.323347986 0.62489903 0.746598005 0.228239 0.969204009 -0.188589007 -0.158360004 0.299304008 -0.851230025 -0.431073993 -0.843084991 -0.53232199 -0.0764219984 -0.994588971 0.0822900012 -0.0634159967 -0.224814996 0.935783982 0.271600008 0.706140995 0.637314022 0.30853799 0.924395978 -0.379859 0.0346230008 0.364845008 -0.879769981 -0.304782003 -0.532585025 -0.771171987 -0.348778009 -0.813445985 -0.392913997 -0.428864002 -0.45923999 0.858920991 -0.226613 0.719512999 0.537420988 0.439862996 0.862136006 -0.322452009 0.390828013 0.0653339997 -0.980283976 -0.186479002 -0.178182006 -0.906809986 -0.38203001 -0.659250975 0.297028989 -0.690769017 -0.588 -0.231970996 -0.774883986 -0.368270993 -0.826146007 -0.426450998 0.650281012 0.759684026 -0.00370100001 0.0121200001 0.609584987 -0.79262799 0.923920989 0.0294059999 0.381453007 0.0659779981 -0.848073006 -0.525756001 -0.535704017 0.00849299971 -0.844362974 -0.850332975 -0.150033996 -0.504405022 -0.557909012 0.330853999 -0.761099994 0.144320995 0.533855021 -0.833168983 -0.263208002 -0.83712101 -0.47953099 0.233116999 -0.820958972 -0.521230996 -0.506707013 -0.741914988 -0.439101011 -0.987905979 0.102496997 -0.116347 -0.298514992 0.954282999 -0.0152770001 0.858403981 0.227478996 0.459778011 0.580394983 -0.768785 -0.268537015 0.384099007 -0.92057699 -0.070747003 0.792446971 -0.387015015 0.471430987 0.507831991 -0.715757012 -0.479373991 -0.749831975 -0.531246006 -0.394371986 -0.990781009 0.135460004 0.00187799998 -0.0582479984 0.89457798 0.443100005 0.683813989 0.453952998 0.571249008 0.995190024 -0.0940999985 0.0272550005 0.954312027 -0.263042986 0.141763002 0.804642975 0.403780997 0.435328007 0.973912001 0.067028001 -0.216800004 0.309765995 -0.679696977 -0.664873004 -0.821663976 -0.541288972 -0.178534001 -0.821905017 0.337374002 0.458965987 0.101039 0.867200971 0.487598985 0.890748024 0.447212994 0.0810440034 0.866109014 0.404623985 0.293485999 0.772862017 0.568967998 -0.280995995 0.855463028 0.168005005 -0.489854991 0.304562986 -0.703884006 -0.641707003 -0.71559 -0.684840024 0.137571007 -0.690926015 0.146854997 0.707853019 0.719380975 0.651044011 0.242139995 0.683354974 0.723944008 -0.0945049971 0.579198003 0.76394099 -0.284471005 0.73150003 0.247851998 -0.63519901 0.719416022 0.204658002 -0.663743973 0.248219997 -0.72262001 -0.645141006 -0.653241992 -0.668648005 0.35522601 -0.402595013 0.580222011 0.707997024 -0.236669004 0.675872982 0.697984993 0.57841599 0.674840987 -0.458285004 0.585972011 0.235152006 -0.775461972 0.572678983 0.197521001 -0.795628011 0.0619749986 -0.786136985 -0.614937007 -0.615450025 -0.571839988 0.542420983 -0.543219984 -0.55339098 0.631403029 -0.0879369974 0.597352982 0.797142982 0.533371985 0.684342027 -0.497182012 0.470604002 0.252981007 -0.845300972 0.447019994 0.121201001 -0.886274993 -0.129776999 -0.818157017 -0.560157001 -0.205987006 -0.820978999 -0.532504976 -0.497308999 -0.572524011 0.651844025 0.0663890019 0.630020022 0.773736 0.505082011 0.659615993 -0.556595027 0.408463001 0.280660003 -0.868555009 0.351713985 0.117454998 -0.928709984 0.269030005 0.102038004 -0.957710981 -0.185248002 -0.68463999 -0.704948008 -0.46092701 -0.679934025 0.570294023 0.167564005 0.639726996 0.750114024 0.481337994 0.702373028 -0.524390996 0.313796014 0.204335004 -0.927242994 0.200719997 0.209235996 -0.957042992 0.174425006 0.237535998 -0.95559001 -0.253794998 -0.619109988 -0.74316299 -0.360006988 -0.621610999 0.69569701 0.196236998 0.473012 0.858923972 0.495600998 0.739113986 -0.456169009 0.514034986 0.855629981 -0.0605410002 0.170050994 0.40695399 -0.897480011 0.0813559964 0.294187009 -0.952278972 -0.39360401 -0.62778002 -0.671540976 -0.330394 -0.664421976 0.670360029 0.116902001 0.150039002 0.981745005 0.211111993 0.0473250002 0.976315975 0.541369975 0.840529025 -0.0207260009 0.124819003 0.471414 -0.873035014 -0.0186100006 0.366126001 -0.930378973 -0.508345008 -0.560042977 -0.654169023 -0.324773014 -0.723919988 0.608655989 -0.259873986 -0.783165991 0.564903021 0.257124007 -0.102068998 0.960973024 0.574643016 0.80330199 0.156497002 0.0783239976 0.62963903 -0.772930026 -0.148591995 0.431405991 -0.889837027 -0.56683898 -0.582315028 -0.582755029 0.405815989 -0.792784989 -0.454759002 0.0234680008 -0.776745021 0.629378021 0.523719013 -0.369385004 0.767641008 0.61677599 0.637068987 -0.462309986 0.309953988 0.665435016 -0.679060996 0.0515859984 0.285414994 -0.957014978 0.304701 -0.950727999 -0.0572060011 0.323583007 -0.472142994 -0.819984972 0.689320982 0.556577027 -0.463744015 0.135631993 0.0134460004 0.990667999 -0.216693997 -0.930706978 0.294667006 0.481447995 0.116989002 0.868632019 0.236016005 0.246689007 -0.939915001 0.385053992 0.502067983 -0.774378002 -0.221726 -0.417741001 -0.881096005 0.190383002 0.872415006 -0.450163007 0.327868998 0.895951986 0.299618989 0.429993004 0.900403023 -0.0661809966 0.124995999 0.0291620009 0.991729021 -0.293572992 -0.828728974 0.47646901 0.0131339999 0.503125012 -0.864113986 -0.369731009 -0.558423996 -0.742604971 0.0602639988 0.398456007 -0.915206015 0.218842998 0.632538021 -0.74296999 0.265062004 0.471186996 -0.841264009 0.468401998 0.87550801 -0.11868 0.0906890035 0.163562 0.982356012 -0.375476003 -0.718813002 0.585085988 -0.328015 -0.618912995 -0.713689029 0.180617005 0.329703003 -0.926645994 0.270767003 0.300054014 -0.914686978 0.282676995 0.376760006 -0.882125974 0.497933 0.808560014 -0.313515991 -0.00348900002 0.184220001 0.982878983 -0.415753007 -0.663568974 0.621953011 -0.266294003 -0.697094023 -0.665692985 -0.211364999 -0.682334006 -0.699818015 0.364740998 0.349270999 -0.863117993 0.304978997 0.230263993 -0.924103022 0.548573017 0.780106008 -0.300835013 -0.108257003 0.161470994 0.980921984 -0.468818009 -0.628184974 0.620962024 -0.50889802 -0.618400991 0.598834991 -0.108162999 -0.696213007 -0.709639013 0.452418 0.317586005 -0.833341002 0.403055012 0.218452007 -0.888720989 0.536261976 0.829976976 -0.153500006 -0.157930002 0.247384995 0.955959976 -0.223692 0.346958995 0.910813987 -0.577162027 -0.589917004 0.564696014 -0.0836019963 -0.741388977 -0.665848017 0.559230983 0.296562999 -0.774151981 0.555446982 0.317364007 -0.768608987 0.504391015 0.863403976 -0.0111090001 0.510231972 0.859183013 0.0383079983 -0.322912991 0.439018011 0.838445008 -0.683839977 -0.538322985 0.492516011 -0.0170680005 -0.77551502 -0.631098986 0.673011005 0.225450993 -0.704433978 0.691102982 0.415513009 -0.591376007 0.780701995 0.40644899 -0.474662006 0.444002002 0.884223998 0.144951999 -0.406715989 0.47280401 0.781688988 -0.736903012 -0.547861993 0.396005988 0.139066994 -0.790556014 -0.596391022 0.779833972 0.228282005 -0.58287698 0.918228984 0.242586002 -0.313062996 0.839245021 0.522369981 -0.150990993 0.645045996 0.753804028 0.125283003 -0.77651 0.0361750014 0.62906599 -0.811594009 -0.563193023 0.155337006 0.170307994 -0.723850012 -0.66860801 0.991029024 0.0154240001 -0.132756993 0.293134987 -0.695861995 -0.655628026 0.856190026 0.478024989 0.196040004 0.561720014 0.720381975 0.40684101 -0.813754976 0.396643013 0.424825013 -0.864647985 -0.460458994 -0.200899005 -0.0513920002 -0.792204976 -0.608087003 0.916182995 -0.352335006 -0.190965995 -0.850112021 -0.406948 -0.334221005 0.851086974 0.37439701 0.368074 0.285921991 0.789362013 0.543281972 -0.858649015 0.459636003 0.226841003 -0.848622024 -0.453382999 -0.272551 -0.210814998 -0.827391028 -0.520559013 0.794093013 -0.607502997 -0.0188669991 -0.942426026 0.334345996 -0.00677999994 0.75821501 0.390969008 0.521779001 0.0797950029 0.859108984 0.505533993 -0.832526028 -0.137262002 -0.536713004 -0.324146003 -0.673869014 -0.663950026 0.79509598 -0.459250987 0.396120012 -0.178854004 0.980041027 0.0867760032 0.686281979 0.320982009 0.652677 -0.435265005 0.132347003 -0.890522003 0.384052992 -0.671476007 -0.633737981 0.846848011 0.521319985 0.105236001 -0.0871400014 0.522221982 -0.848345995 0.680761993 0.732146978 -0.0228930004 0.486907005 -0.428189993 0.761298001 0.698037982 0.710164011 0.0917090029 0.569213986 0.789626002 -0.229100004 0.59215802 -0.485904992 0.642841995 -0.328476995 0.585354984 -0.741258025 -0.613355994 0.570972979 -0.545696974 0.355976999 -0.398534 0.845251977 -0.635142982 -0.76424998 -0.111873001 -0.751838028 -0.659080982 -0.0187650006 0.681990981 0.658372998 0.318484992 -0.131025001 0.651580989 -0.747178018 0.511242986 0.784574986 -0.350816011 0.707346022 -0.580484986 0.403360009 -0.737343013 0.578082025 -0.349494994 -0.694145024 -0.706466973 0.138086006 -0.842204988 -0.175019994 -0.509959996 -0.919077992 -0.322631001 -0.226285994 -0.979613006 -0.200735003 -0.00795799959 0.0870700032 -0.521191001 0.848986983 -0.64607197 -0.724488974 -0.240225002 -0.619385004 -0.26423201 -0.739286005 -0.707395971 -0.146752998 -0.691415012 0.626564026 0.638037026 0.447577 -0.013204 0.705891013 -0.708198011 0.771598995 -0.55776298 0.305833995 0.518404007 0.744401991 -0.420859009 -0.78687501 0.542985022 -0.293249011 -0.617751002 -0.725068986 0.304399997 -0.960323989 -0.250992 0.121578999 -0.502497017 -0.766833007 0.399329007 -0.208572 -0.832152009 0.513830006 -0.629777014 -0.682619989 -0.370689005 -0.572341025 -0.359946996 -0.736792028 -0.0602639988 0.567263007 -0.821328998 0.0781899989 -0.294449002 0.952462971 0.56794697 0.800108016 0.193038002 0.903330028 -0.408778995 0.129976004 0.606445014 0.636252999 -0.476871997 -0.645586014 0.724268019 -0.242186993 -0.957337976 -0.160326004 0.240415007 -0.422764003 -0.768200994 0.480769008 -0.56438899 -0.705238998 -0.429071993 -0.490920007 -0.406792015 -0.770401001 0.0297250003 0.446009994 -0.894533992 -0.547568977 -0.684167981 -0.481750011 -0.338806003 -0.62598598 0.702390015 0.531167984 0.688677013 0.493542999 0.633898973 -0.769352019 0.079173997 0.29392001 0.768759012 -0.567997992 -0.670686007 0.741712987 0.00645000022 -0.875828981 -0.00545400009 0.48258999 -0.377710015 -0.43147701 -0.819244981 0.138998002 0.462085992 -0.875873983 -0.314199001 -0.454070002 -0.833727002 -0.510151029 -0.793388009 -0.33208701 -0.0894559994 -0.281585008 0.955357015 0.45936799 0.752849996 0.471377999 -0.190917 -0.980482996 0.0469360016 0.505442023 0.438466012 -0.743152022 -0.524103999 0.818057001 0.236851007 -0.801402986 -0.0718249977 0.593796015 0.188464999 0.420605987 -0.887452006 0.343717992 0.266548008 -0.900449991 -0.256397009 -0.464087009 -0.847869992 -0.391393989 -0.912428021 -0.119523004 -0.134365007 -0.308223993 0.941776991 0.378601998 0.786738992 0.48754701 -0.358743995 -0.621684015 0.696283996 0.953813016 0.270601988 -0.130444005 0.091388002 0.928120017 0.360888988 -0.367455989 0.38241601 0.847782016 0.391990006 -0.347864985 -0.85166502 0.944238007 0.313439995 0.100850999 -0.082667999 -0.647912979 -0.757215023 0.328478009 -0.93313098 -0.146182001 0.314727008 -0.144854993 0.938063979 -0.173767999 -0.776917994 0.605148017 0.837719023 -0.544475973 0.0421149991 -0.814844012 -0.241451994 0.527001023 -0.810468972 -0.553891003 0.190645993 0.587704003 -0.644037008 0.489713997 -0.904495001 -0.333229989 0.266171008 0.953450978 -0.29409799 0.0666169971 0.471790999 -0.85313201 -0.222661003 0.736869991 0.423666 -0.526811004 0.656241 0.407929987 -0.634777009 -0.459454 -0.386732012 0.799588025 -0.971405983 -0.168496996 0.167270005 -0.860274017 0.501441002 -0.0921190009 -0.0694850013 0.994141996 -0.082787998 0.0310960002 0.904699981 -0.424914002 -0.512639999 0.0857150033 0.854314983 -0.728263021 0.266665995 -0.631286025 -0.415899992 -0.902041972 0.115525998 -0.968779981 0.157233 -0.191688001 0.951803029 -0.102293 0.289148003 0.995285988 -0.0477939993 0.0843920037 -0.851831019 0.47103399 -0.229154006 0.878121972 0.341201991 -0.335386008 0.152339995 -0.82901901 0.538070023 0.772256017 0.133802995 0.621061981 0.303415 0.893733025 0.330426008 0.276326001 0.821036994 -0.499541014 0.592163026 0.805157006 -0.0326370001 0.573947012 0.817210972 0.0524480008 -0.458315015 0.440279007 -0.772076011 0.694526017 -0.221386001 0.684558988 -0.683158994 -0.68057102 -0.264797002 0.209674999 0.86017102 -0.464910001 0.918703973 0.306446999 0.249145001 0.924691021 0.366685003 -0.102412 0.757070005 0.459931999 0.46401301 0.828562975 0.543806016 0.133260995 0.694018006 0.435959011 0.572956026 0.504633009 0.862739027 0.0320479982 -0.370655 0.394032001 -0.841042995 -0.0606429987 -0.862187028 0.502946973 0.79498899 0.297984004 0.528392971 -0.661792994 -0.516587019 -0.543294013 0.661064982 0.189316005 0.726052999 0.546859026 0.259745985 0.795912981 0.58248502 0.41256699 0.700356007 0.512310982 0.832890987 0.209355995 -0.266678005 0.293282986 -0.918078005 -0.578685999 -0.559177995 -0.593668997 0.0192649998 -0.743809998 0.668112993 -0.0698349997 -0.692009985 0.718501985 0.442867994 0.311475009 0.840744972 0.432783008 0.29014799 0.85352999 0.498297006 0.802152991 0.329014003 -0.183892995 0.191652998 -0.964080989 -0.500145018 -0.655616999 -0.565705001 -0.457599998 -0.637458026 -0.619879007 -0.159613997 -0.690684974 0.705320001 0.362520009 0.323982 0.873849988 0.289218009 0.196373001 0.936905026 0.478790998 0.832311988 0.279314011 -0.110247999 0.156632006 -0.981485009 -0.00278700003 0.199506 -0.979893029 -0.409159005 -0.639855027 -0.650518 -0.230765998 -0.673994005 0.701768994 0.253814995 0.294725001 0.921257973 0.226682007 0.262542009 0.937915981 0.460570008 0.869991004 0.176045999 0.447427988 0.887947023 0.106573999 0.0547300018 0.161039993 -0.985428989 -0.352364004 -0.722545028 -0.594784975 -0.268512994 -0.612024009 0.743860006 0.159400001 0.308824003 0.937667012 0.233085006 0.443890005 0.865235984 0.176797003 0.579986989 0.795208991 0.398968011 0.911226988 -0.102417 0.127354994 0.0816230029 -0.988493025 -0.288296014 -0.815979004 -0.501062989 -0.312884003 -0.54104197 0.780625999 0.0596849993 0.403533012 0.913016021 0.0360389985 0.566578984 0.823219001 0.184121996 0.810643971 0.555837989 0.332354009 0.894096971 -0.300217986 0.118743002 -0.00960600004 -0.992878973 -0.235047996 -0.932493985 -0.274239004 -0.230878994 -0.366908014 0.901151001 0.430031002 0.00747800013 0.902782977 0.165266007 0.653186977 0.738941014 0.227329999 0.86352402 0.45016399 0.562906027 0.808830976 0.170086995 0.628620982 -0.568017006 -0.531217992 0.107579999 -0.979462028 0.170528993 -0.141712993 -0.637796998 0.757054985 0.277011007 -0.859975994 0.428609997 0.682888985 -0.0570180006 0.728294015 0.345625997 0.341895014 0.873871028 -0.275346994 -0.553560972 0.785973012 0.968527019 0.156630993 -0.193445995 0.135940999 -0.39616701 -0.908059001 -0.379586995 -0.865278006 0.327425003 0.455727994 0.769061983 -0.448170006 0.451435 0.752071023 -0.480203986 0.198266998 0.424071997 0.883659005 -0.335372001 -0.465137988 0.819251001 -0.221612006 -0.245883003 -0.943625987 -0.534129977 -0.808153987 0.248177007 0.507573009 0.725203991 -0.465240985 -0.145113006 -0.329953015 -0.932776988 0.148303002 0.397709996 0.905445993 -0.366331011 -0.425543994 0.827475011 -0.549015999 -0.71765703 0.428427011 0.581708014 0.738946974 -0.339960992 -0.224731997 -0.485116005 -0.845079005 0.0391630009 0.44077 0.896764994 -0.474658012 -0.382436991 0.792743027 -0.611366987 -0.688790023 0.389613986 0.596719027 0.723771989 -0.346525997 0.00216499995 -0.543376982 -0.839486003 0.00319999992 0.591843009 0.806047022 -0.592550993 -0.342774004 0.728964984 -0.600014985 -0.689006984 0.406511009 0.695424974 0.599157989 -0.396728992 0.0805009976 -0.593976021 -0.80044502 -0.0278489999 0.636488974 0.770783007 -0.610728979 -0.262629002 0.74701798 -0.651867986 -0.661454976 0.370871991 0.706651986 0.685083985 -0.176927 0.378212005 -0.348560989 -0.85759002 0.00561199989 -0.654329002 -0.756188989 -0.114844002 0.598114014 0.793139994 -0.69729501 -0.189717993 0.691222012 -0.716356993 -0.685366988 0.130783007 0.730596006 0.682711005 -0.0115949996 0.479712993 -0.434450001 -0.762318015 -0.719018996 -0.693865001 -0.0395330004 -0.316689998 0.569316983 0.758674026 -0.829277992 -0.204367995 0.520126998 0.651719987 0.738996983 0.170718998 0.625464976 -0.487549007 -0.609170973 -0.681541979 -0.696865022 -0.223337993 -0.944088995 -0.230069995 0.236141995 -0.660741985 0.476087004 0.580312014 0.64052999 0.694396973 0.327924997 0.731083989 -0.539519012 -0.417654991 -0.628224015 -0.712979019 -0.311441004 -0.979884028 -0.196666002 0.0339079984 -0.749647021 0.541257977 0.380878001 0.286662996 0.852944016 0.436246008 0.716264009 -0.630021989 -0.300065011 0.961974025 -0.268978 -0.0475080013 -0.554778993 -0.731227994 -0.396896005 -0.975413024 -0.199472994 -0.0936980024 -0.787765026 0.547653973 0.281960994 0.525696993 0.643293023 0.556612015 -0.293359011 -0.788419008 -0.540679991 -0.299879998 -0.691451013 -0.657242 0.776856005 -0.618947983 0.115745999 -0.977723002 -0.0771740004 -0.195197001 -0.654748023 0.680904984 0.328137994 0.391591996 0.684660971 0.614732027 -0.883113027 -0.00229500001 -0.469154 -0.759481013 0.0953719988 -0.643500984 -0.334933013 -0.796334982 -0.50365603 0.569194019 -0.59898001 0.563242018 -0.752731979 0.643871009 -0.137205005 0.191389993 0.864686012 0.464421988 -0.528612018 0.815998018 -0.233913004 -0.408048987 0.152012005 -0.900215983 -0.105103999 0.891366005 -0.440930009 0.244646996 -0.645823002 -0.723228991 0.866117001 -0.437745005 0.241289005 0.793927014 0.584506989 0.167429 0.218145996 0.938497007 0.267646998 0.125218004 0.968589008 -0.214838997 -0.841750026 0.48456499 0.238020003 0.087706998 0.996106982 -0.00882199965 0.909570992 -0.0760089979 0.408538014 0.0344800018 0.938974023 -0.342254996 0.996636987 0.0819239989 0.00178199995 -0.900790989 0.39419201 -0.182173997 -0.880872011 -0.389762014 0.268606991 -0.881217003 -0.250395 0.400947005 -0.781708002 0.418379992 0.462484002 0.129191995 0.989068985 0.0710780025 0.936703026 0.190909997 -0.293496996 0.216123 -0.723792017 0.655299008 0.807765007 0.230702996 0.542487025 0.418063015 -0.770919979 0.480526 0.0950519964 0.905116975 -0.414402008 -0.696972013 0.507210016 -0.50691998 0.666990995 -0.726785004 0.164029002 -0.692305982 -0.713428974 0.108309001 -0.00445100013 -0.968053997 -0.250701994 -0.065305002 -0.99773401 -0.0161850005 -0.345196009 -0.624558985 0.700546026 -0.654653013 0.105198003 0.748574018 -0.599960029 0.495065004 0.62845701 0.852963984 -0.0258419998 -0.521329999 0.200782999 0.613771021 0.763526022 0.477797002 -0.874778986 -0.080453001 -0.564845979 -0.799046993 -0.206091002 0.122741997 -0.688708007 0.714573026 -0.673524022 -0.706121981 -0.218532994 0.629481018 0.190467998 0.753310025 -0.320760012 -0.932677984 0.165000007 0.232948005 0.933565021 -0.272381008 -0.491530001 0.500522017 -0.712653995 -0.907500982 -0.0297250003 -0.41899699 0.528513014 -0.704500973 -0.473657995 0.68254298 -0.701228023 0.205947995 0.916450977 -0.23308 -0.325255007 -0.410138994 0.0918240026 -0.907388985 -0.495602012 -0.783461988 -0.374920011 -0.499137998 0.227299005 -0.836179018 0.00737999985 -0.680990994 0.732254028 -0.658477008 0.235624 -0.714765012 0.483493 0.250889003 0.838624001 0.211774006 0.920515001 -0.328334987 -0.367668003 0.454055011 -0.811574996 -0.105913997 0.43088001 -0.896171987 -0.278373986 -0.109621003 -0.95419699 -0.244988993 0.457919002 -0.854569972 -0.374873012 -0.901507974 -0.216224998 0.0193029996 -0.51414597 0.857484996 0.329129994 0.331972986 0.884006023 0.251278996 0.939613998 -0.232345 0.220119998 0.956237972 -0.192761004 0.078515999 0.464922011 -0.881862998 -0.109131999 -0.124089003 -0.986250997 -0.268487006 -0.95025599 -0.157885998 -0.110807002 -0.545841992 0.830528975 0.182115003 0.45262301 0.872906983 -0.122225001 0.406264007 0.905544996 0.212007001 0.971870005 -0.102573 0.28323099 0.520559013 -0.805480003 0.132374004 -0.0885820016 -0.987233996 -0.149981007 -0.870508015 -0.468744993 -0.277732998 -0.641969979 0.714659989 -0.392318994 -0.644813001 0.655973971 -0.195894003 0.579424977 0.791134 0.380023986 0.857976973 -0.345625013 0.445169985 0.489746004 -0.749648988 0.38045001 0.128454 -0.91583699 0.109324999 -0.768859029 -0.630002975 0.162185997 -0.862766027 -0.478884012 -0.577722013 -0.566555977 0.587581992 -0.206777006 0.784730971 0.584327996 0.519635022 0.74891299 -0.411228001 0.58543998 0.505580008 -0.633756995 0.595009983 0.0841320008 -0.799302995 0.759406984 -0.168698996 -0.62836498 0.0287120007 -0.942274988 -0.333608001 -0.781710029 -0.375470996 0.497947007 -0.231846005 0.908285022 0.348233014 0.630452991 0.721174002 -0.287120998 0.794667006 0.403645009 -0.453404009 0.906172991 0.336113989 -0.256669015 0.861509025 -0.196961999 -0.467981994 0.0296599995 -0.945581019 -0.324030995 -0.885230005 -0.381072015 0.266743988 -0.790414989 0.470842004 0.391856998 0.241830006 0.949241996 0.201140001 0.362062991 0.868884981 0.337563992 0.713514984 -0.145649001 0.685334027 0.968614995 -0.224408001 -0.106894001 0.0347840004 -0.835138977 0.548937976 -0.657234013 -0.373870999 0.654419005 -0.744288981 0.164895996 0.647180974 0.807138979 0.346471012 -0.477999985 -0.383231997 -0.295688987 -0.875043988 -0.786611021 0.264070988 -0.55813098 -0.138503 0.987004995 -0.0814710036 0.670903981 -0.625518978 -0.398261994 0.843437016 -0.121260002 0.523365021 0.0560230017 0.868139029 0.493149012 -0.688763022 -0.634566009 -0.350614995 0.410234988 -0.901916981 -0.135104999 -0.915872991 0.398977011 -0.0446580015 0.885466993 0.0736090019 0.458835006 -0.0881469995 0.818090975 0.568293989 -0.943237007 0.330624014 -0.0314840004 -0.653373003 -0.59029901 -0.473973989 0.485386997 -0.847307026 -0.215568006 0.907662988 0.17498 0.381484002 -0.269852012 0.762081981 0.588567019 -0.981962979 0.171051994 0.080554001 -0.609605014 -0.659084022 -0.440443009 0.491299987 -0.784968019 -0.377424985 0.925024986 0.25910899 0.277835011 -0.304796994 0.701573014 0.644123018 -0.952335 0.185305998 0.242321 -0.735925972 -0.549934983 -0.394948989 0.51770103 -0.722213984 -0.458685994 -0.436342001 0.652261972 0.619805992 0.915709972 0.358128995 0.182258993 -0.88626802 0.172193006 0.42997399 -0.874588013 -0.445389986 -0.191634998 0.343692988 -0.681632996 -0.645950019 -0.835394025 0.0695289969 0.545235991 -0.363840997 0.567116976 0.738916993 0.952928007 0.300316989 -0.0416780002 -0.864889979 -0.501670003 -0.0170910005 0.295987993 -0.663156986 -0.687469006 -0.839474976 -0.539048016 0.0686229989 -0.771266997 0.0052720001 0.636488974 -0.156521007 0.551154971 0.819590986 0.92543298 0.32901299 -0.187947005 0.283349991 -0.559882998 -0.778616011 0.279251009 -0.50219202 -0.818426013 -0.788841009 -0.537890971 0.297325999 -0.73200202 -0.0509499982 0.679394007 0.338678986 0.617417991 0.709994018 0.887116015 0.422169 -0.186544999 0.870979011 0.219557002 -0.439532995 0.420545012 -0.710247993 -0.564526021 -0.205353007 -0.745904028 0.633606017 -0.0920189992 -0.126111001 0.987739027 0.932501018 0.00892299972 0.361057013 0.161997005 0.824748993 -0.541799009 0.892455995 0.347552001 0.287627995 0.858385026 0.0677129999 -0.508517027 -0.88221103 -0.134790003 -0.451148987 0.0323520005 0.506075025 -0.861881971 -0.823509991 -0.274168015 -0.496650994 0.120837003 0.758899987 -0.639898002 0.886695981 0.419149995 0.195151001 0.163741007 -0.760217011 0.628696024 0.478110999 -0.841781974 0.250622988 -0.407876998 -0.627843976 -0.662908971 0.126682997 -0.746002972 0.65378201 -0.0673480034 -0.725894988 0.684500992 -0.723985016 -0.442992002 -0.528774977 0.138832003 0.698242009 -0.702269971 0.863635004 0.390785009 0.318468988 0.73446101 0.419176012 0.533721983 -0.173271 -0.659075022 0.731845021 -0.698126972 -0.449344993 -0.557412028 0.169556007 0.741132021 -0.649595022 0.268032998 0.707363009 -0.654061019 0.604153991 0.490682989 0.627876997 -0.275290012 -0.559889972 0.781498015 -0.781231999 -0.215788007 -0.585757017 -0.642926991 -0.197327003 -0.740072012 0.336380988 0.629877985 -0.700073004 0.420861989 0.664180994 0.617850006 -0.472559988 -0.37292999 0.798505008 -0.521483004 -0.45055899 0.724604011 -0.470551014 -0.658483982 -0.587350011 0.282119989 0.332424998 -0.899945974 0.248702005 0.771399021 0.585739017 0.171019003 0.824788988 0.538958013 -0.52908802 -0.367532015 0.764844 -0.372942001 -0.862568974 -0.341890991 0.40792799 0.135799006 -0.902858019 0.646851003 -0.0357969999 -0.76177597 0.237931997 0.802295029 0.547459006 -0.593375981 -0.232142001 0.770722985 -0.314060003 -0.911921024 -0.264131993 -0.202893004 -0.923043013 -0.326844007 0.838967025 -0.0779379979 -0.538571 0.177782997 0.877111018 0.446170986 -0.649119973 -0.305112004 0.696814001 -0.760603011 -0.441307008 0.476163 -0.0606970005 -0.974299014 -0.216928005 0.865428984 -0.0766969994 -0.495126009 -0.127142996 0.910479009 0.393525004 -0.575132012 0.797854006 0.180699006 -0.804542005 -0.469424993 -0.363801986 -0.0461729988 -0.959599972 -0.277554989 0.919036984 0.0212910008 -0.393595994 0.837122977 -0.496841013 0.228853002 0.0761149973 0.913474977 -0.399711996 -0.875115991 0.0333600007 -0.482762009 -0.0632440001 -0.997530997 0.0305179991 -0.142701998 -0.822152019 0.551092029 0.958572984 -0.230599999 0.167214006 0.120453998 0.932273984 -0.341109008 -0.998206973 0.0519400015 0.0297539998 -0.956137002 -0.179141 -0.231754005 -0.133913994 -0.937659025 0.320721 0.390516013 -0.00069700001 -0.920596004 -0.339336991 0.760483027 -0.553637981 -0.723363996 -0.687722981 -0.0615039989 -0.784897029 -0.379478991 -0.489829004 -0.118288003 -0.960958004 -0.250135005 -0.554760993 -0.830070972 -0.0567670017 0.730612993 -0.494789988 0.470519006 -0.332747996 0.788362026 -0.517458975 -0.301286995 0.861158013 -0.409429014 -0.00897399988 0.307981998 -0.951349974 0.969470024 0.242438003 0.0367770009 -0.383509994 -0.922713995 -0.0389680006 0.701286018 -0.360599995 0.614952028 -0.314310014 0.781195998 -0.539390028 0.898060977 0.401834011 0.178927004 0.679103017 0.620510995 0.392154008 0.785854995 0.547701001 0.287151992 -0.213681996 -0.968149006 0.130490005 0.659189999 -0.134646997 0.739823997 -0.226964995 0.73814702 -0.635315001 0.569666982 0.653892994 0.497898996 0.566151023 0.0852119997 0.819885015 -0.175915003 -0.953297019 0.245516002 -0.068043001 0.612030029 -0.787901998 0.560253978 0.657247007 0.504123986 0.521063983 0.0546739995 0.851764977 -0.306169003 -0.915570021 0.260753989 0.00343999988 0.521508992 -0.853239 0.560177982 0.740988016 0.370319992 0.46320501 0.124257997 0.877497017 -0.467153013 -0.788091004 0.400849015 0.139836997 0.341248989 -0.929512978 0.523012996 0.798268974 0.298703998 0.245581999 0.487926006 0.83762598 -0.722523987 -0.547693014 0.421889007 0.31240201 0.0826399997 -0.946349025 0.494318008 0.845284998 0.202838004 0.0499509983 0.635869026 0.770178974 -0.734247029 -0.582563996 0.348569006 0.471365005 -0.0829820037 -0.878026009 0.529115975 0.827010989 0.189971 -0.0682820007 0.636740983 0.768049002 -0.798327029 -0.53946501 0.267677993 0.529148996 -0.34831199 -0.773743987 0.564287007 0.816051006 0.125061005 -0.177949995 0.744632006 0.643316984 -0.841929018 -0.516853988 0.154973999 0.64924401 -0.51148802 -0.562905014 0.669881999 0.738376021 0.0778419971 -0.295296997 0.806231022 0.512632012 -0.82257098 -0.559946001 0.0991830006 0.810069978 -0.469855011 -0.350746006 0.590851009 0.805926025 0.0371150002 -0.460541993 0.82842499 0.318769008 -0.634142995 -0.758574009 0.149763003 0.929935992 -0.35108 -0.109373003 0.398745 0.887956977 -0.229206994 -0.750329018 0.625741005 -0.213201001 -0.410643011 -0.897737026 0.159502 0.975582004 0.0426400006 0.215458006 0.162483007 0.919776022 -0.357226998 -0.722752988 0.485693008 -0.491661012 -0.505563021 -0.580761015 -0.638060987 0.922226012 -0.31665799 -0.221873 0.212147996 0.922538996 -0.322358012 -0.012445 0.62906599 -0.777252972 -0.442687988 0.622823 -0.645072997 0.921275973 0.260863006 0.288446009 0.852671027 -0.267233998 0.448929995 0.781307995 -0.207884997 -0.58850801 0.249917001 0.946983993 -0.201899007 0.84604001 0.154823005 -0.510143995 0.319498986 0.911557019 -0.258812994 0.84186703 0.237559006 0.48458901 0.742112994 -0.206576005 0.637647986 -0.212589994 -0.935248971 0.283046007 0.360190988 -0.890218973 -0.27887699 -0.708581984 -0.242146999 -0.662778974 -0.58582902 -0.170169994 -0.792367995 -0.810943007 0.435438991 -0.390850991 -0.192515999 0.792688012 -0.578432024 -0.701444983 0.325405002 -0.634101987 -0.61511302 0.102669001 -0.781726003 0.313795 0.925778985 -0.210867003 0.693177998 0.250952005 0.675668001 0.646413028 -0.125058994 0.752668977 -0.379058987 -0.889909029 0.253722996 -0.933166027 -0.166034997 -0.318800002 -0.836040974 -0.102968 -0.538918972 -0.713042021 -0.222949997 -0.664728999 -0.585424006 -0.375811011 -0.718362987 -0.484858006 0.0269600004 -0.874176979 0.260459006 0.959892988 -0.103757001 0.562255025 0.438356012 0.701223016 0.55825001 -0.0277650002 0.829208016 -0.347822994 -0.921823978 0.171053007 -0.298528999 -0.938410997 0.173971996 -0.350461006 -0.892625988 0.283542007 -0.438652009 -0.696322024 -0.568085015 -0.327991009 -0.0307160001 -0.944181025 0.233508006 0.957185984 -0.171083003 0.458627999 0.596404016 0.658758998 0.40685001 0.0935669988 0.908690989 0.106202997 0.200529993 0.973914027 -0.254132003 -0.51721102 0.817258 -0.393483013 -0.919315994 0.00530700013 -0.108240001 0.0211289991 -0.993900001 0.319573998 0.930198014 -0.180564001 0.297924012 0.674717009 0.675275981 0.102728002 0.712738991 0.693867028 -0.119663998 0.283831 0.951377988 -0.232608005 -0.00156999996 0.972568989 -0.455982 -0.834520996 0.309280992 0.125947997 -0.123635001 -0.984301984 0.409891009 0.856549025 -0.313547999 0.50919801 0.817035019 -0.270503014 0.0337660015 0.724810004 0.688121021 -0.233942002 0.383435011 0.893447995 -0.449530005 0.0405759998 0.892342985 -0.579035997 -0.808372974 0.106071003 0.253946006 -0.227580994 -0.940063 0.43126899 -0.253856003 -0.865773976 0.614920974 0.778761029 -0.124113999 -0.0985860005 0.706936002 0.700372994 -0.400016993 0.392468005 0.828224003 -0.566838026 0.115009002 0.815761983 -0.692731023 -0.707275987 0.141012996 -0.308759004 -0.857394993 -0.411754996 0.589877009 -0.322627008 -0.740240991 0.612568021 0.789749026 0.0325150006 -0.142058 0.760869026 0.633165002 -0.409148008 0.517260015 0.751691997 -0.685398996 0.160670996 0.710220993 0.165296003 -0.863079011 -0.477254003 -0.909376979 0.115255997 0.399688005 0.716750026 -0.471491009 -0.513776004 0.692916989 0.716723979 0.0785679966 -0.116279997 0.860619009 0.495795012 -0.658601999 0.527465999 0.536677003 -0.881269991 -0.437997013 -0.177543998 0.027392 -0.949795008 -0.311672002 -0.827479005 0.520591021 0.210389003 0.823459029 -0.544200003 -0.160503 0.777567983 0.598739982 0.192090005 -0.261296988 0.909171999 0.324238002 -0.691546023 0.70559603 -0.154592007 -0.920844018 -0.0293470006 -0.388826013 -0.0974759981 -0.995186985 -0.0101060001 -0.487248987 0.860601008 -0.148173004 0.88793999 -0.39251399 0.239782006 0.715728998 0.646366 0.264465988 -0.523306012 0.666217029 -0.531324029 -0.538967013 0.688224018 -0.485657007 -0.896942019 -0.261379987 -0.356615007 0.130610004 -0.936061025 0.326696992 0.444842994 0.895572007 0.00806799997 0.741780996 -0.35522899 0.56883502 -0.0277309995 0.580515027 -0.81377703 -0.369774997 0.736783981 -0.566052973 -0.515110016 0.525658011 -0.677012026 -0.61808902 -0.289189994 -0.730982006 0.306600988 -0.91099602 -0.275831014 0.960923016 -0.052104 0.271869987 0.826023996 0.297132999 0.478953004 0.723523021 -0.259638011 0.639611006 0.885406971 -0.159783006 -0.436489999 0.375660002 0.921670973 -0.096965 0.921900988 0.364369988 0.131659001 0.398988992 0.907236993 -0.133151993 0.746168017 0.264946014 0.61076802 0.571084023 -0.313250005 0.758773983 -0.342824012 -0.916413009 0.206542 0.325295001 -0.94540298 -0.0199260004 -0.524432003 -0.235910997 -0.818117976 -0.357977003 0.0552049987 -0.932097018 0.416182995 0.611676991 -0.672788024 -0.618960023 0.45777899 -0.638221979 -0.553656995 0.392015994 -0.734703004 -0.384786993 0.353008986 -0.852832019 0.389016002 0.92117101 -0.0105640003 0.569902003 0.228680998 0.789251029 0.384373009 -0.354544997 0.852382004 -0.395063996 -0.906903028 0.146463007 -0.840506971 -0.238836005 -0.486317992 -0.72992599 -0.350073993 -0.587074995 -0.586782992 -0.365889996 -0.722365022 -0.407290995 -0.300309986 -0.862513006 -0.205976993 0.334443986 -0.919631004 0.377817005 0.915646017 0.137287006 0.397204995 0.231769994 0.887980998 0.176958993 -0.380593985 0.907652974 -0.304583013 -0.943912029 0.127516001 -0.337047994 -0.937186003 0.0899000019 -0.333133012 -0.938073993 -0.0950810015 -0.190081999 -0.271530002 -0.943472981 0.0288430005 0.46667099 -0.883961022 0.303171009 0.870562971 0.387567014 0.150233999 0.199992001 0.968210995 -0.0221859999 -0.301818997 0.953106999 -0.271398991 -0.433564007 0.859282017 -0.328963012 -0.89993 -0.286197007 0.0247980002 -0.265989006 -0.963657022 0.245777994 0.535314023 -0.808103979 0.251792014 0.887870014 0.385080993 -0.0211139992 0.232996002 0.972248018 -0.245704994 0.1567 0.956595004 -0.409422994 -0.312173992 0.857275009 -0.303939015 -0.940526009 -0.151761994 0.208084002 -0.299881995 -0.931006014 0.406913012 0.573522985 -0.710981011 0.172563002 0.873863995 0.454513997 0.0779450014 0.853626013 0.51502198 -0.40861699 0.146770999 0.900828004 -0.52809602 -0.326884001 0.783747971 -0.279969007 -0.939121008 -0.199173003 0.358792007 -0.317440987 -0.877780974 0.546856999 0.564728975 -0.618085027 0.602074027 0.642009974 -0.47468999 -0.100189 0.80854702 0.579838991 -0.522719979 0.179184005 0.833460987 -0.629100025 -0.245121002 0.737663984 -0.301477998 -0.948781013 -0.0944800004 0.505141973 -0.265309989 -0.821244001 0.649388015 -0.271109998 -0.710488975 0.661086977 0.679987013 -0.317146003 -0.248751 0.804256976 0.539716005 -0.648216009 0.300267994 0.699752986 -0.759369016 -0.203223005 0.618108988 -0.258060008 -0.947179019 -0.190414995 -0.149533004 -0.938510001 -0.311190009 0.800064981 -0.347160995 -0.489259005 0.657859027 0.748833001 -0.0804369971 -0.321539015 0.862483025 0.390814006 -0.813892007 0.276315004 0.511107028 -0.914692998 -0.0914419964 0.393669009 -0.990773022 -0.135361999 -0.00682300003 -0.0747580007 -0.926409006 -0.369022012 0.818434 -0.51867801 -0.247262999 0.618441999 0.765735984 0.176570997 -0.283115 0.914444983 0.289198011 -0.930320024 0.331896991 0.156041995 -0.750298023 0.661098003 0.00156600005 -0.957639992 -0.00686099986 -0.28788501 -0.512862027 -0.75337702 -0.411576986 0.670901 -0.735445023 -0.0949359983 0.711061001 0.608788013 0.351810008 -0.0465699993 0.961534023 0.270707995 0.259734988 0.912892997 0.314904988 -0.554138005 0.799023986 -0.233435005 -0.760881007 0.555422008 -0.335509986 -0.822513998 -0.214627996 -0.526694 0.453125 -0.816519022 0.357735991 0.793506026 0.292807996 0.533491015 0.785450995 0.618098021 -0.0319700018 0.0416960008 0.966463983 -0.253396004 -0.292878985 0.505925 -0.811333001 -0.615004003 0.543187976 -0.571591973 -0.621459007 -0.326380014 -0.71222502 0.951088011 -0.242932007 -0.190830007 0.703922987 0.227645993 0.672806978 0.557856023 -0.466989994 0.686088026 0.954896986 -0.0955860019 -0.281132013 0.644378006 0.65131402 0.400707006 0.912593007 0.322678 0.251103014 0.27263999 0.962068021 0.00962499995 0.557238996 0.339760989 0.757659018 0.491883993 -0.251399994 0.833576024 -0.501397014 -0.864781022 0.0274759997 0.419292003 -0.84898001 -0.321601987 -0.336632997 0.169511005 -0.926253021 -0.144951999 0.461620986 -0.875154018 0.746653974 0.606925011 -0.272303998 -0.206084996 0.852627993 -0.480159998 -0.296034008 0.548187017 -0.782212019 -0.217814997 0.524886012 -0.822830975 0.336881995 0.93898499 0.0694060028 0.487511992 0.386278003 0.783020973 0.350472987 -0.205450997 0.91376102 -0.385434985 -0.914487004 0.123094998 -0.76098001 0.0438279994 -0.647292972 -0.558251977 -0.0226109996 -0.829364002 -0.441399992 -0.0404109992 -0.896399975 -0.32675001 -0.0594809987 -0.943237007 -0.0107549997 0.53569603 -0.844343007 0.407990009 0.912986994 0.000456999987 0.406614006 0.408113003 0.817378998 0.144252002 -0.268566996 0.952399015 -0.397347987 -0.917562008 0.0139899999 -0.500328004 -0.849013984 -0.169845 -0.469684988 -0.841030002 -0.268447995 -0.121570997 -0.107339002 -0.986761987 0.159327999 0.428622991 -0.889324009 0.457569003 0.883302987 -0.102015004 0.306791991 0.474112988 0.825285017 -0.124194004 -0.394657999 0.91039598 -0.300992012 -0.373246014 0.877547979 -0.410349995 -0.88844198 -0.205631003 0.0749680027 -0.146899998 -0.986306012 0.326790005 0.403216004 -0.854766011 0.447517008 0.891794026 0.0665699989 0.107056998 0.472155988 0.874989986 -0.0656699985 0.496711999 0.865427971 -0.410650998 -0.261848003 0.873385012 -0.349985987 -0.927004993 -0.134802997 0.207165003 -0.242962003 -0.947655976 0.448590994 0.450655013 -0.771800995 0.314200014 0.916499972 0.247600004 0.187150002 0.918379009 0.348646998 -0.236842006 0.495481998 0.835705996 -0.491751999 -0.168522 0.854272008 -0.325637013 -0.941218972 -0.0898220018 0.305249989 -0.357060999 -0.882797003 0.528744996 0.58743602 -0.612657011 0.624575019 0.486654013 -0.610796988 0.202379003 0.940086007 0.274374992 -0.357591987 0.476357013 0.803251028 -0.611967027 -0.135416999 0.779204011 -0.317849994 -0.941724002 -0.110123999 0.416079998 -0.389407992 -0.821730018 0.588518977 -0.343452007 -0.731905997 0.700013995 0.472970992 -0.535049975 0.0889030024 0.953007996 0.289606005 -0.496470004 0.522903979 0.692884982 -0.746164978 -0.258040011 0.613721013 -0.221031994 -0.955305994 -0.196303993 -0.134198993 -0.929126024 -0.34455201 0.766156971 -0.440551996 -0.467886001 0.926882029 0.0514580011 -0.371807992 0.387681991 0.914678991 0.114306003 -0.66089499 0.541694999 0.519407988 -0.916356027 -0.237329006 0.322438985 -0.969168007 -0.234507993 -0.0756300017 0.310678005 -0.86994803 -0.382973999 0.786010981 -0.567983985 -0.244093001 0.988758028 -0.101001002 -0.110252999 0.573580027 0.777801991 0.256965011 -0.747120023 0.611405015 0.260758996 -0.862600029 0.505420029 -0.0217119996 -0.730527997 -0.521348 -0.441049993 0.0892769992 -0.947751999 -0.306261986 0.673766971 -0.738705993 0.0187229998 0.959190011 -0.245196 0.140830994 0.429322988 0.802236974 0.414846003 -0.163770005 0.901750028 0.400032997 -0.888233006 0.268197 -0.372978002 -0.774879992 -0.459551007 -0.434020996 -0.299210995 -0.941995025 -0.152044997 0.851494014 -0.285609007 0.439756006 0.783769011 -0.400584996 0.474592 0.820066988 -0.0669379979 -0.56833899 -0.0423620008 0.782678008 -0.620983005 -0.714097977 0.192802995 -0.672972023 -0.336813003 -0.114198998 -0.934620976 0.505065024 -0.663936019 -0.551451981 0.739567995 -0.223317996 0.634954989 0.122741997 -0.688708007 -0.714573026 0.00737999985 -0.680990994 -0.732254028 -0.495602012 -0.783461988 0.374920011 0.155848995 -0.75661099 -0.635020018 0.792677999 0.343984991 -0.503323972 -0.598631024 -0.768158019 0.227099001 0.551299989 -0.0376299992 -0.833458006 0.483493 0.250889003 -0.838624001 0.0193029996 -0.51414597 -0.857484996 -0.374873012 -0.901507974 0.216224998 -0.410138994 0.0918240026 0.907388985 -0.278373986 -0.109621003 0.95419699 -0.763504982 -0.515694022 0.388740987 0.390145004 -0.792107999 -0.469415992 0.909570992 -0.0760089979 -0.408538014 0.0344800018 0.938974023 0.342254996 -0.0376069993 0.872968972 0.486324012 0.275799006 0.92663902 0.255488992 -0.493992001 0.206827998 0.844507992 0.329129994 0.331972986 -0.884006023 0.211774006 0.920515001 0.328334987 -0.110807002 -0.545841992 -0.830528975 -0.268487006 -0.95025599 0.157885998 -0.109131999 -0.124089003 0.986250997 -0.105913997 0.43088001 0.896171987 -0.244988993 0.457919002 0.854569972 0.078515999 0.464922011 0.881862998 -0.910520971 -0.0113690002 0.413305998 -0.489517987 0.504517019 0.71122098 -0.162481993 -0.943570971 -0.288571 -0.367850989 0.45411101 0.811460972 0.666990995 -0.726785004 -0.164029002 0.997150004 0.0754380003 -0.000953999988 0.114168003 0.968819976 0.219894007 -0.696972013 0.507210016 0.50691998 -0.900790989 0.39419201 0.182173997 0.251278996 0.939613998 0.232345 0.182115003 0.45262301 -0.872906983 -0.277732998 -0.641969979 -0.714659989 -0.149981007 -0.870508015 0.468744993 0.132374004 -0.0885820016 0.987233996 0.28323099 0.520559013 0.805480003 0.220119998 0.956237972 0.192761004 0.212007001 0.971870005 0.102573 -0.658994973 -0.748027027 -0.0786210001 0.570412993 -0.810003996 0.136098996 0.940760016 0.176535994 0.289492995 0.0958829969 0.995334983 0.0107340002 -0.846301973 0.477733999 -0.235675007 -0.912003994 -0.277166992 -0.302370012 -0.122225001 0.406264007 -0.905544996 -0.392318994 -0.644813001 -0.655973971 0.109324999 -0.768859029 0.630002975 0.38045001 0.128454 0.91583699 0.445169985 0.489746004 0.749648988 0.380023986 0.857976973 0.345625013 -0.195894003 0.579424977 -0.791134 -0.126984 -0.988337994 -0.0840419978 0.852963984 -0.0258419998 0.521329999 0.547430992 -0.706589997 0.448385 0.141108006 0.987259984 -0.0735249966 -0.781515002 0.419075012 -0.462181002 -0.849884987 -0.370270997 -0.374958992 -0.577722013 -0.566555977 -0.587581992 0.162185997 -0.862766027 0.478884012 0.595009983 0.0841320008 0.799302995 0.586179018 0.495460987 0.641023993 0.462352991 0.816770971 0.34513101 -0.198249996 0.784156024 -0.588045001 0.0150359999 -0.967321992 0.253104001 0.350255996 0.750921011 -0.559855998 0.916450977 -0.23308 0.325255007 0.569190979 -0.279830009 -0.773120999 -0.427780986 0.498780996 -0.753804028 -0.599642992 0.096845001 -0.794386029 -0.413668007 -0.839788973 -0.351617008 -0.830343008 -0.345768005 -0.43700701 0.183549002 -0.910696983 0.370056003 0.777076006 -0.178970993 0.603425026 0.837870002 0.326373994 0.437552989 0.117412001 0.975097001 -0.188151002 -0.29974401 -0.928207994 0.220414996 -0.786121011 -0.604355991 -0.129486993 -0.906636 -0.289545 -0.306878 -0.903847992 0.047722999 -0.425184011 0.804033995 -0.341336012 0.486844987 0.738137007 -0.443185002 0.508665979 0.914928973 -0.000545000017 0.403616011 0.798345029 0.585150003 0.142286003 0.901767015 0.33427 0.274008006 0.251468003 0.939346015 -0.233224005 -0.659002006 0.562650979 -0.499139011 0.213887006 -0.890277028 -0.402069002 -0.646071017 -0.356135994 -0.675099015 -0.414126992 0.329596996 -0.848447978 0.924767971 -0.30113399 0.232641995 0.798072994 -0.0882999972 -0.596054971 0.703890979 0.662944973 -0.255032986 0.493041009 0.869231999 0.0366959982 0.470454991 0.403079987 0.784982979 -0.867040992 0.399082005 0.298283994 -0.829545975 0.504503012 0.239436999 0.581520975 0.806123972 0.109530002 0.790126026 -0.456521988 -0.409009993 0.893499017 -0.0294749998 0.448096007 0.919004023 -0.183873996 0.348742992 -0.638993979 -0.759361982 0.122703001 -0.963944018 -0.235207006 0.124458 0.89151299 0.166309997 0.421360999 0.911032975 0.246813998 0.33030501 -0.510819972 -0.846934021 -0.147531003 -0.586758971 -0.74860698 -0.308710009 -0.749716997 -0.526000977 -0.401556998 -0.920966983 0.35560599 0.159260005 0.749866009 -0.494410992 -0.439612001 0.723002017 0.689273 0.0465909988 -0.412463009 -0.904111028 0.111616001 0.97911799 0.134885997 0.152100995 0.56211102 -0.0428280011 0.825951993 0.936396003 -0.0106969997 0.350784004 0.351752996 0.755262017 0.553035975 0.637447 0.765528023 0.0873399973 0.938355029 0.294099987 0.181643993 0.812712014 -0.560654998 -0.158637002 -0.974969983 0.149101004 0.164929003 -0.938448012 -0.334028989 -0.0879729986 -0.947225988 -0.279826999 -0.156393006 -0.540098011 -0.837580025 -0.0821840018 -0.942014992 -0.297289014 -0.155646995 0.956674993 0.291016996 -0.00907700043 0.96309799 0.269080997 0.00611399999 0.985608995 0.168589994 0.0123190004 0.565246999 -0.432689011 -0.702336013 0.687117994 -0.0219819993 -0.726212978 -0.569445014 -0.452250004 -0.686442018 -0.665813029 -0.583930016 0.464455009 -0.802505016 -0.0915749967 0.589574993 -0.746176004 0.662786007 0.0627430007 -0.564702988 -0.822664976 0.0658269972 0.810154021 0.0868270025 0.579751015 0.681280017 0.713539004 0.163459003 -0.986733973 -0.150803 0.0601209998 0.983156979 0.180860996 -0.0263110008 0.990620017 0.134223998 -0.0256130006 0.67562902 0.67198199 0.303259999 -0.771082997 0.347539991 0.533523023 0.958580017 -0.104414999 0.264993012 0.99447602 0.0977910012 -0.0381390005 0.858651996 0.333976001 0.388814002 -0.818264008 -0.249053001 0.51809001 -0.771450996 0.555539012 0.310227007 -0.763280988 0.625820994 0.160467997 0.703731 0.709686995 -0.0332860015 0.949657977 0.313262999 0.003853 0.720565021 -0.680875003 -0.131134003 -0.939921021 -0.340635002 0.0226990003 -0.942057014 -0.335435003 0.00331100007 -0.948303998 -0.31736201 0.000707000028 -0.959704995 -0.280871987 -0.00882699993 -0.699455976 -0.710909009 0.0732759982 0.93126899 0.212984994 -0.295594007 0.85343802 0.228384003 -0.468490988 0.967546999 0.0683950037 -0.243257999 0.971585989 0.0210250001 -0.235750005 0.672592998 0.422571003 0.607496977 -0.995315015 0.0377550013 -0.089011997 0.91852802 0.28599301 -0.272974014 0.747543991 -0.52028501 0.412894994 -0.925180018 0.185096994 0.331333995 -0.680896997 0.731682003 -0.0319520012 -0.580968976 -0.801895022 -0.139423996 0.853981018 -0.519401014 0.030638 0.728663981 0.67554599 0.112636 -0.97556603 -0.219201997 -0.014889 -0.898324013 -0.035046 -0.437932998 -0.953123987 0.127983004 -0.274181992 -0.840824008 -0.537052989 -0.0677459985 0.996308982 0.0551350005 -0.0658000037 0.874059975 -0.304349989 -0.378670007 0.985053003 -0.172252998 0.000188000005 -0.484420002 0.558270991 0.673551023 0.744428992 0.607679009 0.276679993 -0.798781991 -0.579204023 -0.162699997 0.940768003 0.338734001 0.0146789998 0.899746001 0.353331 0.256150991 0.947003007 0.319397002 0.0342160016 0.823454022 -0.141848996 0.549365997 -0.927159011 -0.355919003 -0.117039002 -0.549817026 -0.834850013 0.0269489996 -0.750330985 0.65941298 0.0466630012 -0.791278005 -0.605723023 0.0835329965 0.734803021 0.676786005 -0.0450019985 0.933812022 0.303784996 -0.188969001 0.577621996 -0.816128016 -0.0169879999 -0.934423029 -0.355495989 0.0217920002 -0.934858024 -0.314413011 -0.164878994 -0.941516995 -0.327055007 0.081125997 -0.941839993 -0.258605003 0.214617997 -0.946792006 -0.297226012 0.123455003 0.798695028 -0.317829013 -0.510950983 0.565231979 0.484037012 -0.667998016 0.835983992 -0.185991004 -0.516273022 0.450572014 0.26611501 -0.85215503 0.777656972 0.58732599 0.224271998 -0.362185001 -0.708737016 -0.605404019 -0.376141995 0.642567992 0.667550027 0.765103996 0.619792998 0.174565002 -0.925028026 -0.315699995 -0.211319998 0.835349977 -0.228542 -0.499958992 0.751192987 -0.335473001 -0.568477988 -0.712128997 0.701830029 0.0175170004 -0.684718013 -0.712270975 0.154376999 -0.677577019 -0.729862988 -0.0904949978 -0.654816985 0.754512012 -0.0438859984 -0.69422102 -0.711058021 -0.111601003 0.813147008 -0.581067026 -0.0339570008 0.736572027 0.671772003 0.0786380023 -0.973574996 -0.146858007 -0.174882993 -0.968020022 -0.250703007 0.00917300023 -0.981903017 0.115082003 -0.150408998 -0.998651028 -0.0519220009 0.000247999997 -0.998766005 0.0438859984 -0.0232449993 -0.353460014 -0.935386002 0.0109130004 0.694123983 -0.401798993 -0.597284973 0.76314801 0.591910005 -0.259321004 0.978760004 0.131026998 0.157674 0.873977005 -0.303849995 0.379262 -0.111285999 -0.579791009 0.807129025 -0.211933002 -0.977268994 -0.00541099999 -0.111532003 -0.576954007 -0.809126019 -0.352806002 -0.935630023 -0.0111729996 0.929754972 0.368104011 0.00735499989 0.879113019 0.353361011 0.319837987 0.914600015 0.355993986 -0.191769004 0.399695009 0.654487014 0.641786993 0.579445004 0.307577997 -0.754743993 0.91495198 -0.358837992 -0.184659004 0.418877006 0.886189997 0.198012993 -0.924076974 -0.365422994 0.112016 -0.925018013 -0.379857987 0.00705200015 -0.952866971 0.0452940017 0.299989998 -0.364322007 -0.923538983 -0.119773 -0.717285991 0.696340024 0.0247450005 -0.772634983 -0.626185 0.104534 0.513692975 -0.850102007 0.115955003 0.730780005 0.679153025 -0.0686430037 0.787626028 0.486236989 -0.378443003 -0.91653502 -0.381193012 -0.121055998 -0.926585019 -0.349204987 0.139630005 -0.740840018 -0.641686022 -0.198483005 -0.799111009 0.438418001 -0.411352992 -0.920518994 -0.390545994 0.0108599998 -0.913926005 -0.301645011 -0.271569997 -0.482463002 -0.873438001 0.0658399984 0.793967009 -0.579958022 0.182386994 -0.514901996 -0.855825007 0.0493820012 0.493041009 0.869231999 -0.0366959982 -0.867040992 0.399082005 -0.298283994 0.790126026 -0.456521988 0.409009993 -0.771082997 0.347539991 -0.533523023 0.851058006 -0.400983006 0.338988006 0.802725971 0.582177997 0.129229993 -0.722926021 -0.517753005 -0.457504004 -0.824770987 -0.0374529995 0.564225018 0.780236006 0.590624988 0.205896005 0.741101027 -0.333884001 -0.582485974 0.417917013 0.541330993 0.729592979 -0.497011989 0.797483981 -0.342049986 -0.69946003 -0.702876985 -0.129304007 0.654812992 -0.748219013 0.106716 0.570016026 -0.775843024 0.270460993 -0.590830028 0.798936009 -0.112342998 -0.699168026 -0.687088013 -0.197670996 0.728787005 -0.680490017 -0.076177001 0.805308998 0.591176987 -0.0445780009 -0.882059991 -0.051833 0.468277007 -0.953145981 0.127720997 0.274228007 -0.840730011 -0.537193 0.0678019971 -0.939083993 0.309013993 0.150436997 -0.484420002 0.558270991 -0.673551023 0.744428992 0.607679009 -0.276679993 0.779469013 -0.310189992 0.544251978 0.917315006 0.397965014 -0.0125409998 0.901342988 0.403818011 0.156561002 0.880621016 0.352488995 -0.316637993 0.820174992 0.323817015 0.471653014 0.891332984 -0.00212400011 0.453343987 0.0662299991 0.0469300002 0.996699989 0.637540996 0.56942898 -0.518934011 0.858668983 -0.359485 -0.365319997 -0.871033013 0.360000014 0.334217995 0.958046973 -0.273685992 -0.0851040035 0.416500002 0.898784995 0.136797994 -0.846334994 0.438492 0.302392006 -0.911679983 -0.410356998 -0.0211360008 -0.914825022 -0.40367499 -0.0118720001 -0.472097993 -0.838146985 0.273189008 -0.921101987 -0.388163 0.0300140008 -0.368512988 -0.928560972 -0.044422999 -0.705734015 0.688899994 -0.165396005 -0.714241028 -0.690352023 0.115209997 0.626185 -0.754325986 0.197191998 0.759603977 0.630080998 -0.161244005 0.674892008 0.723560989 -0.144843996 -0.694069982 -0.686178982 -0.217774004 0.0662299991 0.0469300002 -0.996699989 -0.882556021 0.246378005 -0.400490999 -0.85988301 0.379065007 -0.341922998 -0.454822987 -0.890057027 0.0305589996 -0.811999023 0.54331398 -0.213231996 -0.510819972 -0.846934021 0.147531003 0.669396996 -0.732434988 0.124279998 -0.631169975 -0.775523007 0.0137369996 -0.752393007 0.644348025 -0.136822 -0.829545975 0.504503012 -0.239436999 0.581520975 0.806123972 -0.109530002 -0.586758971 -0.74860698 0.308710009 0.749866009 -0.494410992 0.439612001 -0.742453992 -0.620078027 0.253504992 0.852581024 0.509343028 0.116939999 0.317140013 -0.573553979 -0.755286992 -0.777687013 -0.506112993 -0.372896999 -0.876962006 0.381579995 0.292122006 0.731460989 0.656122983 0.185653999 0.954052985 0.128095999 0.270877004 -0.645078003 0.764065981 0.00878699962 -0.262374014 0.948931992 0.175182 -0.877519011 -0.307489008 0.367982 0.111763999 -0.788525999 0.604761004 0.506693006 0.277915001 0.816103995 -0.497305989 0.829747021 -0.253389001 -0.647476017 -0.726171017 -0.231194004 0.727714002 -0.677259028 -0.108409002 0.831216991 0.555133998 -0.0300709996 -0.590355992 0.500950992 -0.632871985 0.647929013 0.723056018 -0.239536002 0.757447004 -0.344835013 0.554403007 0.867452979 0.192205995 0.458893001 0.879736006 0.47546199 -0.000753999979 0.862694979 0.479957014 0.159366995 0.909156978 0.384781986 -0.159299001 0.519250989 0.573584974 0.633544028 0.85057199 -0.165825993 -0.499029011 0.458674014 0.869841993 0.181640998 0.908755004 -0.416386992 -0.0280450005 0.947207987 -0.288170993 0.140547007 0.393431991 0.881926 -0.259651005 0.951439023 -0.297102004 -0.0805800036 0.382643014 0.918323994 0.101318002 -0.893957019 0.423819989 0.145660996 -0.365038991 -0.930818975 0.017949 -0.902930975 -0.422903001 0.0766130015 -0.884335995 -0.466850996 -0.000600000028 -0.954248011 -0.201080993 0.221306995 -0.882314026 -0.470456004 -0.0138929999 -0.379604995 -0.923811972 -0.0497080013 -0.849907994 -0.00711899996 -0.526881993 -0.569786012 0.820740998 -0.0415720008 -0.871371984 -0.0902720019 0.482246995 0.350957006 -0.774398029 0.526437998 0.432960004 0.579721987 0.690267026 0.708247006 0.705781996 -0.0160750002 -0.904043019 0.358940989 -0.232091993 -0.373818994 -0.926463008 -0.0438879989 0.41376099 0.879580975 -0.234817997 -0.857629001 0.468374997 -0.212358996 -0.374182999 -0.924369991 0.0743400007 -0.753373981 -0.655745983 -0.0492380001 0.534422994 -0.84503299 0.0176260006 -0.749671996 0.659641027 -0.053532999 0.740049005 0.671094 0.0442739986 -0.685921013 -0.555408001 0.47014299 -0.920966983 0.35560599 -0.159260005 0.723002017 0.689273 -0.0465909988 0.565246999 -0.432689011 0.702336013 -0.723181009 -0.576847017 0.379812002 0.825541019 -0.383213013 -0.414281994 -0.87964201 -0.464837998 0.100776002 -0.73684299 -0.548416018 -0.395350009 -0.626708984 -0.770632982 -0.115589 0.762170017 -0.644541979 0.0605250001 0.825437009 0.534298003 0.182150006 -0.461160004 0.847415984 -0.263092011 0.28351599 0.634012997 0.719475985 -0.843025982 0.291909009 0.451768994 0.380304009 -0.782692015 0.492709011 -0.780784011 -0.580281973 -0.231620997 -0.492749989 0.669477999 0.555875003 -0.925375998 -0.365741998 0.099555999 -0.0557230003 -0.818998992 0.571083009 0.821539998 0.375808001 0.428766012 -0.954626977 0.296519011 -0.0276340004 0.83752501 -0.231186002 0.495079994 0.872295022 0.475796998 -0.112777002 0.836184025 0.0659250021 0.544472992 -0.752864003 -0.360031009 0.550975025 0.864251018 0.503030002 0.00560700009 0.846599996 0.478287995 0.233469993 0.856477976 0.480711997 -0.188043997 0.936573982 0.144738004 0.319184989 0.807942986 0.384362012 -0.446646988 -0.467036992 -0.675848007 0.570179999 -0.904160023 0.331191003 0.269829005 0.716214001 0.520045996 -0.465391994 0.897787988 -0.429118007 0.0991680026 -0.887696028 0.405995995 0.21717 0.458611995 0.881883979 0.109341003 0.90662998 -0.412883997 -0.0868839994 0.950134993 -0.271876991 0.152726993 0.928982019 -0.367956012 -0.0400100015 0.42899701 0.893279016 -0.134219006 -0.908210993 0.417950004 0.0216949992 -0.356077999 -0.929585993 0.0952849984 -0.843710005 -0.491483003 0.215864003 -0.871710002 -0.489998013 0.00478000008 -0.876532972 -0.447593987 -0.177059993 -0.39567101 -0.918233991 -0.0170419998 -0.663419008 -0.577042997 -0.476336986 0.871842027 -0.00833200011 -0.489715993 0.454567999 0.860291004 -0.230796993 0.430620998 0.891959012 -0.13775 -0.892832994 0.411325008 -0.183471993 -0.414534003 -0.909973025 0.0105050001 0.953265011 -0.300101995 0.0350000001 0.418379992 0.903271973 -0.0951770023 -0.886132002 0.44808501 -0.118279003 -0.329201996 -0.944258988 -0.000668000022 -0.752371013 0.658716023 -0.00571000017 -0.816703975 -0.570924997 -0.0839020014 0.556261003 -0.827480972 -0.0764809996 0.73724997 0.675337017 0.0195599999 -0.735305011 -0.550047994 -0.395945996 -0.746176004 0.662786007 -0.0627430007 -0.564702988 -0.822664976 -0.0658269972 0.810154021 0.0868270025 -0.579751015 0.681280017 0.713539004 -0.163459003 -0.867235005 -0.389871001 0.309682012 -0.957952976 0.0928540006 -0.271483988 0.711907983 0.499233991 0.493914992 0.411606014 -0.698843002 -0.584976971 0.331003994 -0.939963996 -0.0830909982 -0.810648978 -0.232793003 -0.537266016 0.587451994 -0.782552004 0.206184998 -0.248201996 0.95906502 0.136342004 0.456337005 0.318910003 0.83069402 -0.958875 -0.0929889977 0.268162996 -0.670013011 0.700931013 0.244497001 0.0135570001 -0.846235991 0.532634974 0.851058006 -0.400983006 -0.338988006 0.679332972 0.457632005 -0.573653996 0.626900017 -0.391799003 0.673416972 0.492996007 0.443886995 -0.748278022 0.802725971 0.582177997 -0.129229993 -0.712128997 0.701830029 -0.0175170004 -0.582354009 0.0602970012 -0.810696006 0.885294974 0.464834005 -0.0134779997 0.870631993 0.277063012 0.406493008 0.795970976 0.482131004 -0.366032988 0.778078973 0.421155006 0.46607101 0.870308995 0.448273003 -0.203992993 -0.445174992 0.0561789982 0.893679976 0.797661006 0.597849011 0.0794589967 0.821213007 0.558431983 -0.117317997 0.931279004 -0.355865985 -0.0779649988 -0.141639993 -0.984313011 0.1052 0.899065018 -0.426548988 0.0986770019 -0.869602025 0.483806014 0.0986130014 -0.402768999 -0.915180981 -0.0148630003 0.431300014 0.901907027 -0.0233270004 0.914965987 -0.387659997 -0.112057999 0.896981001 -0.420051008 0.137774006 0.56054002 0.793675005 -0.236379996 -0.864495993 0.485498995 -0.130146995 -0.359445006 -0.922115982 0.143182993 -0.838566005 -0.492956996 0.23195 -0.889383972 -0.456743985 -0.0195090007 -0.72973597 -0.628320992 -0.269625008 -0.777224004 -0.509073019 -0.369821012 -0.318542987 0.296714991 -0.900273025 -0.609893978 0.686001003 -0.396775991 -0.210905001 -0.976418018 -0.0461300015 0.883462012 0.438517004 -0.164914995 0.949994028 -0.302323014 0.0781869963 0.91783601 -0.38607499 0.0923229977 0.407638997 0.913106024 0.00821300037 -0.885640979 0.458083987 -0.0761459991 -0.45402801 -0.890159011 0.0384010002 -0.356629014 -0.931087017 -0.0767719969 0.937662005 -0.347544998 -0.00170599995 0.418947011 0.906826019 0.0463740006 -0.902253985 0.430418015 -0.0260300003 0.693352997 0.717117012 0.0707449988 -0.683893979 0.695492029 0.220409006 -0.775278986 -0.631201982 -0.0229289997 0.683196008 -0.717296004 -0.136858001 0.747543991 -0.52028501 -0.412894994 -0.517944992 0.855126977 0.0221580006 -0.580968976 -0.801895022 0.139423996 0.853981018 -0.519401014 -0.030638 0.812228978 0.568845987 -0.129221007 -0.684718013 -0.712270975 -0.154376999 -0.739868999 -0.0567680001 -0.670351982 -0.877680004 0.38410601 -0.286599994 -0.830074012 -0.441996008 0.340025991 -0.677577019 -0.729862988 0.0904949978 -0.617762029 0.783517003 0.0668670014 0.706319988 0.493090987 0.507911026 0.809642971 -0.55331099 -0.195768997 -0.657864988 -0.172556996 -0.73310101 0.654812992 -0.748219013 -0.106716 0.771422982 0.600744009 -0.209794 0.75801897 -0.386723012 0.525215983 0.852581024 0.509343028 -0.116939999 -0.497011989 0.797483981 0.342049986 -0.69946003 -0.702876985 0.129304007 0.875762999 0.482356995 0.0192620009 0.903967023 0.17994 0.387899995 0.870195985 0.474256009 -0.133569002 0.893637002 0.151866004 -0.422316015 0.827569008 0.282012999 -0.485386014 0.405373007 -0.525696993 0.747874022 0.156753004 -0.382063001 0.910745025 0.152156994 0.0256730001 -0.988022983 -0.215893 -0.188115001 0.958124995 -0.535232008 0.748401999 0.391689986 -0.643710971 0.74524802 0.173896998 0.817822993 0.573503971 -0.0475290008 0.938122988 -0.346302003 -0.000684999977 -0.129151002 -0.985117972 0.113416001 -0.850214005 0.524321973 0.0471529998 -0.424952 -0.905198991 -0.00549399992 0.931906998 -0.347521007 -0.103821002 0.39627701 0.905099988 -0.154140994 0.625184 -0.568248987 0.535012007 0.408735007 0.706858993 0.577309012 -0.569846988 0.81241101 0.123540998 -0.792508006 -0.170518994 0.58553803 -0.720187008 -0.608452022 0.333342999 -0.699084997 -0.701542974 0.138265997 -0.820174992 -0.536975026 -0.197407007 -0.856733978 -0.511709988 0.0644909963 -0.786936998 -0.616968989 -0.00889000017 0.179324001 -0.719429016 -0.671018004 0.109269999 -0.419658005 -0.901081026 0.850932002 0.517531991 0.0898559988 0.846482992 0.532316983 0.0102669997 -0.659090996 0.688219011 -0.303236991 -0.170294002 -0.98428601 -0.0466910005 0.957054019 -0.289882988 -0.00389999989 -0.465824008 -0.88438803 -0.0294330008 0.941823006 -0.326626986 0.0792779997 0.392940015 0.91495198 0.0919779986 -0.866281986 0.499509007 0.0067710001 -0.84612298 0.504051983 0.173227996 -0.421449989 -0.90031302 -0.108701997 0.928722024 -0.349963993 -0.122474998 0.504580975 0.853461981 0.130386993 0.469680011 -0.223765001 -0.854008019 0.251697004 0.963440001 -0.0918290019 -0.849559009 0.447865009 -0.278687 -0.533783019 -0.716126025 -0.449710011 0.66901201 0.739884973 -0.0706600025 -0.832036972 0.551768005 0.0571530014 -0.69422102 -0.711058021 0.111601003 0.813147008 -0.581067026 0.0339570008 -0.645078003 0.764065981 -0.00878699962 -0.626708984 -0.770632982 0.115589 -0.908168018 -0.316204995 -0.274309009 -0.736132979 -0.558453977 0.38240999 0.570016026 -0.775843024 -0.270460993 -0.743119001 0.669022977 -0.013491 0.552434981 0.472748995 0.686529994 0.874346972 -0.194619 0.444566995 0.602798998 -0.694952011 -0.392013997 0.63607502 -0.296047986 0.712575972 -0.750684023 -0.130441993 -0.647656024 0.96141398 -0.223449007 -0.160478994 0.731460989 0.656122983 -0.185653999 0.438030988 -0.594377995 0.674421012 0.311722994 0.622646987 -0.717733026 0.506693006 0.277915001 -0.816103995 -0.262374014 0.948931992 -0.175182 -0.877519011 -0.307489008 -0.367982 0.111763999 -0.788525999 -0.604761004 0.704816997 0.709366024 -0.00568100018 0.360215008 0.900068998 0.245196 0.872004986 0.466127992 0.149441004 -0.331853986 -0.833352983 0.442036003 0.821026027 0.0212580003 0.570493996 0.576367974 0.799537003 0.168939993 0.218115002 0.924668014 -0.312114 0.620401025 0.729457021 -0.288089991 0.826613009 -0.132122993 -0.547042012 -0.655578017 0.752139986 -0.0671000034 -0.176624998 -0.982904017 0.0519980006 0.837893009 0.54578203 0.00758499978 0.933664978 -0.348940015 0.0806910023 -0.846705973 0.531840026 0.0153719997 -0.477147013 -0.875860989 0.0720909983 0.923704982 -0.372276008 -0.0904389992 0.409314007 0.883095026 -0.229360998 -0.942605972 -0.309381008 0.125607997 -0.834313989 -0.548839986 -0.0519159995 -0.891243994 -0.450969011 0.0480820015 -0.747496009 -0.569746971 0.341522008 -0.755445004 0.269261003 -0.597328007 -0.746468008 0.593584001 0.300738007 -0.430759013 -0.899653971 -0.0711989999 0.927420974 -0.356047988 -0.114543997 0.854842007 0.518027008 -0.0298829991 -0.698092997 0.715544999 -0.0257229991 -0.141165003 -0.989919007 -0.0115219997 -0.85016799 0.525155008 0.0377609991 -0.460617989 -0.881522 -0.10368 0.93642199 -0.34386301 0.0697930008 0.428456008 0.888969004 0.161735997 0.27956301 0.959329009 -0.0391510017 -0.86678499 0.355735004 -0.349480003 -0.327100009 -0.818853974 -0.471682996 0.616864979 0.0531649999 -0.785270989 0.805308998 0.591176987 0.0445780009 -0.590830028 0.798936009 0.112342998 -0.699168026 -0.687088013 0.197670996 0.728787005 -0.680490017 0.076177001 -0.461160004 0.847415984 0.263092011 -0.780784011 -0.580281973 0.231620997 0.405672014 -0.908957005 0.0960540026 0.783003986 -0.612478971 -0.108507 0.587451994 -0.782552004 -0.206184998 -0.888758004 0.276237011 -0.365788996 0.0894289985 -0.559261024 -0.824154019 -0.75385797 -0.473158002 0.455871999 -0.655134022 0.750455022 -0.0872720033 -0.973972023 0.0681099966 0.216190994 -0.847860992 -0.480105996 -0.225011006 0.545437992 0.582081974 0.603057981 0.437373996 -0.599932015 0.66991502 0.614714026 0.0570469983 0.78668499 0.34166801 -0.844424009 -0.41256699 -0.530523002 0.711275995 0.461120993 -0.793133974 0.0461850017 -0.607294023 0.825437009 0.534298003 -0.182150006 0.799098015 -0.515971005 0.308573008 0.428454995 0.708889008 -0.560270011 -0.824755013 0.545396984 -0.149400994 0.202774003 0.978389978 0.0404350013 0.00176999997 0.954455972 0.298346996 -0.662697971 0.493274003 0.563483 -0.88508302 0.425978988 -0.187537998 -0.236182004 -0.951225996 0.198458999 0.789803982 -0.0821420029 0.607833982 0.500142992 0.862681985 0.0750740021 -0.582664013 0.392690986 -0.711544991 -0.077711001 0.978954971 -0.188702002 -0.646443009 0.604480982 -0.465526015 0.490494996 0.869328022 -0.0606929995 0.78885901 -0.0874369964 -0.608322978 -0.234545007 -0.95095402 -0.201682001 -0.629109025 0.751872003 -0.197258994 -0.358291 -0.931971014 0.0552879982 0.882932007 -0.42919901 0.190312997 0.853453994 0.519823015 0.0374250002 -0.517129004 0.810656011 0.27461499 -0.510662019 -0.290441006 0.80923897 0.689490974 -0.596930027 0.410216004 0.58465898 0.637570024 0.501676023 -0.790700972 0.550324976 0.268206 -0.884414017 0.455033004 0.103712998 -0.570023 0.411206007 0.71132499 -0.290688992 -0.956661999 -0.0172620006 0.836326003 -0.52205801 -0.167374998 0.851016998 0.523087978 -0.0463580005 -0.634635985 0.712755024 0.298693001 0.277245998 0.957846999 -0.0752570033 -0.665621996 0.354730994 -0.656592011 -0.158114001 -0.873296022 -0.460817993 0.818581998 0.0477829985 -0.57239902 0.831216991 0.555133998 0.0300709996 -0.497305989 0.829747021 0.253389001 -0.647476017 -0.726171017 0.231194004 0.727714002 -0.677259028 0.108409002 -0.248201996 0.95906502 -0.136342004 -0.958875 -0.0929889977 -0.268162996 0.0135570001 -0.846235991 -0.532634974 0.456337005 0.318910003 -0.83069402 -0.611715019 -0.460042 0.643557012 -0.606469989 0.778967023 -0.159390002 -0.722189009 -0.530911028 -0.443369001 0.363545001 -0.870612025 0.331465006 0.651377022 0.583083987 0.485511005 0.626132011 0.0862059966 0.774936974 -0.365938008 0.872566998 0.323599994 0.240327001 -0.893918991 -0.378353 -0.696147025 0.106539004 -0.70994997 0.726400018 -0.621643007 0.293092996 0.776175976 0.397520989 -0.489416003 -0.592837989 0.803952992 -0.0469349995 -0.66494298 -0.190987006 0.722063005 -0.209924996 -0.95340699 0.216672003 0.799499989 -0.0486630015 0.598690987 0.484457999 0.873117983 0.0544589981 -0.597061992 0.368407011 -0.712595999 0.799068987 -0.0521860011 -0.598971009 0.475232989 0.878907025 -0.0409430005 -0.209417 -0.952886999 -0.219433993 -0.585411012 0.38615799 0.712864995 -0.619533002 0.757354975 -0.206380993 -0.466122001 -0.869032025 0.165873006 0.842799008 -0.474712014 0.253648013 0.833460987 0.551218987 0.0387470014 -0.600108981 0.679081976 0.422749013 -0.400916994 -0.90615797 -0.134697005 0.807886004 -0.544969022 -0.224340007 0.813632011 0.580340028 -0.0347650014 0.821539998 0.375808001 -0.428766012 -0.492749989 0.669477999 -0.555875003 -0.925375998 -0.365741998 -0.099555999 -0.0557230003 -0.818998992 -0.571083009 -0.526732981 0.819350004 -0.226315007 -0.746488988 -0.471834004 -0.469177008 0.39548099 -0.894376993 0.209007993 0.67492801 0.64249301 0.362870991 -0.150218993 0.97457099 0.166269004 0.704681993 0.174676999 0.687685013 -0.720016003 0.140564993 -0.679571986 0.0796729997 -0.984073997 -0.158903003 0.602798998 -0.694952011 0.392013997 0.63607502 -0.296047986 -0.712575972 0.874346972 -0.194619 -0.444566995 0.552434981 0.472748995 -0.686529994 -0.685184002 0.725122988 -0.0687040016 -0.792645991 -0.0495029986 0.607670009 -0.182972997 -0.954521 0.235393003 0.808327973 -0.0152470004 0.588533998 0.469686002 0.882157981 0.0345220007 -0.610702991 0.345142007 -0.712684989 -0.183497995 -0.95393002 -0.237371996 0.808184028 -0.0169549994 -0.588685989 0.460985988 0.887139022 -0.0218279995 -0.59957999 0.361506999 0.714015007 -0.42010501 0.901719987 0.102044001 -0.696814001 -0.350616008 0.625714004 0.604420006 -0.54065299 0.585125029 0.539219975 0.524746001 0.658698022 0.441410005 0.857307017 -0.264919996 -0.824828982 0.287440985 -0.486862004 -0.186140999 -0.685126007 -0.704240024 0.525282979 -0.0593780018 -0.848854005 -0.468816012 0.844429016 -0.259133995 -0.759769022 -0.366730005 -0.536898971 0.232398003 -0.916101992 0.326723993 0.611928999 0.61897397 0.492356002 0.0188069995 0.969982028 0.242449999 -0.681931019 0.728228986 0.0682080016 0.134277001 0.198973 0.970762014 -0.581610024 -0.802834988 0.131095007 0.614714026 0.0570469983 -0.78668499 0.34166801 -0.844424009 0.41256699 0.437373996 -0.599932015 -0.66991502 -0.973972023 0.0681099966 -0.216190994 -0.530523002 0.711275995 -0.461120993 0.545437992 0.582081974 -0.603057981 -0.655134022 0.750455022 0.0872720033 -0.847860992 -0.480105996 0.225011006 -0.793133974 0.0461850017 0.607294023 -0.154824004 -0.954720974 0.254040986 0.815997005 0.0181280002 0.577772021 0.455475003 0.890107989 0.0158300009 -0.622886002 0.32247299 -0.712758005 -0.613111019 0.338108003 0.713986993 -0.156523004 -0.954106987 -0.255306005 0.816429973 0.018499 -0.577147007 0.447326005 0.894361973 -0.00404600007 -0.51642698 0.84700501 0.126039997 -0.994965017 -0.0406830013 -0.0915969983 -0.470523 -0.835143983 0.284855992 -0.0413630009 0.278941989 0.959416986 0.626132011 0.0862059966 -0.774936974 -0.365938008 0.872566998 -0.323599994 0.240327001 -0.893918991 0.378353 0.651377022 0.583083987 -0.485511005 0.363545001 -0.870612025 -0.331465006 -0.696147025 0.106539004 0.70994997 -0.606469989 0.778967023 0.159390002 -0.722189009 -0.530911028 0.443369001 -0.125325993 -0.953935981 0.272579014 0.822793007 0.0518300012 0.565971971 0.441944003 0.897041976 -0.00141200004 -0.634468973 0.301200002 -0.711848021 0.434186012 0.900740981 0.0121999998 -0.625124991 0.31545499 0.713937998 -0.128444999 -0.953319013 -0.273286015 0.823372006 0.0543590002 -0.564893007 0.704681993 0.174676999 -0.687685013 -0.150218993 0.97457099 -0.166269004 -0.720016003 0.140564993 0.679571986 0.0796729997 -0.984073997 0.158903003 0.67492801 0.64249301 -0.362870991 -0.526732981 0.819350004 0.226315007 0.39548099 -0.894376993 -0.209007993 -0.746488988 -0.471834004 0.469177008 -0.583267987 -0.667635024 0.462668985 0.377155006 0.0348449983 0.925494015 0.326485991 0.839637995 0.434069008 -0.612607002 0.772207975 0.168544993 0.620468974 0.372456998 -0.690140009 0.0203709994 0.930257976 -0.366340995 -0.992066979 -0.00778699992 0.125471994 -0.081182003 -0.324564993 -0.942372978 0.0188069995 0.969982028 -0.242449999 0.134277001 0.198973 -0.970762014 -0.681931019 0.728228986 -0.0682080016 -0.581610024 -0.802834988 -0.131095007 0.611928999 0.61897397 -0.492356002 -0.468816012 0.844429016 0.259133995 -0.759769022 -0.366730005 0.536898971 0.232398003 -0.916101992 -0.326723993 0.257633001 0.28887701 -0.922049999 -0.642701983 0.693619013 -0.325311005 -0.955313981 -0.0553640015 0.290363014 -0.643899977 -0.611311972 -0.460097998 0.857255995 0.214874998 -0.467911005 0.341194987 0.939341009 0.034988001 0.493981004 0.855368972 0.155973002 0.84867698 -0.528762996 -0.0125329997 0.978918016 0.077087 -0.189150006 0.771573007 0.244464993 -0.587292016 0.867313981 0.496894985 -0.0293400008 0.458806992 0.871116996 -0.175073996 -0.671514988 0.640610993 0.372404993 -0.214184001 0.459078014 0.862191021 -0.120125003 -0.888511002 0.44285199 0.927479029 -0.340395987 0.154638007 -0.363537014 -0.843442976 0.395530999 0.998296976 0.0583180003 0.00137099996 -0.205226004 -0.938534975 -0.277552009 0.938004017 0.0653659999 0.340404987 0.401394993 0.870513976 -0.284759998 -0.768490016 0.639838994 0.00543999998 -0.884950995 -0.196504995 0.422194004 -0.307083994 0.158233002 0.938435972 -0.91101402 -0.387023002 -0.142364994 0.176967993 -0.903410017 0.390552998 -0.958589017 -0.261462003 0.112894997 0.891524017 -0.225978002 0.392580003 -0.925677001 -0.200088993 0.321070999 0.920626998 0.322043002 0.220756993 -0.139805004 -0.919717014 0.366845995 -0.143562004 0.899459004 -0.412750989 -0.830989003 0.510365009 -0.221324995 -0.651757002 0.318134993 -0.688477993 -0.702978015 -0.589866996 -0.397338986 -0.823157012 0.338629007 -0.455787987 0.242092997 -0.863498986 0.442449003 0.695605993 -0.240697995 0.676901996 0.623273015 0.728681028 0.283820003 -0.240030006 0.829110026 -0.504938006 0.0789560005 0.93055898 -0.357529014 -0.489679992 0.368492007 -0.790207028 -0.55588299 -0.672451973 -0.488674015 0.0862030014 -0.902894974 0.421130002 0.520443022 -0.236448005 0.82050699 0.594232976 0.654332995 0.467691004 0.538405001 0.522074997 0.661481977 0.232356995 0.941380978 -0.244564995 -0.303983003 0.347674996 -0.886970997 -0.482654005 -0.580054998 -0.656188011 -0.0699110031 -0.884922981 0.460460991 0.316282004 -0.303290009 0.898877978 0.00791199971 -0.633992016 0.773298979 0.393828988 0.443390012 0.80517298 0.354056001 0.934403002 -0.0391819999 -0.109563999 0.335040987 -0.935810983 -0.284837008 -0.940651 -0.184511006 -0.410477996 -0.651009977 -0.638508976 -0.271495998 -0.754402995 0.597634017 0.0184700005 -0.238278002 0.971020997 -0.0422430001 -0.0233369991 -0.998835027 0.283149987 0.409137994 0.867429018 0.399480999 0.915982008 -0.0373030007 0.0846109986 0.137838006 -0.98683399 -0.320969999 -0.806182027 -0.497040004 -0.354883999 -0.784465015 0.50859803 -0.150893003 -0.272653997 0.950205982 0.385421008 0.914613008 -0.122201003 0.158554003 0.394645005 0.90504998 0.359710008 0.93303299 -0.00767900003 0.239369005 0.165285006 -0.956757009 -0.00840499997 -0.376511008 -0.926374018 -0.393427014 -0.913043976 -0.107543997 -0.263756007 -0.252521008 0.930948973 0.0147599997 0.393229008 0.919322014 -0.159067005 0.356092989 0.920813024 0.371374011 0.928039014 -0.0287219994 0.361853004 0.106972001 -0.926077008 0.164497003 -0.331001997 -0.929181993 -0.340849996 -0.935105979 -0.0969420001 -0.399367005 -0.220347002 0.889918029 -0.578983009 -0.0813390017 0.811272025 -0.294418991 0.467725992 0.833396971 0.515276015 0.773141026 -0.369787991 0.533405006 0.114456996 -0.838079989 0.314141005 -0.439523995 -0.841507018 -0.367742985 -0.927919984 -0.061067 -0.554283023 -0.831081986 0.045527 -0.696218014 0.0362440012 0.716913998 0.105975002 0.943114996 0.315124989 0.702453971 0.133129999 -0.699167013 0.394715011 -0.519652009 -0.757734001 0.651731014 -0.755932987 -0.0617480017 -0.262649 -0.506552994 0.821231008 -0.334392011 0.127676994 0.933745027 -0.083378002 0.574337006 0.814361989 0.771755993 0.350778013 0.530421972 0.899968028 -0.0326500013 -0.434731007 0.744832993 0.485018998 0.458236009 -0.0661130026 -0.598168015 0.798638999 0.695769012 -0.64488399 -0.316276997 0.127167001 0.856840014 0.499653012 -0.279504001 0.347337991 0.895116985 0.620043993 0.142302006 -0.771553993 0.674228013 0.477277994 -0.563579977 0.825396001 -0.0565989986 -0.56171 -0.554699004 0.126140997 0.822434008 -0.539210021 -0.84217 0.00125199999 0.308856994 -0.454843998 -0.835299015 -0.0331519991 0.746613979 0.664431989 0.208684996 -0.426854014 -0.879912972 0.51630199 0.326270014 -0.791821003 0.518105984 0.838864982 -0.166950002 -0.0701839998 0.502142012 0.86193198 -0.448991001 0.0240279995 0.893212974 -0.442425996 -0.892304003 -0.0897340029 -0.414986014 -0.907528996 0.0646310002 0.0367650017 -0.399893999 -0.915823996 0.37272501 0.375209987 -0.848701 0.352322012 0.863876998 0.359979987 -0.0502890013 0.308753997 0.949811995 -0.288626999 -0.0771640018 0.954326987 -0.0887079984 -0.087139003 0.992238998 -0.373059005 -0.880725026 0.291804999 -0.12105 -0.406325012 -0.905674994 0.273699999 0.462294012 -0.843429029 0.369015992 0.839951992 0.397879988 0.113661997 0.309067994 0.944224 0.180108994 0.245335996 0.952560008 0.0196150001 -0.0836310014 0.996303976 -0.38793999 -0.896133006 0.215517998 -0.228030995 -0.404334009 -0.885729015 0.149637997 0.425709993 -0.89240098 0.431003988 0.891617 0.13876 0.401531011 0.907015979 0.126863003 0.246040002 0.250860006 0.936233997 0.0843399987 -0.123908997 0.988703012 -0.272926986 -0.753141999 0.598572016 -0.372837991 -0.726976991 -0.57662499 0.0462159999 0.338270992 -0.939912975 -0.0606749989 0.363128006 -0.929762006 0.355751008 0.934139013 -0.0287330002 0.383605003 0.432985991 0.815702021 0.137315005 -0.213982999 0.967137992 -0.142840996 -0.738801003 0.658612013 -0.362046987 -0.596607983 -0.716226995 -0.398813993 -0.360377997 -0.843253016 -0.269986004 0.248439997 -0.930261016 0.135922998 0.931360006 -0.337778002 0.470485002 0.486068994 0.736464024 0.267167985 -0.351016998 0.897445977 -0.0356349982 -0.837931991 0.544610023 -0.51464498 -0.0498309992 -0.855953991 0.011717 -0.934881985 0.354764014 -0.477131009 0.227783993 -0.848800004 0.083916001 0.972751021 -0.216131002 0.582177997 0.40754199 0.703545988 0.439206004 -0.364116997 0.821290016 0.0472979993 -0.981996 0.182887003 -0.688512027 -0.218142003 -0.691639006 0.67534399 -0.238238007 0.697962999 -0.585192025 0.341888994 -0.735297024 0.00175699999 0.975453973 -0.220198005 0.664547026 0.543878973 0.512419999 0.920202017 -0.0583529994 0.38707 0.065752998 -0.982361972 0.175047994 -0.821430027 -0.384698004 -0.421021998 0.566051006 0.822598994 -0.0540070012 -0.854573011 0.148819998 -0.497552007 -0.478422999 0.759256005 -0.441183001 0.751784027 0.643058002 -0.145934001 0.98645103 -0.115578003 0.116432004 0.177278996 -0.918967009 0.352239013 -0.716623008 -0.686456978 0.123400003 -0.505679011 0.820411026 -0.266860992 -0.993851006 0.0246290006 -0.107952997 -0.275216997 0.939513981 -0.203887001 0.844864011 0.484389007 -0.227096006 0.975818992 -0.200232998 -0.0876569971 0.326977998 -0.911448002 0.249696001 -0.642156005 -0.71995002 0.263265014 -0.996070027 -0.00170699996 0.0885479972 -0.893207014 -0.254777998 0.370499015 -0.0776889995 0.989158988 0.124610998 0.609714985 0.719811976 -0.331842005 0.802192986 -0.527550995 -0.279599994 0.625801027 -0.75265801 -0.204642996 -0.467011988 -0.837226987 0.284518003 -0.473553985 -0.737179995 0.481988013 -0.581915975 -0.233253002 0.779080987 0.0652810037 0.634355009 0.770281017 0.757476985 0.561030984 -0.333875 0.909211993 -0.416081011 0.0144689996 0.0772479996 -0.757525027 0.648220003 -0.491636008 -0.124247 0.861890972 0.459573001 0.841313004 0.284577996 -0.760954976 0.618981004 0.194448993 0.133221999 -0.643774986 0.753529012 0.963406026 -0.106357999 0.246043995 -0.944049001 0.329620004 0.0110339997 -0.712311029 -0.508782029 0.48348099 0.890666008 -0.122216001 -0.437923014 0.103866003 0.823614001 -0.557559013 0.401816994 -0.896641016 0.185953006 -0.100348003 0.875577986 -0.472539991 -0.96015501 0.272399008 0.0624600016 -0.686074018 -0.606224 0.402238011 0.517978013 -0.845921993 0.126941994 0.89349699 -0.0187350009 -0.448677987 0.952955008 0.124080002 -0.276553005 -0.255297005 0.780740976 -0.570321977 -0.984758019 0.129550993 -0.116048999 -0.64894402 -0.660933018 0.376881003 0.595571995 -0.751299977 0.28433001 0.462271005 -0.733816981 0.497814 0.947533011 0.203966007 -0.246130005 -0.344520986 0.717540979 -0.605343997 -0.977163017 0.0797450021 -0.196961999 -0.67296797 -0.646012008 0.360253006 -0.904317975 -0.403620988 0.138924003 0.234165996 -0.760556996 0.605574012 0.899841011 0.396566004 -0.181721002 -0.409963995 0.688055992 -0.598756015 -0.936055005 0.0954539999 -0.338658988 -0.854089975 -0.0387479998 -0.518679976 -0.872609973 -0.486633003 -0.0417140014 0.274141014 -0.684324026 0.675683022 0.904487014 0.425965995 -0.0213559996 -0.221320003 0.667442024 -0.711012006 -0.105356 0.61650598 -0.780269027 -0.795489013 -0.0268370006 -0.605373025 -0.848456979 -0.518284023 -0.107248999 0.321657985 -0.599144995 0.733186007 0.894603014 0.421431005 0.148595005 0.86025399 0.429372013 0.274958998 -0.0159200002 0.440901995 -0.897414029 -0.726682007 -0.0488599986 -0.68523401 -0.758886993 -0.631887019 -0.157508001 0.283665001 -0.580033004 0.763607025 0.722072005 -0.464163005 0.512995005 0.908577979 0.377162009 0.179538995 -0.292723 0.151369005 -0.944140017 0.694402993 0.0959850028 -0.713155985 -0.171450004 -0.32891801 -0.928664982 -0.299892992 -0.953868985 0.0141070001 0.934566975 0.345753014 -0.0839049965 0.308349013 -0.695272028 0.64924401 0.446373999 -0.482858986 -0.753390014 0.0863159969 0.72862798 0.679449022 0.154002994 0.519025981 0.840771019 0.214561999 -0.177983999 -0.96035701 0.477173001 0.865113974 -0.154544994 -0.154148996 -0.92572701 -0.345351994 -0.194116995 0.33919701 0.920469999 -0.534830987 -0.479521006 0.69571197 -0.266200989 -0.781651974 -0.564054012 0.0770210028 0.624714971 0.777045012 -0.282240987 -0.71657598 -0.637854993 0.170270994 -0.00875400007 -0.985358 0.477142006 0.878714979 0.0139579996 0.119253002 0.485401005 0.866119981 -0.0693340003 0.306964993 0.949191988 -0.475704014 -0.518737018 0.710364997 -0.362969995 -0.622677028 0.693198979 -0.298431009 -0.679309011 -0.670431018 0.0821800008 0.0642630011 -0.994544029 0.448863 0.883374989 0.134799004 0.140433997 0.328043997 0.934165001 0.0535750017 0.280689001 0.958302021 0.180499002 0.241696998 0.95341599 -0.25108099 -0.700891018 0.667614996 -0.352991015 -0.643113017 -0.679561019 0.0665019974 0.320096999 -0.945047975 0.415241003 0.731598973 0.540682971 0.187468007 0.202037007 0.961268008 0.336971998 0.274729997 0.900541008 0.253264993 0.117449999 0.96024102 -0.163102001 -0.739189982 0.653448999 -0.431591004 -0.605450988 -0.668699026 0.0895100012 0.552187979 -0.828900993 0.440284997 0.664821029 0.603459001 0.501205027 0.686649978 0.526597977 0.400523007 0.236283004 0.885298014 0.356757998 0.120614 0.926378012 -0.147854999 -0.774061024 0.615604997 -0.479440987 -0.523078024 -0.704645991 0.0364970006 0.627530992 -0.777736008 -0.0654440001 0.637260973 -0.767863989 0.51899302 0.656162977 0.547810018 0.463077992 0.208958 0.861334026 0.426245004 0.114578001 0.897321999 -0.0819069967 -0.834614992 0.54470998 -0.540125012 -0.53442198 -0.650121987 -0.592638016 -0.60384798 -0.533055007 -0.248274997 0.653204978 -0.715319991 0.519423008 0.689550996 0.504697025 0.589199007 0.210518003 0.780080974 0.568126976 0.131782994 0.812321007 0.0922729969 -0.80062598 0.592015982 0.32644999 -0.743598998 0.583516002 -0.656444013 -0.635595024 -0.406325012 -0.438223988 0.655089974 -0.615481019 0.566335022 0.742974997 0.356725991 0.709173977 0.40240401 0.578915 0.709124982 0.147419006 0.689499974 0.857155979 0.196470007 0.476112992 0.420933992 -0.745835006 0.516278982 -0.798035026 -0.554086983 -0.236910999 -0.559786975 0.577718973 -0.594035983 0.251388013 0.922933996 -0.29154101 0.799215972 0.539200008 0.265551001 0.943377018 0.32297799 0.0756699964 0.979345024 0.108580999 0.170569003 0.341495007 -0.78977102 0.509552002 -0.859624982 -0.496178001 0.121868998 -0.828365982 0.41514799 -0.376114011 0.157420993 0.892831028 -0.421986014 0.00587200001 0.884248018 -0.46698001 0.88934797 0.358828992 -0.283374995 0.99783498 -0.00894400012 -0.0651630014 0.304995 -0.775093973 0.553359985 -0.695622981 -0.599371016 0.39605999 -0.985505998 0.145276994 -0.0875959992 -0.984395027 0.115907997 0.132405996 -0.00909900013 0.92404902 -0.382167011 0.860328019 0.346947998 -0.373447001 0.968065977 -0.0650150031 -0.242117003 0.278037995 -0.886233985 0.370517999 -0.51115799 -0.743700981 0.430842996 -0.482277006 -0.74131 0.466764987 -0.860224009 -0.103055999 0.499394 0.0523840003 0.998557985 0.0117490003 0.666718006 0.448365003 -0.595362008 0.770428002 -0.523328006 -0.364098996 0.215814993 -0.968949974 0.120664999 -0.228219002 -0.114765003 0.966822028 0.422277004 -0.736874998 -0.527917981 -0.495638013 0.0979520008 0.862987995 0.574954987 0.728344977 0.372747004 0.783945978 0.133769006 -0.606247008 0.730241001 -0.652033985 -0.203962997 0.382371992 0.358949006 0.851437986 0.987333 -0.140341997 -0.0740050003 0.890444994 0.380609006 -0.249487996 -0.478606999 -0.0433179997 0.87695998 0.155471995 0.824643016 0.543866992 -0.0758880004 -0.968343019 0.237809002 0.0912579969 -0.765258014 -0.637223005 0.887332022 0.386725008 -0.251170993 0.182697996 -0.721399009 -0.667985976 -0.852522016 -0.176424995 0.492017001 0.115650997 0.788010001 0.604703009 -0.822265029 -0.297491997 0.48515901 0.834950984 0.350627989 -0.424165994 0.0672279969 -0.754652023 -0.652671993 -0.706827998 -0.425635993 0.565002978 0.0956759974 0.711480021 0.696162999 0.678143024 0.455000997 -0.57714498 -0.131375998 -0.672932982 -0.727943003 -0.715839028 -0.375308007 0.588828027 0.143993005 0.700248003 0.699227989 0.516655028 0.606562018 -0.604276001 -0.308620006 -0.564280987 -0.76572901 -0.772441983 -0.249574006 0.583992004 0.222665995 0.707871974 0.670327008 0.402554005 0.715659976 -0.570771992 -0.371273994 -0.578110993 -0.726598024 -0.600959003 -0.454326004 0.657598972 0.384552985 0.650086999 0.655367017 0.277552992 0.771036983 -0.573119998 -0.458029985 -0.484638005 -0.745208025 -0.414146006 -0.769340992 0.486413002 0.325879991 0.519949973 0.789591014 0.186734006 0.837117016 -0.514163971 -0.549718022 -0.362962991 -0.752375007 -0.345647991 -0.88519299 0.311385006 0.367069006 0.199680999 0.908509016 0.187987 0.893588006 -0.407629013 -0.618246019 -0.29133299 -0.729997993 -0.351559013 -0.899257004 0.260277003 0.592254996 -0.0202920008 0.805495024 0.176609993 0.854560018 -0.488402009 -0.661230981 -0.280281991 -0.695855975 -0.197979003 -0.948596001 0.246921003 0.767265975 0.000494999986 0.641327977 -0.188850999 0.926159024 -0.326442003 -0.657305002 -0.451184005 -0.603641987 -0.146034002 -0.964878023 0.218366995 0.777848005 -0.00123399997 0.62845099 -0.247142002 0.959020972 0.138558999 -0.886227012 -0.457773 0.071029 0.0710000023 -0.995962024 0.054947 0.928134024 -0.370541006 -0.0355909988 0.0762870014 0.988264978 0.132333994 -0.78174001 0.0106100002 0.623513997 0.0433660001 -0.998549998 -0.0319040008 0.993842006 -0.0830129981 0.0734020025 0.0502730012 0.968591988 0.243522003 -0.957394004 0.285955012 -0.0403270014 -0.143888995 -0.920276999 -0.363848001 0.971925974 -0.226008996 0.0654190034 0.0269939993 0.496004999 0.867900014 -0.903311014 0.366299987 0.223277003 -0.543596983 -0.836812019 0.0651699975 0.527271986 -0.779469013 0.338250011 -0.639886975 -0.659865975 0.393855006 -0.657545984 -0.752852976 -0.0290699992 0.638661981 -0.567569971 -0.519590974 -0.845390975 0.180779994 0.502624989 0.778257012 0.290628999 0.556641996 0.835132003 -0.509127975 0.208192006 -0.530592978 -0.847474992 -0.0160239991 0.647997022 -0.428553998 -0.62963599 -0.174373999 0.783694029 0.596168995 0.868224978 0.477816999 -0.133704007 0.787496984 0.560751021 -0.25574699 -0.423105001 -0.895026028 -0.141106993 0.593026996 -0.252799004 -0.764468014 -0.272044003 0.762874007 0.586528003 0.695097029 0.595856011 -0.402238995 -0.209813997 0.696663022 0.686030984 -0.220510006 -0.941132009 -0.25621599 0.557310998 0.0274059996 -0.829850972 0.572712004 0.635793984 -0.517462015 -0.159987003 0.679527998 0.715992987 -0.249737993 -0.946368992 -0.204980999 0.547914982 0.124109 -0.827275991 0.550845981 0.667954028 -0.500406027 -0.143056005 0.687804997 0.711659014 -0.434157014 -0.855086982 -0.283432007 0.484786004 0.157165006 -0.860396028 0.577727973 0.703041971 -0.414683014 0.0168600008 0.509209991 0.860476971 -0.703369975 -0.589734018 -0.396842986 0.314126015 0.427123994 -0.847873986 0.547397971 0.782262981 -0.297352999 0.285468012 0.266508996 0.920587003 -0.732182026 -0.556079984 -0.39330101 0.0778649971 0.63013798 -0.772569001 0.537266016 0.823359013 -0.182825997 0.387879997 0.0733209997 0.918789029 -0.787732005 -0.545812011 -0.285600007 -0.0542519987 0.643377006 -0.763625026 0.534446001 0.827491999 -0.172116995 0.483657002 -0.0280649997 0.874808013 -0.855266988 -0.485561013 -0.180965006 -0.126485005 0.724083006 -0.678014994 0.625689983 0.771198988 -0.117317997 0.625252008 -0.213833004 0.750557005 -0.868939996 -0.488851994 -0.0772460029 -0.281349987 0.787856996 -0.547836006 0.67890799 0.723681986 -0.123966999 0.732318997 -0.466030985 0.496511012 -0.810572028 -0.585128009 -0.0244600009 -0.442267001 0.845230997 -0.299975008 0.601961017 0.792430997 -0.0984669998 0.854299009 -0.490745008 0.171296 -0.497875005 -0.865833998 -0.0495080017 -0.83177799 0.472855002 0.290780008 0.309942991 0.922652006 0.229454994 0.956215978 -0.27838999 -0.0902770013 -0.270664006 -0.948441982 -0.164921999 -0.923165023 0.0485109985 0.381329 -0.262273997 0.813319981 0.519348025 0.999220014 -0.0119270002 -0.0376529992 -0.00645799981 -0.860174 0.509958982 -0.799516976 0.290529013 0.52570498 -0.239980996 0.637510002 0.732114017 0.584672987 0.359584004 0.727226019 0.863964975 0.193693995 0.464807987 0.873341978 -0.360711992 0.327354997 0.874810994 -0.162880003 -0.456261992 0.329017997 0.476388007 0.815352976 0.923429012 0.281033993 -0.261341989 -0.529142976 -0.267008007 0.805428028 -0.604192972 -0.595098972 0.529913008 -0.275252014 -0.959565997 -0.0589010008 0.766381025 -0.196705997 -0.611527979 -0.268952012 -0.96065098 -0.0693880022 -0.748318017 0.408872008 0.52234602 0.37993899 0.920129001 0.0949179977 0.841399014 0.257028013 -0.475378007 -0.925653994 -0.206624001 0.316973001 -0.827305019 0.398312986 0.396122992 -0.822549999 -0.131549001 0.553269029 0.650389016 -0.148351997 -0.744974017 -0.211234003 -0.975089014 -0.0676869974 -0.716682017 -0.229461998 0.658569992 0.309774995 0.942686975 0.124021001 0.703054011 0.296178997 -0.646524012 -0.719087005 0.282626003 0.634850979 -0.608676016 0.153764993 0.778376997 0.54816699 -0.0424779989 -0.835290015 -0.109304003 -0.988516986 -0.104344003 -0.579366028 -0.364201993 0.729171991 -0.475524992 0.105924003 0.873301983 0.25613901 0.958904982 0.122042 0.574002981 0.38955 -0.720257998 0.158179998 0.96994102 0.184916005 0.374511003 0.0692740008 -0.924631 -0.00970300008 -0.774854004 -0.632066011 -0.429226011 -0.524690986 0.735162973 -0.328857005 0.0519419983 0.94295001 0.127976999 0.957843006 0.25721401 0.427379996 0.592881978 -0.682523012 0.105314001 0.195589006 -0.975014985 -0.080163002 -0.283659011 -0.955569029 -0.316184014 -0.872999012 0.37134999 -0.0492479987 0.0100980001 0.998736024 0.260464013 0.948750973 0.178967997 0.253695995 0.695143998 -0.672616005 -0.117034003 0.301250011 -0.946335971 -0.226505995 0.0602030009 -0.972146988 -0.378484011 -0.914716005 -0.141580999 0.101350002 -0.195629001 0.975426972 0.345140994 0.908192992 0.236776993 0.104953997 0.719627023 -0.686383009 -0.286900997 0.317225009 -0.903910995 -0.394199014 0.107973002 -0.912660003 -0.485545009 -0.863843024 -0.134243995 0.279835999 -0.254588008 0.925675988 0.473591 0.827935994 0.300388008 0.00607200013 0.73992902 -0.672657013 -0.451211989 0.281962991 -0.84670198 -0.535912991 0.151115 -0.830640018 -0.579320014 -0.807416975 -0.111651003 0.467702001 -0.233360007 0.852523983 0.568194985 0.808229029 0.154666007 -0.0163950007 0.773921013 -0.633069992 -0.478112996 0.475704998 -0.738318026 -0.570236027 0.329878986 -0.752336979 -0.581916988 -0.80854702 -0.0873199999 0.634234011 -0.282617003 0.71963501 0.590521991 0.807021022 0.00150300004 -0.132290006 0.763562977 -0.632037997 -0.692622006 0.491407007 -0.528010011 -0.878583014 -0.00279300008 -0.477580994 -0.145714 -0.951834977 0.269773006 0.735718012 -0.438937008 0.515803993 0.702098012 0.711412013 0.0308369994 -0.221852005 0.845708013 -0.485343993 -0.797681987 0.556636989 -0.232074007 -0.916073024 -0.394107997 0.0740920007 0.110551 -0.965707004 0.234924003 0.787611008 -0.586724997 0.188208997 0.778270006 0.622985005 -0.0786430016 -0.257447004 0.924417973 -0.281376004 -0.660345972 0.726935983 0.188436002 -0.994486988 -0.0637819991 0.0832339972 0.0613920018 -0.998084009 -0.0076919999 0.880806029 -0.41208601 -0.233163998 0.716277003 0.689269006 -0.108880997 -0.281980991 0.952412009 0.115750998 -0.686824024 0.508297026 0.519524992 -0.866927981 -0.450349987 0.213589996 0.0154189998 -0.89894402 -0.437792987 0.828915 -0.156246006 -0.537109971 0.562237024 0.826910973 0.0103700003 -0.350935012 0.829523981 0.434437007 -0.355080992 0.558806002 0.749435008 -0.44442299 0.0501120016 0.894414008 -0.153326005 -0.709658027 0.687660992 0.900323987 -0.238980994 -0.363736004 0.502537012 0.668522 0.548210025 -0.169972003 0.522957027 0.835240006 0.928416014 0.0632100031 0.366126001 0.918888986 -0.392221004 0.042498 0.714847028 -0.255766004 -0.650828004 0.701357007 0.65565002 0.279680997 0.818530023 0.338768989 -0.463943988 -0.102573998 0.317184001 0.942800999 -0.353540003 -0.226206005 0.907656014 -0.474676996 -0.671721995 0.568745017 -0.324479997 -0.93530798 -0.141106993 0.587741971 -0.309175014 -0.747642994 -0.257517993 -0.956255019 -0.138786003 0.461681992 0.885912001 0.0448199995 0.740388989 0.260414004 -0.619683981 -0.669058979 0.423952997 0.610430002 -0.836449027 -0.261467993 0.481651008 -0.73181802 -0.258872002 0.630419016 0.398750991 -0.355280012 -0.84544301 -0.255650997 -0.959169984 -0.120979004 -0.587046027 -0.348524004 0.730690002 0.365915 0.930644989 -0.00245600007 0.578144014 0.205621004 -0.789601028 -0.592333019 0.331037015 0.734544992 -0.402850002 0.35097301 0.845297992 0.204240993 -0.337047011 -0.919067025 -0.252054989 -0.967260003 0.0296170004 -0.415096998 -0.359088004 0.835913002 -0.204745993 0.422573 0.882898986 0.338683993 0.940739989 -0.0173829999 0.376529992 0.235912994 -0.895862997 0.260428011 0.962647974 -0.0740690008 -0.0161680002 -0.359214008 -0.933115005 -0.254918993 -0.966570973 0.0275170002 -0.205193996 -0.324277014 0.923439026 0.0424919985 0.553960025 0.831457973 0.269529015 0.904468 -0.33059299 0.155553997 0.180770993 -0.971145988 -0.243789002 -0.456075013 -0.855898976 -0.159961998 -0.930040002 0.330814004 0.0291450005 -0.286067009 0.957765996 0.200225994 0.546851993 0.812934995 0.203465 0.902540028 -0.379505008 -0.0397030003 0.248117 -0.967916012 -0.381532013 -0.29875499 -0.874745011 -0.233338997 -0.955309987 0.181480005 0.231116995 -0.267165989 0.935525 0.385948002 0.542219996 0.746352017 0.109058999 0.853574991 -0.509427011 -0.222765997 0.188351005 -0.956503987 -0.507623017 -0.41049999 -0.757502019 -0.184245005 -0.968436003 0.167886004 0.388386011 -0.264928013 0.882592976 0.522138 0.56664902 0.637401998 0.0432239994 0.882650971 -0.468037009 -0.391970992 0.173657 -0.903438985 -0.631684005 -0.249328002 -0.734036982 -0.235396996 -0.965876997 0.108027004 0.489080012 -0.296550006 0.820280015 0.577443004 0.700766981 0.418909013 -0.0882799998 0.826758027 -0.555588007 -0.518593013 0.227043003 -0.824325025 -0.752642989 -0.265273005 -0.602626979 -0.179441005 -0.978850007 0.098251 0.637037992 -0.304742992 0.708034992 0.588449001 0.725401998 0.35710001 -0.180585995 0.868909001 -0.460853994 -0.655290008 0.247813001 -0.713571012 -0.909178972 -0.212026998 -0.358384013 -0.251731008 -0.961660981 0.108811997 0.825482011 -0.324146003 0.462069988 0.582225025 0.801993012 0.133497998 -0.165159002 0.926297009 -0.338669002 -0.715408027 0.527711987 -0.457942992 -0.968823016 -0.246884003 0.0207470004 -0.195194006 -0.946440995 0.257194012 0.87301302 -0.45807001 0.167392999 0.701031029 0.70796901 -0.0856420025 -0.204802006 0.941313028 -0.268301994 -0.790630996 0.576362014 -0.206665993 -0.952014983 0.148770005 0.267459005 -0.491169989 -0.79855603 0.347936988 0.759588003 -0.647270977 -0.0637679994 0.858790994 0.434211999 -0.271916002 -0.160556003 0.966638029 -0.199582994 -0.692130029 0.720961988 0.0342149995 -0.866446972 0.154826 0.474655002 -0.593415976 -0.763725996 0.254126996 0.557936013 -0.715528011 -0.420388997 0.799637973 0.334668994 -0.498573005 0.306685001 0.929234028 -0.206080005 -0.531159997 0.806364 0.26008901 -0.348176986 0.372065008 0.860430002 -0.550175011 -0.339821994 0.762776971 0.617075026 -0.267627001 0.739996016 0.850009978 0.445073009 -0.281767994 0.389109999 0.845463991 0.365763992 -0.0648439974 0.70608598 0.705151021 0.975980997 0.149388999 0.158565998 0.901866019 -0.431095004 0.0282029994 0.599771023 -0.405479997 -0.689827025 0.729196012 0.674506009 0.115390003 0.717366993 0.251706004 -0.649636984 0.365543991 0.583428025 0.725251019 -0.085059002 0.280842006 0.955977023 -0.368577987 -0.382607013 0.847208977 -0.417064995 -0.902203977 0.109929003 0.474409014 -0.228009999 -0.850263 -0.311935991 -0.950016975 0.012755 0.600901008 0.657446027 -0.454623997 0.541180015 0.34860599 -0.765244007 -0.318536013 0.78561902 0.530412972 -0.730598986 0.103096001 0.674978971 -0.600206971 -0.0240150001 0.799484015 0.325755 -0.224484995 -0.918416977 -0.291579008 -0.956422985 -0.015385 -0.448608011 -0.0658899993 0.891296029 0.368873 0.881229997 -0.29557699 0.468955994 0.376484007 -0.798961997 -0.371558011 0.509362996 0.776205003 -0.159245998 0.594155014 0.788429022 0.109523997 -0.355836987 -0.928107977 -0.401639014 -0.913272977 0.0679619983 -0.30834499 -0.0773520023 0.948123991 -0.0243919995 0.523683012 0.85156399 0.276982009 0.960663974 -0.0201549996 0.392019004 0.387237012 -0.834487021 0.371897012 0.928258002 -0.00548399985 -0.111098997 -0.408030003 -0.906183004 -0.390361011 -0.89139998 0.230268002 -0.119255997 -0.0981089994 0.988004029 0.166445002 0.478361994 0.862245023 0.392111987 0.91129303 0.125670999 0.273402005 0.48150301 -0.832710028 -0.265774012 -0.318866014 -0.909774005 -0.340609014 -0.902351975 0.264095992 0.0431969985 -0.199402004 0.978964984 0.374552995 0.545709014 0.74960798 0.412878007 0.91069901 -0.0126200002 0.131352007 0.499698997 -0.856181979 -0.359133989 -0.208259001 -0.909753025 -0.270752996 -0.945392013 0.181458995 0.187711 -0.274960995 0.942952991 0.438647002 0.603055 0.666269004 0.299975008 0.924780011 -0.234086007 -0.0498690009 0.545130014 -0.836866975 -0.491625011 -0.136383995 -0.86006099 -0.269363999 -0.960922003 0.0638139993 0.321606994 -0.34680301 0.881076992 0.516934991 0.598289013 0.612232029 0.137618005 0.898244977 -0.417391986 -0.218814 0.511453986 -0.83098501 -0.611956 -0.140604004 -0.778293014 -0.304060996 -0.949864984 0.0728280023 0.397000998 -0.410378993 0.820963025 0.599102974 0.490388989 0.632924974 0.100116 0.922941029 -0.371693999 -0.350618988 0.523479998 -0.776552975 -0.732547998 -0.203858003 -0.649474025 -0.0985589996 -0.984592974 0.144442007 0.545211971 -0.458941996 0.701510012 0.715761006 0.418936998 0.558728993 0.133555993 0.973209977 -0.187151 -0.493003011 0.529087007 -0.690662026 -0.922537982 -0.182301998 -0.340131998 0.00964600034 -0.99001199 0.140649006 0.736470997 -0.493928999 0.46221599 0.897692025 -0.00506900018 0.440595001 0.238178 0.963652015 -0.121017002 -0.713952005 0.557550013 -0.423568994 -0.931447983 -0.345782995 0.113309003 -0.206716001 -0.907751024 0.365043014 0.913908005 -0.383334011 0.133518994 0.962890029 -0.226009995 0.147523001 0.58604002 0.807740986 -0.0641240031 -0.754338026 0.619436026 -0.217424005 -0.832581997 -0.393819004 0.389503986 -0.103537999 -0.953647971 0.282550991 0.831423998 -0.55231899 -0.0606409982 0.978958011 -0.135340005 -0.152723998 0.587450027 0.783966005 -0.200746 -0.794035017 0.604997993 0.0590430014 -0.851408005 -0.291610003 0.435968012 -0.320093006 -0.920170009 0.225449994 0.778048992 -0.428368002 -0.459500998 0.882552981 0.0817930028 -0.463045001 0.382699996 0.92215699 -0.0562889986 -0.895934999 0.334322989 0.292452991 -0.439830005 -0.0819649994 0.894333005 -0.197315007 -0.863255978 0.464601994 0.924310982 0.103913002 0.367220998 0.843244016 0.502340972 0.191294 0.557505012 0.829953015 -0.0191510003 -0.425666988 0.64437902 0.63528198 -0.994721234 -0.101858966 -0.0124283805 -0.740003467 0.639330924 0.208928019 -0.948119223 -0.260615945 0.182069436 -0.68158406 -0.71038425 -0.175491676 -0.922627985 0.371292889 -0.104399055 -0.760551989 -0.502956867 -0.410603255 -0.472822279 0.754040778 0.455918431 -0.441570759 0.878504157 0.182334006 -0.541347921 0.814396083 0.209049046 -0.498937368 0.853768051 0.148800775 -0.409332901 0.889236689 0.204217285 0.0912919715 0.987793863 0.126210615 -0.388213158 -0.918388903 -0.0765006617 -0.247236118 -0.936445713 -0.248884901 -0.920530617 -0.16727601 0.353046924 0.25278452 -0.903412759 -0.346331388 -0.420850605 0.900879323 0.106307253 -0.881793439 0.222071052 -0.416082621 -0.280467331 0.959576011 -0.0234927833 -0.627820015 0.777665257 -0.0328438655 -0.815897763 0.577871203 -0.0193822552 -0.730635643 -0.211724982 -0.649110258 -0.345094562 -0.736749649 -0.58147198 -0.788552701 -0.543753922 0.287256539 -0.881254315 0.116231009 0.458127975 -0.0446738228 0.824473917 0.564133883 0.449889064 0.885481179 0.116288282 0.10325937 0.974584341 0.198803619 0.657505929 0.751483142 -0.0543964989 -0.381033212 0.899541676 0.213631585 -0.526071966 0.82056874 0.223417208 -0.459701806 0.865380049 0.199478492 -0.358879507 0.914484441 0.186878994 -0.341763228 0.92276901 0.178031445 -0.223204195 0.949948668 0.21858035 0.982500196 0.175863981 -0.0613610446 0.271503985 0.948034167 0.165881708 0.677854896 -0.618485928 -0.397476912 -0.0106443316 -0.960245788 -0.278952986 0.190928012 -0.926766455 -0.323497266 0.689158082 -0.677312136 -0.257506132 0.883676946 -0.447026104 -0.138862282 0.775655687 -0.614969969 -0.14202176 -0.0430244617 -0.946100652 -0.321002334 0.415463358 -0.9022668 -0.115346462 -0.211302355 0.947432935 0.240254372 -0.952651143 0.28604883 -0.103110783 -0.851531029 -0.167229995 -0.496919572 0.0688989311 0.981810689 -0.176919982 -0.19388786 0.979675114 -0.0514210016 -0.500678003 0.865559995 -0.0112865837 -0.353770196 0.934468985 -0.0401795506 -0.0397336595 0.989181757 -0.14121145 -0.945585012 0.29457891 0.138174668 -0.352991432 0.935458958 0.0177095216 -0.84002167 0.3579579 0.407712728 -0.9606722 0.200843975 0.191756621 -0.597690344 -0.41157195 -0.688022375 -0.504837453 -0.784650266 -0.359809846 -0.509387374 -0.859822154 -0.0350773633 -0.991857827 -0.088662982 0.0914161801 -0.733142495 0.679701686 0.0225314088 0.0705544725 0.979576945 0.188284472 0.51245749 0.854327619 0.0866699815 0.483042181 0.87428391 0.0479369387 0.510218799 0.859110951 0.0400645062 0.482693195 0.875783145 -0.00333341444 0.479932874 0.875472724 0.0566739105 0.2250451 0.967648208 0.114068769 0.146971956 0.982212663 0.116865203 0.563403249 0.816653252 -0.12511684 0.245724961 0.964516938 0.0965729356 0.851585746 -0.279708892 -0.443356097 -0.474555284 0.820682228 0.318242013 -0.260982722 0.916807294 0.302245587 -0.388888955 0.882730484 0.263727605 0.300676405 0.931889713 0.202916965 0.873333931 0.392154187 0.288968831 0.886715293 -0.0252980012 0.461623251 0.808513582 -0.385611862 0.444532692 0.448917568 -0.772646427 -0.448876977 0.230156407 -0.880521655 -0.414378554 -0.155395567 -0.954256296 -0.255435139 -0.0382159203 -0.959571064 -0.278859973 0.164443061 -0.912062943 -0.375632346 0.300595671 -0.815231919 -0.49501428 0.336679965 -0.845375061 -0.414713889 0.67113328 -0.738777936 0.0615410358 0.809567451 -0.58528769 0.0451531187 -0.0235660914 -0.988153756 0.151646852 -0.237219065 -0.938388944 0.251303107 -0.301458985 -0.947326303 -0.108145297 0.306586206 -0.79795903 0.518908739 0.0571711548 -0.859375894 0.508138299 -0.341530502 0.894599378 0.28818211 -0.402795106 0.886280298 0.228611812 -0.969976723 0.169076934 0.174808875 -0.868908346 -0.490625173 0.0654616356 -0.894058347 -0.312936783 0.320515633 0.160633028 0.939956963 -0.301127762 0.088501431 0.995103598 0.044004254 0.0715157315 0.914004087 -0.399351984 -0.322770834 0.926906109 -0.191478729 -0.468104959 0.877984285 0.100106649 -0.871044338 -0.191372901 0.452391624 0.12158107 0.885814607 0.44782871 -0.128040045 0.78879106 0.601177514 -0.508434653 0.734954774 0.448704481 -0.283297449 0.337153792 0.897813916 -0.616476238 0.120980002 0.77802372 -0.499765933 -0.225618929 0.836259604 -0.531282008 -0.846863151 -0.023711849 -0.429737896 -0.894461095 -0.123550221 -0.0255460143 -0.982297182 -0.185579285 -0.118717484 -0.950472653 -0.287241787 -0.999694705 -0.00609900104 0.02394283 -0.727866411 -0.665775061 -0.164176881 -0.668581247 -0.732796609 -0.126523778 -0.498417914 0.858941793 0.117467508 -0.604611516 0.735460997 0.305846483 -0.555023372 0.831163287 -0.0334162153 -0.0884441063 0.994425356 -0.0574092008 0.459164858 0.887966454 0.0261381939 0.349007338 0.937066138 0.0100450106 0.104182243 0.991701722 -0.0753242299 0.487545431 0.866461933 0.107438937 0.522351146 0.849290311 0.0765197426 0.332952797 0.942762554 -0.0184718333 0.961965382 -0.273167014 -0.00153847295 0.18991439 0.97983104 0.0621584617 0.948596656 -0.0293499995 -0.315123707 0.392450064 -0.690731108 -0.607349515 -0.491398305 0.797569931 0.349871308 -0.281877548 0.91752249 0.280530751 -0.434549302 0.868199825 0.239574611 -0.286948264 0.928257763 0.236639515 -0.20317173 0.954499185 0.218294546 -0.264185548 0.948969841 0.172227204 -0.163251996 0.982582629 0.0887699872 -0.186139122 0.98243928 -0.012856409 0.614909291 0.600036085 0.511706233 0.21644485 0.970348835 0.107585944 0.636146784 0.330630988 0.697137296 0.59960556 0.46212104 0.653389096 0.403642118 0.0575779937 0.913103402 0.505112588 -0.609911144 0.610630572 0.180878326 -0.301310837 0.936213017 0.23459743 -0.175848991 0.956054986 0.0309179537 -0.937412202 -0.346846431 0.303006381 -0.869310439 -0.390495181 0.153989688 -0.913596869 -0.376334816 0.191889852 -0.754743814 -0.62732774 0.2713615 -0.531111062 -0.802673042 0.214363426 -0.770631731 -0.600145876 -0.213761136 -0.811496437 0.543856263 -0.458474219 -0.81750232 0.348556101 -0.35594663 -0.722732782 0.592418194 -0.175914854 -0.492715925 0.852223575 0.0363986604 -0.501056075 0.864648998 -0.234982759 -0.639661014 0.731858492 -0.662965953 -0.640299141 0.387934446 -0.67125392 -0.713738739 0.199988008 -0.556455135 -0.622745037 0.550042093 -0.0158380214 0.980433345 -0.196213052 0.471736848 0.744688928 0.472125739 -0.50382024 0.84640491 0.172522247 -0.608660758 -0.61448431 0.501937389 -0.632763624 -0.514315248 0.578869581 0.305125594 0.516944945 0.799791396 0.0714696422 -0.143657014 0.98704344 0.321115673 0.162116975 0.933061004 -0.236256823 -0.627029955 0.742304623 0.0974671394 -0.511755824 0.85358429 -0.0478968509 -0.988287866 -0.144889593 -0.395223618 -0.89687115 -0.198545694 -0.178673059 -0.968428075 -0.173847705 0.12437477 -0.981660247 -0.14447847 0.130180269 -0.978878736 -0.157637179 0.086329028 -0.96369487 -0.252664715 0.122921571 -0.94055301 -0.316623241 -0.601525009 -0.744292796 -0.290165246 -0.620518148 0.73934871 0.261382312 -0.944128871 -0.00329999952 -0.329560012 -0.251243532 0.937829852 0.239482507 -0.0839887708 0.995388031 0.0463525318 -0.048041258 0.9844473 0.168984041 -0.296869636 0.895992815 0.330250382 -0.199280411 0.93212527 0.302373648 0.237784162 0.967810154 0.0824753493 0.415190578 0.899538755 0.135819152 0.601757586 0.791791201 0.10466364 0.554362833 0.82012105 0.141715497 0.387601167 -0.833146274 -0.394502968 0.575455964 0.792613983 0.201527864 0.210411668 -0.92689395 -0.310796589 0.185771555 -0.949878275 -0.251436353 0.183784992 -0.962937653 -0.197418734 0.173458397 -0.980999231 -0.0869059488 0.219399735 -0.966257691 0.134943902 0.888329268 -0.137090966 0.438266069 0.251608491 -0.966448903 0.0516686402 0.594507456 0.760812998 0.260239303 0.600546241 0.170123979 0.781282306 0.676397383 0.296512842 0.674215615 0.56286782 0.300211012 0.770099461 0.117630251 -0.178166911 0.976944029 0.448768377 0.0160449967 0.893504083 0.0608330742 -0.353387088 0.933497131 0.0463246293 -0.300153941 0.952765226 -0.365010917 -0.681916773 0.633842647 -0.446698695 -0.712420225 0.541218698 -0.378969789 -0.442951083 0.812512279 -0.214283556 -0.499345034 0.839486182 -0.121469058 -0.369912863 0.921091616 -0.125047058 -0.734387815 0.667111516 0.292078704 -0.46070689 0.838116467 0.5089221 -0.256348103 0.821756661 -0.0197531395 -0.999640524 -0.0181281865 -0.357570946 -0.914566398 -0.188974366 -0.42306602 -0.874781072 -0.236163631 -0.44815588 -0.857450068 -0.252855122 -0.43047747 -0.847798645 -0.309720159 -0.731284738 -0.284754932 -0.61978811 0.128209442 0.923303008 0.362041295 -0.631067038 0.748909175 -0.202211365 0.0174391791 0.971217215 0.237556189 0.184071302 0.971266448 0.150861695 -0.0215437133 0.935441613 0.352824122 0.146313012 0.943564653 0.297116518 0.421490401 0.890406251 0.17182143 0.440795004 0.871119082 0.216451555 0.20997858 -0.977139711 0.0332711488 0.450501204 -0.870761871 0.197034061 -0.134391382 -0.980159521 -0.145692453 0.164051741 -0.985686421 0.0388505124 0.714778721 0.695577979 0.0725442171 0.959069073 -0.216209918 0.182865366 0.459055573 0.854822993 0.241961986 0.243763015 -0.418509722 0.874888122 0.424052358 -0.534064829 0.731405735 -0.27326417 -0.949455261 -0.154471472 -0.572722077 -0.579602957 -0.579698086 -0.551530898 0.0698340088 -0.83122617 -0.496285379 0.486917913 -0.718757093 0.45989117 0.814484417 0.353716314 0.39774242 0.853775501 0.335958958 0.511073172 0.74973619 0.42035684 0.0587150194 0.991710842 -0.114289731 0.348592758 0.905358255 0.242506698 0.284040958 0.934729636 0.213544503 0.773462296 -0.378329933 -0.508549511 -0.396237195 -0.725744128 -0.562398076 0.0597616248 -0.81579268 -0.57524848 0.611456931 0.750277877 0.251403034 0.516817272 0.802166343 0.299046993 0.677713037 0.735325098 -0.00145041349 0.690308809 0.625913084 -0.362913996 -0.196312934 0.0334359929 -0.979971051 -0.127877921 0.500307024 -0.856352806 0.447126329 0.735802889 -0.508598208 0.56826371 0.754679203 0.327926308 0.571845531 0.793839991 0.206907719 0.328618675 -0.00962700322 -0.944413602 0.716186583 0.683476985 0.14119482 -0.948119223 -0.260615945 -0.182069436 -0.740003467 0.639330924 -0.208928019 -0.994721234 -0.101858966 0.0124283805 -0.68158406 -0.71038425 0.175491676 -0.247236118 -0.936445713 0.248884901 -0.388213158 -0.918388903 0.0765006617 -0.920530617 -0.16727601 -0.353046924 -0.472822279 0.754040778 -0.455918431 -0.541347921 0.814396083 -0.209049046 -0.441570759 0.878504157 -0.182334006 -0.409332901 0.889236689 -0.204217285 -0.498937368 0.853768051 -0.148800775 -0.922627985 0.371292889 0.104399055 0.0912919715 0.987793863 -0.126210615 -0.760551989 -0.502956867 0.410603255 0.25278452 -0.903412759 0.346331388 0.689158082 -0.677312136 0.257506132 0.677854896 -0.618485928 0.397476912 -0.788552701 -0.543753922 -0.287256539 -0.0106443316 -0.960245788 0.278952986 0.190928012 -0.926766455 0.323497266 -0.881254315 0.116231009 -0.458127975 -0.0446738228 0.824473917 -0.564133883 0.449889064 0.885481179 -0.116288282 0.10325937 0.974584341 -0.198803619 0.657505929 0.751483142 0.0543964989 -0.526071966 0.82056874 -0.223417208 -0.381033212 0.899541676 -0.213631585 -0.459701806 0.865380049 -0.199478492 -0.358879507 0.914484441 -0.186878994 -0.341763228 0.92276901 -0.178031445 -0.420850605 0.900879323 -0.106307253 -0.223204195 0.949948668 -0.21858035 -0.881793439 0.222071052 0.416082621 -0.280467331 0.959576011 0.0234927833 -0.627820015 0.777665257 0.0328438655 -0.815897763 0.577871203 0.0193822552 0.982500196 0.175863981 0.0613610446 0.271503985 0.948034167 -0.165881708 -0.730635643 -0.211724982 0.649110258 -0.345094562 -0.736749649 0.58147198 0.775655687 -0.614969969 0.14202176 0.883676946 -0.447026104 0.138862282 -0.0430244617 -0.946100652 0.321002334 0.415463358 -0.9022668 0.115346462 0.448917568 -0.772646427 0.448876977 0.851585746 -0.279708892 0.443356097 -0.509387374 -0.859822154 0.0350773633 0.230156407 -0.880521655 0.414378554 -0.0382159203 -0.959571064 0.278859973 -0.155395567 -0.954256296 0.255435139 0.300595671 -0.815231919 0.49501428 0.164443061 -0.912062943 0.375632346 0.336679965 -0.845375061 0.414713889 -0.991857827 -0.088662982 -0.0914161801 0.0705544725 0.979576945 -0.188284472 -0.733142495 0.679701686 -0.0225314088 0.483042181 0.87428391 -0.0479369387 0.51245749 0.854327619 -0.0866699815 0.510218799 0.859110951 -0.0400645062 0.479932874 0.875472724 -0.0566739105 0.482693195 0.875783145 0.00333341444 0.2250451 0.967648208 -0.114068769 0.146971956 0.982212663 -0.116865203 0.563403249 0.816653252 0.12511684 0.245724961 0.964516938 -0.0965729356 -0.474555284 0.820682228 -0.318242013 -0.388888955 0.882730484 -0.263727605 -0.260982722 0.916807294 -0.302245587 -0.211302355 0.947432935 -0.240254372 -0.952651143 0.28604883 0.103110783 -0.851531029 -0.167229995 0.496919572 -0.19388786 0.979675114 0.0514210016 0.0688989311 0.981810689 0.176919982 -0.500678003 0.865559995 0.0112865837 -0.353770196 0.934468985 0.0401795506 -0.0397336595 0.989181757 0.14121145 -0.945585012 0.29457891 -0.138174668 -0.352991432 0.935458958 -0.0177095216 -0.84002167 0.3579579 -0.407712728 -0.9606722 0.200843975 -0.191756621 0.300676405 0.931889713 -0.202916965 0.886715293 -0.0252980012 -0.461623251 0.873333931 0.392154187 -0.288968831 0.808513582 -0.385611862 -0.444532692 -0.597690344 -0.41157195 0.688022375 -0.504837453 -0.784650266 0.359809846 0.67113328 -0.738777936 -0.0615410358 0.809567451 -0.58528769 -0.0451531187 -0.0235660914 -0.988153756 -0.151646852 -0.237219065 -0.938388944 -0.251303107 -0.301458985 -0.947326303 0.108145297 0.0571711548 -0.859375894 -0.508138299 0.306586206 -0.79795903 -0.518908739 0.392450064 -0.690731108 0.607349515 0.948596656 -0.0293499995 0.315123707 -0.0255460143 -0.982297182 0.185579285 -0.429737896 -0.894461095 0.123550221 -0.118717484 -0.950472653 0.287241787 0.0309179537 -0.937412202 0.346846431 0.2713615 -0.531111062 0.802673042 0.191889852 -0.754743814 0.62732774 0.303006381 -0.869310439 0.390495181 0.214363426 -0.770631731 0.600145876 0.153989688 -0.913596869 0.376334816 -0.727866411 -0.665775061 0.164176881 -0.999694705 -0.00609900104 -0.02394283 -0.668581247 -0.732796609 0.126523778 -0.604611516 0.735460997 -0.305846483 -0.498417914 0.858941793 -0.117467508 -0.555023372 0.831163287 0.0334162153 0.349007338 0.937066138 -0.0100450106 0.459164858 0.887966454 -0.0261381939 0.104182243 0.991701722 0.0753242299 -0.0884441063 0.994425356 0.0574092008 0.332952797 0.942762554 0.0184718333 0.487545431 0.866461933 -0.107438937 0.522351146 0.849290311 -0.0765197426 0.961965382 -0.273167014 0.00153847295 0.18991439 0.97983104 -0.0621584617 -0.491398305 0.797569931 -0.349871308 -0.341530502 0.894599378 -0.28818211 -0.434549302 0.868199825 -0.239574611 -0.281877548 0.91752249 -0.280530751 -0.402795106 0.886280298 -0.228611812 -0.969976723 0.169076934 -0.174808875 -0.868908346 -0.490625173 -0.0654616356 -0.894058347 -0.312936783 -0.320515633 0.088501431 0.995103598 -0.044004254 0.160633028 0.939956963 0.301127762 0.0715157315 0.914004087 0.399351984 -0.468104959 0.877984285 -0.100106649 -0.322770834 0.926906109 0.191478729 -0.871044338 -0.191372901 -0.452391624 -0.128040045 0.78879106 -0.601177514 0.12158107 0.885814607 -0.44782871 -0.508434653 0.734954774 -0.448704481 -0.283297449 0.337153792 -0.897813916 -0.616476238 0.120980002 -0.77802372 -0.499765933 -0.225618929 -0.836259604 -0.286948264 0.928257763 -0.236639515 -0.264185548 0.948969841 -0.172227204 -0.20317173 0.954499185 -0.218294546 -0.186139122 0.98243928 0.012856409 -0.163251996 0.982582629 -0.0887699872 0.614909291 0.600036085 -0.511706233 0.21644485 0.970348835 -0.107585944 0.636146784 0.330630988 -0.697137296 0.403642118 0.0575779937 -0.913103402 0.59960556 0.46212104 -0.653389096 0.505112588 -0.609911144 -0.610630572 0.180878326 -0.301310837 -0.936213017 0.23459743 -0.175848991 -0.956054986 -0.531282008 -0.846863151 0.023711849 -0.213761136 -0.811496437 -0.543856263 -0.35594663 -0.722732782 -0.592418194 -0.458474219 -0.81750232 -0.348556101 -0.175914854 -0.492715925 -0.852223575 -0.234982759 -0.639661014 -0.731858492 0.0363986604 -0.501056075 -0.864648998 0.387601167 -0.833146274 0.394502968 0.130180269 -0.978878736 0.157637179 0.12437477 -0.981660247 0.14447847 -0.0478968509 -0.988287866 0.144889593 0.086329028 -0.96369487 0.252664715 -0.178673059 -0.968428075 0.173847705 -0.395223618 -0.89687115 0.198545694 0.122921571 -0.94055301 0.316623241 0.210411668 -0.92689395 0.310796589 -0.601525009 -0.744292796 0.290165246 -0.620518148 0.73934871 -0.261382312 -0.944128871 -0.00329999952 0.329560012 -0.296869636 0.895992815 -0.330250382 -0.251243532 0.937829852 -0.239482507 -0.199280411 0.93212527 -0.302373648 -0.0839887708 0.995388031 -0.0463525318 -0.048041258 0.9844473 -0.168984041 0.237784162 0.967810154 -0.0824753493 0.415190578 0.899538755 -0.135819152 0.601757586 0.791791201 -0.10466364 0.554362833 0.82012105 -0.141715497 0.575455964 0.792613983 -0.201527864 0.185771555 -0.949878275 0.251436353 0.173458397 -0.980999231 0.0869059488 0.183784992 -0.962937653 0.197418734 0.888329268 -0.137090966 -0.438266069 0.219399735 -0.966257691 -0.134943902 0.251608491 -0.966448903 -0.0516686402 0.594507456 0.760812998 -0.260239303 -0.50382024 0.84640491 -0.172522247 -0.662965953 -0.640299141 -0.387934446 -0.67125392 -0.713738739 -0.199988008 -0.556455135 -0.622745037 -0.550042093 -0.0158380214 0.980433345 0.196213052 0.471736848 0.744688928 -0.472125739 -0.608660758 -0.61448431 -0.501937389 -0.632763624 -0.514315248 -0.578869581 0.305125594 0.516944945 -0.799791396 0.0714696422 -0.143657014 -0.98704344 0.321115673 0.162116975 -0.933061004 -0.236256823 -0.627029955 -0.742304623 0.0974671394 -0.511755824 -0.85358429 0.676397383 0.296512842 -0.674215615 0.600546241 0.170123979 -0.781282306 0.56286782 0.300211012 -0.770099461 0.117630251 -0.178166911 -0.976944029 0.448768377 0.0160449967 -0.893504083 0.0608330742 -0.353387088 -0.933497131 0.0463246293 -0.300153941 -0.952765226 -0.365010917 -0.681916773 -0.633842647 -0.378969789 -0.442951083 -0.812512279 -0.446698695 -0.712420225 -0.541218698 -0.121469058 -0.369912863 -0.921091616 -0.214283556 -0.499345034 -0.839486182 -0.0197531395 -0.999640524 0.0181281865 -0.357570946 -0.914566398 0.188974366 -0.42306602 -0.874781072 0.236163631 -0.44815588 -0.857450068 0.252855122 -0.43047747 -0.847798645 0.309720159 -0.731284738 -0.284754932 0.61978811 0.128209442 0.923303008 -0.362041295 -0.631067038 0.748909175 0.202211365 -0.0215437133 0.935441613 -0.352824122 0.0174391791 0.971217215 -0.237556189 0.146313012 0.943564653 -0.297116518 0.184071302 0.971266448 -0.150861695 0.421490401 0.890406251 -0.17182143 0.440795004 0.871119082 -0.216451555 0.20997858 -0.977139711 -0.0332711488 0.714778721 0.695577979 -0.0725442171 0.450501204 -0.870761871 -0.197034061 0.959069073 -0.216209918 -0.182865366 -0.134391382 -0.980159521 0.145692453 0.164051741 -0.985686421 -0.0388505124 0.459055573 0.854822993 -0.241961986 -0.125047058 -0.734387815 -0.667111516 0.292078704 -0.46070689 -0.838116467 0.5089221 -0.256348103 -0.821756661 0.243763015 -0.418509722 -0.874888122 -0.27326417 -0.949455261 0.154471472 -0.572722077 -0.579602957 0.579698086 -0.551530898 0.0698340088 0.83122617 -0.496285379 0.486917913 0.718757093 0.45989117 0.814484417 -0.353716314 0.511073172 0.74973619 -0.42035684 0.39774242 0.853775501 -0.335958958 0.0587150194 0.991710842 0.114289731 0.348592758 0.905358255 -0.242506698 0.284040958 0.934729636 -0.213544503 0.516817272 0.802166343 -0.299046993 0.611456931 0.750277877 -0.251403034 0.677713037 0.735325098 0.00145041349 0.690308809 0.625913084 0.362913996 0.773462296 -0.378329933 0.508549511 -0.396237195 -0.725744128 0.562398076 0.0597616248 -0.81579268 0.57524848 0.424052358 -0.534064829 -0.731405735 -0.196312934 0.0334359929 0.979971051 -0.127877921 0.500307024 0.856352806 0.447126329 0.735802889 0.508598208 0.56826371 0.754679203 -0.327926308 0.571845531 0.793839991 -0.206907719 0.716186583 0.683476985 -0.14119482 0.328618675 -0.00962700322 0.944413602 -0.65880096 0.585136712 0.47285977 -0.688524842 0.426383883 0.586626232 -0.467721015 0.49717316 0.730791271 -0.410972536 0.697710216 0.586772501 -0.790322006 0.527905822 0.310976714 -0.578852713 0.761697114 0.291113406 -0.439059645 0.155231073 0.884946287 -0.594349444 0.0533419698 0.802435875 -0.866826355 0.308062971 0.392057776 -0.224277109 0.0549080074 0.97297734 -0.138615593 0.180788025 0.973704994 -0.199963316 0.848742366 0.48954165 -0.0515443496 0.216849968 0.974843204 -0.281098902 0.930749357 0.233856857 -0.94413507 0.328444064 0.027081687 -0.88804245 0.406524122 -0.214752808 -0.763039947 0.609349966 -0.215552017 -0.573750675 0.774158776 -0.267373085 -0.0704580247 -0.363080025 0.929090202 -0.171623662 -0.205755919 0.963436484 -0.558139741 -0.0373489931 0.82890594 -0.912436068 0.3756302 0.162364841 0.0486271158 -0.250379026 0.966925919 0.171760947 -0.253945053 0.951845646 0.0310160927 0.271311969 0.961991608 0.0976639837 0.939013422 0.329720378 -0.10226766 0.746078312 0.657957792 -0.1544054 0.973156035 0.170664206 -0.0898513272 0.991997659 0.088698037 0.207440063 -0.258050025 0.943598866 -0.391880453 0.897041678 -0.204318076 -0.251564085 0.942721188 -0.219071284 -0.93082875 0.284065962 -0.229922622 -0.822714925 0.426503062 -0.375812829 -0.903198659 0.296337873 -0.310509354 -0.847099602 0.356670976 -0.393964529 -0.737657368 0.479103029 -0.475733012 -0.698655605 0.608849049 -0.375743538 -0.453601062 0.769339263 -0.449847907 -0.550757945 0.714886069 -0.430817425 0.181270018 -0.354136884 0.917457461 0.0516852327 -0.605146706 0.794434488 0.0990700498 -0.682083964 0.724531949 0.134244472 -0.565722942 0.81359446 -0.159618333 -0.362535864 0.918199182 -0.224243328 -0.407590955 0.885203123 -0.125557825 -0.429735035 0.894182861 -0.669391215 0.0661230162 0.739961565 -0.89983952 0.379347056 0.215371057 -0.851123869 0.352486014 0.389026701 -0.745785952 0.576586187 -0.333693981 0.270931631 -0.378161997 0.885205925 0.210066378 -0.216253951 0.953470707 0.214618266 0.425449997 0.879165113 0.135154933 0.838615716 0.527690113 0.176868871 0.954485714 0.240155056 0.0730924234 0.995731175 0.056364283 0.403746307 0.65810883 0.635516822 -0.204121709 0.868736148 -0.451255828 -0.31728968 0.823658347 -0.470015138 -0.0348075442 0.982361972 -0.183720991 -0.43011269 0.741193652 -0.515397906 -0.909093797 0.367384076 -0.196411327 -0.794349372 0.5666098 -0.219003096 -0.875901103 0.406783164 -0.259470135 -0.835239589 0.470485091 -0.284637719 -0.553632677 0.801306546 -0.226712689 -0.784400225 0.60228616 -0.148214996 -0.0992705375 0.879215896 -0.465966493 0.359303206 0.650120318 -0.669510841 0.317085177 -0.535762727 0.782569706 0.165528417 -0.723868608 0.66978699 -0.092838794 -0.515132725 0.85206759 0.200957209 -0.569976747 0.796707392 0.220629111 -0.695148945 0.684171557 -0.120461062 -0.482166022 0.867758632 -0.0885794759 -0.492251992 0.865933955 0.290484846 -0.731991887 0.61628437 0.333835393 -0.694260001 0.637618244 -0.503904462 0.0535469875 0.862098038 -0.844814599 0.407801956 0.3463898 -0.839132667 0.541291952 -0.0534736067 -0.867412627 0.452164799 0.207707331 -0.767086208 0.624504745 -0.146876216 0.297523141 -0.603306234 0.739933491 0.23982735 -0.396224111 0.886278331 0.365251005 -0.599997938 0.711754262 0.234428599 -0.399753034 0.886138082 0.371616006 -0.00641799858 0.928364336 0.0804212689 0.987690032 0.134167194 0.0761354566 0.988212466 0.132813767 0.10361284 0.989521205 0.100559473 0.204579026 0.911802113 0.356039762 0.463734418 0.219261974 0.858413994 0.334368885 0.531719089 0.778120995 -0.287432283 0.827608764 -0.482126921 -0.051789213 0.851319909 -0.522084594 0.0178665426 0.690331697 -0.723272383 -0.0210952424 0.954494894 -0.297480226 -0.100641511 0.852204025 -0.51343894 -0.0551106296 0.862452805 -0.503128231 -0.844446778 0.52514106 -0.105529733 -0.837344885 0.529201746 -0.137109727 -0.727409303 0.674194813 -0.127816647 -0.399662852 0.871355355 -0.284621656 -0.627469301 0.741494298 -0.237631112 -0.713061035 0.691162944 -0.117634058 -0.847307622 0.523407161 -0.0900817811 -0.437741399 0.825309038 -0.356717676 0.33207342 0.487681866 -0.807399333 0.502281725 0.748848677 -0.432364106 0.227616057 0.651969969 -0.723274529 -0.153202131 0.788628697 -0.595477819 0.753155172 -0.0427820124 -0.656450331 0.843737602 0.250068039 -0.474945128 0.338424176 -0.329596013 -0.881382763 0.809672534 0.449963897 -0.376779646 0.344186485 -0.654014468 0.673647404 0.266094148 -0.544794321 0.795231462 0.244041294 -0.512121856 0.823513865 0.397535056 -0.555074096 0.730656266 0.301480383 -0.522444129 0.797597468 0.436022252 0.364250898 0.82292521 0.415173709 -0.746771991 0.519579053 0.456517786 -0.728431046 0.510861754 0.398776978 -0.819948077 0.410684854 0.396024227 -0.722278893 0.566990316 0.387363523 -0.688037992 0.613639295 -0.342039406 0.917041957 -0.205044016 -0.70678848 0.707199156 -0.0178732947 -0.814122438 0.570132256 -0.110244848 0.35314852 -0.686377406 0.635745347 0.293356061 -0.711027086 0.639048278 0.262494147 -0.73865205 0.620878398 0.277075976 -0.628878057 0.726458073 0.370845884 -0.263534844 0.890518248 0.0030080427 0.970293403 -0.241912529 -0.00945811626 0.949396312 -0.3139382 0.110611036 0.992784262 0.0463102274 0.263144851 0.897569716 0.353727788 0.267104656 0.786515653 0.556819737 0.284041375 0.957639873 0.0473963097 0.440706164 -0.153268024 0.884469867 0.442064703 -0.0458020121 0.895813048 0.396101326 0.489755064 0.776687682 0.404119939 0.0724120289 0.911835253 0.410655469 0.748414099 0.520805538 0.0523875505 0.557832062 -0.828298807 -0.0857344791 0.839421868 -0.536675453 -0.0782489404 0.188396007 -0.978970885 -0.862843096 0.493097156 -0.111161947 -0.567710936 0.743409812 -0.353618622 -0.741350949 0.65329802 -0.153624371 -0.617084742 0.724527121 -0.307029068 -0.745868325 0.637471139 -0.193160713 -0.897487283 0.424841076 -0.118434317 -0.865581095 0.489942133 -0.103566796 -0.893844843 0.426556826 -0.13816911 -0.566851854 0.722714126 -0.395427972 0.434624463 0.601521015 -0.670279086 0.494677037 0.232177109 -0.837489367 0.315434903 0.48602888 -0.815031767 0.556576192 0.34058094 -0.757777989 0.527412653 0.183993921 -0.829446852 0.544808269 0.137073055 -0.827281654 0.793106318 0.53094703 -0.298458725 0.77597177 0.6281721 -0.0571635589 0.615056515 0.600793839 -0.510639071 0.726392031 0.665224075 -0.172718167 0.00923649035 0.618354023 -0.785845399 -0.516476035 0.706851184 -0.48333621 0.897461832 0.0466980077 -0.438613266 0.504024148 -0.367500246 -0.781602979 0.714137375 -0.377484143 -0.589502752 0.911527216 -0.0823139995 -0.402917504 0.871438742 0.434382856 -0.227828994 0.965901434 0.206394985 -0.156318694 0.257155031 -0.529046178 -0.808691204 -0.00274150213 -0.584720016 -0.81123054 -0.159900337 -0.546788037 -0.821860552 0.355264038 -0.450326264 0.819142044 0.40186125 -0.576571047 0.71138835 0.544664025 -0.523381174 0.655296266 0.598227322 -0.675635934 0.430859804 0.362121552 -0.380263805 0.851039052 0.415290356 -0.54889226 0.72543174 0.296987116 -0.372021943 0.879430652 0.53313309 -0.402877003 0.7439484 0.635849595 0.694672883 0.336340487 -0.207236871 0.80998522 -0.548613548 0.536198676 -0.79393512 0.28663221 0.327578813 -0.773440897 0.542661309 0.415191174 -0.899895012 -0.133436352 0.200229123 -0.979743719 0.00325503573 -0.280726016 0.950046599 -0.136397853 -0.175879985 0.981554627 0.0749445409 0.244126111 -0.774370015 0.583741009 0.23143734 -0.859677851 0.455401778 0.259794503 -0.751811504 0.606041431 0.331895232 -0.569652259 0.751892209 -0.19883886 0.544665098 -0.814741075 0.05518068 0.983887732 -0.170058757 -0.181599706 0.55359304 -0.812746167 0.357976258 0.860907137 0.361513376 0.117869541 0.965835631 -0.230799302 0.344386846 0.889249563 -0.301053077 0.24323909 0.93845886 -0.245213509 0.486521125 0.842260063 0.232153371 0.486335427 0.873730719 -0.00851212628 0.388517946 -0.337587029 0.857373178 0.419530392 -0.0369590111 0.906988561 0.434672356 0.422481954 0.795342028 0.518036187 0.823013961 0.23299472 -0.378750503 -0.371593088 -0.847624123 -0.821331501 0.529857039 -0.211343586 -0.751672208 0.592273235 -0.290174574 0.0456390083 0.99426806 0.0966857374 -0.0569516383 0.96241504 -0.265544385 -0.295814663 0.601471066 -0.742109299 -0.899363756 0.366245866 -0.238765195 -0.57597667 0.648734212 -0.497387946 0.597584486 0.51357311 -0.615739763 0.372047126 0.355335832 -0.857506454 0.557360172 0.159873039 -0.814733267 0.581680536 0.0445239916 -0.812197864 0.655623674 0.245212987 -0.714162588 0.926156878 0.371461898 0.0651883036 0.749832571 0.227234021 -0.621382236 0.897260725 0.363332063 -0.250824541 0.803100824 0.595843136 0.000182974167 0.816441 0.575980008 -0.0408794731 -0.230183363 0.612377405 -0.756313086 0.972858727 -0.210251018 0.096645467 0.485966474 -0.454072088 -0.74676311 0.26089257 -0.511558712 -0.818683565 0.192330986 -0.617787838 -0.762461126 0.859944701 -0.494180053 -0.127597764 0.413879812 -0.675384343 -0.610376477 0.563466549 -0.746213198 -0.354501575 0.966989517 0.180566028 0.179797739 -0.220925957 -0.597323179 -0.770971298 -0.173864841 -0.579897106 -0.795921087 -0.425856978 -0.622724831 -0.656399012 -0.351582855 -0.629267097 -0.693117917 0.390980065 -0.330748051 0.85891813 0.342333138 -0.346985042 0.873160601 0.329303235 -0.309122145 0.89218992 0.458117872 -0.445565879 0.769154787 0.447133958 -0.27826488 0.850082278 0.382843643 -0.312013924 0.869527459 0.516562879 -0.379956096 0.767330587 0.583488941 -0.431083918 0.688263953 0.677437067 -0.533569098 0.506342888 0.701162577 -0.653704226 0.284678459 0.658498883 -0.708188891 0.254652113 0.674518883 -0.336833119 0.656938136 0.486097097 -0.371674061 0.790928543 0.51109308 -0.191023037 0.838029861 0.672145665 0.630319953 0.388480246 0.695186257 0.308331043 0.649344325 0.362444878 0.921620548 -0.138741761 -0.493477076 0.584805846 -0.643803179 -0.183166564 0.690522194 -0.699735045 0.257143885 0.938655376 -0.229789257 0.651665151 -0.747521102 0.128626183 0.629758716 -0.774877727 -0.0544838458 0.380794436 -0.86908412 -0.315734625 0.305125922 -0.844838083 -0.439484686 0.201008111 -0.87241888 0.445512146 0.0287438314 -0.99868691 0.04240641 -0.0573959127 -0.863244891 -0.501511693 0.203024045 -0.835894048 -0.509963095 -0.0949028283 0.938028574 0.333310485 -0.624532878 0.780309916 0.0327892452 -0.781051397 0.538742065 -0.315777868 0.193947524 0.851939857 0.486397862 0.276256174 -0.686471879 0.672635794 0.216150165 -0.817053556 0.534511566 0.113815524 0.337352067 -0.934472919 -0.437917709 -0.340117902 -0.832194626 -0.472863436 -0.287205994 -0.833014309 0.530810058 0.823385119 -0.200692728 0.258849114 -0.681649089 0.684362233 0.367676914 -0.422308087 0.828534603 0.447343022 -0.0695609972 0.89165324 0.669676125 0.496130019 0.552619994 0.628259182 0.776743054 0.0442792065 -0.502244532 -0.455223203 -0.735202193 -0.936237156 0.324525833 -0.134695724 -0.780632436 0.498880178 -0.376472592 -0.541512609 0.622599006 -0.564919949 0.398053348 0.884924471 0.24178949 0.287961066 0.915849626 -0.279817611 -0.0959744379 0.117540002 -0.988419592 0.156628415 0.382534921 -0.910568237 -0.710065901 0.318151981 -0.628160596 -0.380716443 0.127307922 -0.915886283 -0.954708993 0.238170072 -0.178341687 -0.98147279 0.111214012 -0.156021133 -0.951624572 0.181891978 -0.247640729 -0.189550966 0.552016795 -0.81200242 0.392545372 0.356975913 -0.847629845 0.587246954 0.0215520095 -0.809120834 0.58490169 0.246722043 -0.772669554 0.66449374 0.0768470317 -0.743332088 0.598874569 0.0487330183 -0.799358726 0.491294235 0.00441399915 -0.870982468 0.636793911 0.102135994 -0.764239371 0.910532296 0.187493041 0.368479759 0.928127348 0.286190867 0.238063872 0.903127611 0.262367934 -0.339887679 0.771155298 -0.618320227 0.15165621 0.856215596 -0.0725159794 0.511503875 0.763005316 -0.48072502 0.432118416 0.684906602 -0.300745934 0.663667679 -0.147860855 -0.724036872 -0.673726797 -0.342788607 -0.599179029 -0.723519504 -0.28256917 -0.698237062 -0.657738268 -0.471168458 -0.526450038 -0.707708001 -0.503374755 -0.680295825 -0.53273952 -0.33150506 -0.874514222 -0.354018778 -0.186599568 -0.870203853 -0.455988914 0.403200448 -0.350784093 0.845209956 0.651408911 -0.435635865 0.621198714 0.384031326 -0.217083916 0.897437751 0.360535651 -0.28838104 0.88704592 0.49606806 -0.312061846 0.810267806 0.615886509 -0.376720041 0.691929102 0.781260788 -0.378748149 0.496166736 0.873893499 -0.464563936 0.143144846 0.465771973 -0.225326985 0.855736077 0.835256994 -0.499858111 0.229101866 0.525579274 -0.597374856 -0.605730712 0.788512409 -0.613150954 0.0478960611 0.115286164 -0.163608983 0.979765892 0.140089616 0.0151429987 0.990023017 0.331502855 0.275822878 0.902234793 0.530289114 0.409084976 0.742592037 0.410561025 0.817932844 0.403020531 0.0113758948 0.906588078 -0.421863347 -0.176979706 0.925604999 -0.334564745 -0.33957094 0.907798052 -0.246159106 -0.47133112 0.868396163 -0.154062018 -0.658727884 0.69638288 -0.28483066 -0.738186061 0.670412362 0.075023897 -0.829678714 0.50481087 0.238325983 -0.831986606 0.28828007 -0.474017799 -0.194740817 -0.851664722 -0.486562699 -0.0355449021 -0.999097228 -0.0232644156 0.183870405 -0.809874833 0.557040751 -0.559505999 0.815932989 0.145624205 -0.792366564 0.609029949 -0.0351813547 -0.915726125 0.401009023 -0.0252476353 -0.909156322 0.387403816 -0.15281713 -0.959378362 -0.210920036 -0.187365711 -0.746826828 -0.478163064 -0.462179422 0.648867249 0.540581942 0.53548336 -0.349819064 0.850312173 0.393186748 0.378401101 0.0921980366 -0.921038628 0.61125201 0.455933869 -0.646912158 -0.0747488737 -0.28425312 -0.955830932 -0.397358507 -0.437256902 -0.806791544 0.623207986 0.682297111 -0.382207394 0.697193623 0.711873829 -0.0845975429 0.403296381 -0.404452085 0.820835292 0.708649933 0.705390275 0.0154856946 0.848255575 0.403149039 0.343414247 -0.768811107 0.355958164 -0.531246901 0.630397081 0.771605909 -0.0849932805 0.762935638 0.356749862 -0.539127767 0.317062974 -0.126974016 -0.939866304 -0.0939817876 -0.246544912 -0.964563668 -0.689973414 0.0842160061 -0.71891886 -0.44171983 -0.249941915 -0.861633718 -0.880763531 0.0395859852 -0.471898854 -0.816070676 0.163688973 -0.554287493 -0.853036046 -0.0175520051 -0.521556675 0.0429118648 0.432458997 -0.900631905 0.53164041 0.128174961 -0.837215424 0.656165898 0.0861359909 -0.749684572 0.613100529 0.12797296 -0.779570818 0.692031622 0.152824059 -0.705504775 0.517913997 0.327083915 -0.790431023 0.697793901 0.253593892 -0.669905782 0.58346796 0.106857978 -0.805075467 0.422346562 0.0619240142 -0.904316783 0.712330699 -0.0841060206 0.696786284 0.853568971 0.148930967 0.499239028 0.963543594 0.267547876 0.00135575631 0.724702656 0.178374946 -0.665573776 0.453131437 -0.205595955 0.867411196 -0.362069249 -0.812291861 -0.457261175 -0.316122532 -0.929758966 -0.18871896 -0.0924685672 -0.971040308 0.220295861 0.571664035 -0.601334155 0.558209181 0.421210676 -0.397875041 0.815031946 0.511356235 -0.563660204 0.648692548 0.660364449 -0.672465742 0.334228396 0.333713949 -0.283355951 0.89907974 0.390760273 -0.195150927 0.899567962 0.867770314 -0.472353876 0.154455453 0.782494366 -0.357198119 0.510011792 0.880787909 -0.446223944 0.158419728 0.868669033 -0.474512935 0.142308131 0.869933426 -0.485302925 0.0877317563 0.823383212 -0.391703188 0.410619885 0.608009398 -0.273256868 0.74542284 0.601376772 -0.647169173 0.468527526 0.432562232 -0.398178756 0.808915079 -0.193659216 -0.263026953 0.945152342 -0.0924243331 -0.417116791 0.904141188 -0.136359781 -0.365734994 0.920675814 -0.738420248 -0.354016244 0.573940814 -0.649845183 -0.381156027 0.657587528 0.309919924 -0.353741944 0.882505655 0.789656162 -0.565049291 0.239086747 0.818281233 -0.519119978 0.246840656 0.201367289 -0.539840102 -0.817327261 -0.403627127 0.0314099975 -0.914384246 0.00761064515 -0.294105142 -0.955742776 -0.0123594208 -0.173433989 -0.984767914 0.659116864 -0.558761001 -0.503339946 -0.13432005 -0.325738192 -0.935870051 0.658257902 -0.752590954 -0.0174188465 0.343168408 -0.68322289 -0.64454782 -0.317266554 0.170289993 0.932921886 -0.976014376 0.201803088 0.0816791803 -0.459682882 0.56443274 0.685643733 -0.498522252 0.455995053 0.737254441 -0.342577308 0.606732965 0.717297673 0.0141150989 0.471223712 0.881900787 0.158452839 0.742700219 0.650606692 -0.0564153977 0.82825917 0.557498038 0.311736047 0.641428947 0.700991869 0.150607541 0.917939067 0.367022097 -0.050781928 0.949067652 0.310953021 -0.323463291 0.83099705 0.452565372 -0.559617937 0.756435692 0.338574678 -0.468134761 -0.547620118 -0.693514287 -0.648903787 -0.0132819954 -0.760754526 -0.629499197 0.103981048 -0.77001214 0.120221488 -0.761744022 0.636626124 -0.75372684 0.192276031 -0.628431201 -0.846332669 0.0456240028 -0.530697107 -0.923205197 -0.0135940081 -0.38406691 -0.963793516 0.114669949 -0.240733936 -0.459631264 -0.851343989 -0.252888292 0.0783629566 -0.961994469 -0.261583537 0.958552718 0.150002003 0.242231533 0.614169836 0.0759300068 0.785512626 0.201882362 0.343610853 0.917155981 -0.747005939 0.395963997 -0.534036219 -0.6707865 -0.0174819995 -0.741444409 -0.462237209 0.886584103 0.0174746718 -0.0314083397 0.536038041 0.843609333 0.799524009 0.197661102 -0.567178488 0.501049101 -0.146950036 -0.852851391 0.836380184 0.441946983 -0.32427007 -0.176566452 -0.701274991 -0.690679133 0.347087353 -0.516330004 -0.78290081 0.772678077 0.621599019 -0.128776118 0.0877275243 -0.765839279 0.637019694 0.287231714 -0.692369819 0.661907852 0.670243204 -0.331640095 0.66391933 0.767280817 0.633823812 -0.0977114439 0.856130898 0.494277 -0.15076524 0.939261854 -0.25159806 0.23342149 0.959436357 0.221835986 0.173984796 0.89425528 0.430738032 -0.121541165 -0.434378386 0.286547065 -0.853935719 0.945881784 -0.20794493 -0.249131545 0.580366969 -0.307267904 -0.754162192 0.326176882 -0.420945138 -0.846412361 -0.310971349 -0.483188242 -0.818428934 -0.66740638 -0.203506112 -0.716347694 -0.747968137 -0.161746994 -0.643724799 -0.580241621 0.054823 -0.812597156 -0.488817036 -0.126609936 -0.863149941 -0.762608051 -0.147219017 -0.629885375 0.151548401 0.313510835 -0.937413454 0.604405582 0.249437079 -0.756620765 0.664699137 0.202512875 -0.719140828 0.498208702 0.220414907 -0.838573396 0.517165124 0.098953031 -0.850146174 0.673150659 0.285557926 -0.682147205 0.521632552 0.285921961 -0.803833365 0.70419687 0.277369916 -0.65358454 0.601184487 -0.0559900217 0.79714638 0.800166011 0.0945200399 0.592283964 0.906467021 0.215624005 -0.363075584 0.38330242 -0.264993906 0.884792328 0.400105268 -0.174785972 0.899647534 0.514726937 -0.0760830119 0.85397166 0.537731051 -0.0529739857 0.841450572 -0.142439917 -0.920507789 -0.363835484 -0.0969368964 -0.988553703 -0.115606278 0.0287190694 -0.968041241 0.24914138 0.544581831 -0.769530177 0.333547533 0.408815503 -0.270339966 0.871657133 0.63557601 -0.332853824 0.69659996 0.613639772 -0.586773038 0.528340459 0.871105909 -0.487363726 0.0604237765 0.878861189 -0.445425183 0.17087853 0.894790292 -0.409820944 0.177192464 0.720128655 -0.463504314 -0.516312361 0.900205791 -0.420277089 0.114002943 0.850668073 -0.494512022 0.178386465 0.851755857 -0.516564071 0.0875984579 0.57506454 -0.311883003 -0.756326497 0.842837214 -0.498830169 -0.201974943 0.927417397 -0.313112795 0.204590574 0.874407232 -0.383690983 0.296973377 0.740892351 -0.496722966 0.452045113 0.1420196 -0.86177671 0.487002432 0.166619971 -0.953520775 -0.251069486 0.296895444 -0.801290929 -0.519409239 0.244872391 -0.431088924 -0.868446827 0.736099184 -0.67596215 0.0351170301 -0.0755016953 -0.631897986 0.771365345 -0.986565888 0.0642910153 -0.150181308 0.123731792 -0.346371055 0.929901898 -0.576753318 -0.299588025 0.760001719 -0.538536072 -0.433259815 0.7226789 -0.853458583 -0.426034242 0.300172061 -0.534834564 -0.599198043 0.595746279 -0.885978758 -0.341919929 0.313260823 -0.953220367 0.00836700015 -0.302160442 -0.948258042 -0.0555640012 -0.312600851 -0.2277527 -0.384116054 0.894753337 -0.958002865 -0.186975956 0.217417851 -0.918708742 0.0770339966 -0.387349963 -0.280435622 -0.384569824 -0.879466832 -0.341416568 -0.165308088 -0.925261021 -0.62456435 0.281812012 -0.728355229 -0.704265296 0.205762103 -0.679464698 -0.595352232 0.239406034 -0.766968369 -0.174334005 -0.0913940519 -0.980436027 -0.757005453 0.0955070406 -0.646390855 -0.0994736329 -0.101162031 -0.989884436 0.594748676 -0.771595836 -0.225641161 -0.221756607 -0.37637195 -0.899537742 0.389396131 -0.398927927 -0.830197036 -0.670606256 0.236578926 -0.703077257 -0.331906706 -0.246505946 -0.910534322 -0.428663135 -0.465051949 -0.7745803 -0.264943093 -0.486722857 -0.832409739 -0.445602119 0.118403003 -0.887366593 -0.26316458 -0.599976838 -0.755494654 0.0209438689 -0.626394212 -0.779225051 -0.347363353 -0.355750114 -0.86762929 -0.23879844 -0.867734075 -0.435904682 0.345962793 -0.929224968 -0.129810408 -0.0743417442 -0.871085465 -0.485472381 0.852154613 -0.204611987 0.481628925 0.380272418 -0.165916935 0.909870565 0.020856062 0.190250933 0.981513917 -0.213469103 -0.66910702 -0.711847425 -0.71332252 0.186498985 -0.675565779 0.00236383127 -0.618852258 -0.785503864 -0.226669073 -0.61370492 -0.756298482 -0.551576614 -0.426840782 -0.716638148 -0.349943489 0.936425805 -0.0254212543 -0.438156903 0.878255427 -0.191535816 -0.675454319 0.338092089 -0.655328333 -0.248318851 0.724372327 0.643134892 -0.33185342 0.938976228 0.0905370414 0.773482442 0.00118299981 -0.633816659 0.869285226 0.08662799 -0.486660898 0.859386921 0.438357979 -0.263242036 0.261763483 -0.821700096 -0.506249726 0.706360519 -0.31704092 -0.632882178 0.721044898 -0.550624967 -0.420602441 0.566586792 -0.797570109 0.207029834 0.923930407 0.243641093 -0.294943362 0.99287945 0.109903969 -0.0459515825 0.781336844 -0.578645945 -0.233841032 0.941948414 -0.320992947 -0.0984721109 -0.0537947752 0.187904969 -0.98071295 0.605998814 -0.544904947 -0.579520524 0.812870502 -0.51641506 -0.269364029 0.965126216 -0.23888211 0.107082739 -0.47097984 -0.556570172 -0.684403121 -0.516734481 -0.0359030031 -0.855392575 -0.526777685 -0.23832494 -0.815908372 -0.724847555 0.0125780012 -0.688794494 -0.122644514 0.0364820026 -0.991779923 0.0860946178 -0.0288330037 -0.995869637 0.67112869 0.2498651 -0.697963953 0.581342876 0.363289028 -0.728053272 0.518624723 0.321054906 -0.792434335 0.683444917 0.284913003 -0.672106862 0.916762769 0.186090007 -0.353435367 0.507086694 0.336062074 -0.793678403 0.465811193 0.294956952 -0.834278345 0.695369005 0.305327922 -0.650566518 0.373735607 0.279149145 -0.884532332 0.68496418 0.332105935 -0.648482621 0.635851622 0.323544145 -0.700722396 0.72495389 0.281289995 -0.628743052 0.772860229 -0.0284330044 0.633938968 0.498609424 -0.238121957 0.83347857 0.290453643 -0.911922991 -0.289884657 0.648549914 -0.729333282 0.217843935 0.860648751 -0.402286083 0.312169224 0.873498619 0.202803895 -0.442572892 0.996230185 0.0508790202 -0.0702619031 0.813661814 -0.133687988 0.565757871 0.826538801 -0.492750138 0.272086114 0.888635457 -0.456840068 -0.040301498 0.891165197 -0.452586889 0.0314595401 0.668673813 -0.483494163 -0.56489712 -0.107850701 -0.0612109974 -0.9922809 -0.315544367 0.0995679796 -0.943672597 0.505899668 -0.472876161 -0.721424758 -0.0945227072 -0.101976939 -0.990285873 -0.475945652 0.145937055 -0.867282033 -0.297921926 -0.0594390221 -0.952737927 0.792165637 -0.371309012 -0.484358609 0.698780417 -0.551782846 -0.455237955 0.80903995 -0.570148587 -0.142775789 -0.615696549 -0.76804316 -0.17614603 -0.223693237 -0.961435914 -0.160007179 -0.653856397 -0.74136734 0.151149988 -0.465556651 -0.613894165 -0.637487948 -0.105793566 -0.628508925 -0.770573974 -0.12995775 -0.281511128 -0.950716794 -0.457617909 0.241224885 -0.855801642 -0.419309676 0.0718169808 -0.904998183 0.545046866 -0.558300853 -0.625479043 -0.823654056 -0.277174145 0.494740874 -0.927685261 -0.095027037 -0.361067742 -0.907693028 -0.274895906 -0.317057699 -0.825479805 -0.537164211 0.173313811 -0.736603975 0.16190809 -0.656658471 -0.711465478 0.124682963 -0.691571414 -0.584316552 0.196877047 -0.787282407 -0.698268533 0.257095009 -0.66807425 -0.498948783 0.207795039 -0.841350913 -0.346186966 0.0592789799 -0.93629086 0.742709041 0.0699810013 -0.665947378 0.936091125 -0.0995699391 -0.337371081 0.371007472 0.125510976 -0.920108914 0.563833177 0.350742161 -0.747711241 -0.463117629 -0.108508028 -0.879629493 0.225870401 -0.865644038 -0.446814299 0.227128536 -0.753601015 -0.61684531 0.56050092 -0.560570717 0.609589338 0.869467258 -0.455311 0.191621006 0.160476819 -0.153066933 0.975098789 0.279201031 -0.410321981 0.868148983 -0.163114071 0.0213269945 0.986376703 0.0957744345 -0.364165127 0.926396787 -0.43621701 -0.487865001 -0.756110072 0.385839224 -0.69438976 -0.607413352 -0.0343410932 -0.754064023 -0.655902505 -0.308009505 0.945840716 -0.102544852 -0.314605415 0.94903928 0.0186516959 -0.447384983 0.356561214 -0.820189476 -0.315897763 0.944618344 -0.0889088586 -0.208975658 0.799565494 -0.563049018 -0.374762446 -0.250742912 -0.892569959 -0.337075293 0.849048913 0.406812251 -0.327735454 0.940423846 0.0905119106 0.913350105 -0.18003498 -0.365210831 0.750313878 -0.576794922 -0.323011816 0.964000404 -0.150996938 -0.218867913 0.604665697 -0.735577822 -0.305458099 0.419403732 0.282212913 -0.862818837 0.558900118 0.390042216 -0.731777132 0.513688862 0.426568985 -0.744421005 0.577752769 0.453517854 -0.67861867 0.703848064 0.308569878 -0.639830112 0.731521785 0.30073005 -0.611912847 0.653831303 0.449360818 -0.608752429 0.982572973 -0.174863979 -0.0630311295 0.496078312 0.539747894 -0.680131197 0.835834861 0.276885897 -0.474040359 0.51028055 0.561941028 -0.651026905 0.220982447 -0.40784207 -0.885907233 -0.390621781 0.0489240102 -0.91925025 0.510665178 -0.423644066 -0.74816227 -0.754500687 -0.26215905 -0.601665497 -0.443722874 -0.358466864 -0.821347356 0.530855775 0.598936796 -0.599555552 0.534092546 0.58811599 -0.607342362 0.571749806 0.572655082 -0.587510288 0.527405322 0.619896054 -0.581009924 0.495242298 -0.851819217 0.170701668 0.432117879 -0.729816735 0.529756248 0.680879533 -0.722065151 0.122576259 0.289862841 -0.581524968 0.760137022 -0.367726386 0.00898000039 0.929890692 0.04299156 -0.685769975 0.726547539 0.363720924 -0.872709394 -0.325707495 0.0110921338 -0.684221864 -0.729189575 -0.278662741 0.959605038 -0.0387972072 -0.290201545 0.954543412 0.0680439174 0.191027313 -0.42542389 -0.884603381 -0.314284265 0.948745251 -0.0332849026 -0.273858935 0.960060418 -0.0573169254 -0.311883867 0.945805013 -0.0904505178 0.428892463 -0.314786077 -0.846735477 -0.321354777 0.944387615 -0.0697359368 -0.0283546261 0.835719764 -0.548423648 -0.287816077 0.956961334 0.0372417383 -0.366179258 0.836976111 0.406673968 0.484976053 0.597752929 -0.638349116 0.525740564 0.588299155 -0.614411116 0.546182334 0.620810032 -0.562387586 0.49383834 0.651506901 -0.575901449 0.412365675 -0.895878971 0.165394783 0.473015636 -0.87898773 -0.0603053384 0.436990559 -0.771812797 0.461892009 0.300491482 -0.81833446 0.489932179 -0.0778474137 -0.748725593 0.658293068 -0.373566478 0.601782084 0.705908239 -0.395506948 0.836656988 0.378918618 -0.367434561 0.166759029 0.914977193 -0.26073572 -0.253006101 0.931667745 0.183819771 -0.944317758 0.272899836 0.446810037 -0.832999051 -0.326302558 -0.294178963 0.953858674 -0.0601030886 0.46770525 -0.80720681 -0.360095829 -0.340667486 0.939191818 -0.0431785099 0.579130709 -0.369976014 -0.726447046 0.469914675 -0.853663862 -0.224584624 -0.348510593 0.933537126 -0.083956942 -0.138386101 0.981396675 -0.133078471 -0.282187849 0.954610944 -0.0953309089 0.387217462 0.621524811 -0.681006253 -0.327410012 0.941870391 0.0753846169 -0.365494311 0.930280745 0.031491112 0.374863207 -0.886908889 0.269944876 0.372709006 -0.915540457 0.151240617 0.474752635 -0.845028043 -0.246043742 0.418849558 -0.90797317 0.0122382306 0.448089808 -0.877773225 -0.169498414 0.462051749 -0.852201819 -0.245479643 0.302601725 -0.939093292 0.162898749 -0.00147024926 -0.592134178 0.805838048 0.24094978 -0.947470129 0.210341617 -0.326581806 0.817460358 0.474450141 -0.243641704 0.512121081 0.823632658 -0.32318145 0.753010929 0.573173881 -0.366139203 0.918975949 0.146373749 -0.437502027 0.89807725 0.0452686734 -0.439921886 0.897207975 0.0385555923 0.311344683 -0.945717633 0.0931809917 0.439495265 -0.891118944 -0.112919897 0.422444791 -0.878777623 -0.222014055 0.594266236 -0.698929131 -0.397926688 0.712656498 -0.0110439975 -0.701426208 0.405982316 -0.908211112 -0.101641417 0.375965506 -0.92648232 0.0167466346 0.410066009 -0.911807775 0.0212717373 0.396701306 -0.917947471 -0.000710400403 0.41306603 -0.906263232 -0.0897964388 -0.237506106 0.966701329 -0.0952858999 -0.303852916 0.95100534 -0.057116095 -0.185685903 0.981102049 -0.0544017442 -0.116407081 0.991878629 0.0512467884 0.160907015 0.983763874 0.0794831142 0.52172941 0.585534811 -0.620441318 0.362714231 -0.923245907 0.126709878 0.180781633 -0.115397982 0.976729929 0.26228106 -0.841021121 0.473172367 0.250328183 -0.922920227 0.292496324 0.334196359 -0.942287922 0.0201572329 0.279616863 -0.947111011 0.157464653 -0.353454411 0.853460908 0.382980973 -0.0938274935 0.70901227 0.69892633 -0.285820425 0.801805019 0.52480036 -0.257577032 0.880018651 0.39902541 -0.169830546 0.91534996 0.365091801 -0.29830268 0.940196037 0.164459437 0.477001578 -0.86816901 -0.136937946 0.853912055 -0.254958093 -0.453685522 0.329476446 -0.942619085 -0.0539867729 -0.202494651 0.978562355 -0.037571691 0.0543148406 0.90831542 0.414744526 -0.18980521 0.97356993 0.127026081 0.581938386 0.779814959 -0.230730161 0.78692311 0.614858985 0.0519653633 0.551167846 0.704436004 0.44719556 0.907846272 0.218844086 -0.35766241 0.187576175 0.623609841 0.758897841 0.442960531 -0.791555941 0.420981199 0.560060859 -0.206445023 0.802316844 0.350182235 0.110644959 0.930123687 0.313479215 -0.943112791 0.110765629 0.973330438 -0.210640952 -0.0908749849 0.890748441 -0.411736041 0.192459553 0.482566565 -0.870708168 -0.0948516205 0.378353596 -0.924552798 -0.0452848934 0.471420944 0.410731196 0.780424356 0.703177035 0.154587984 0.694006205 0.466106385 -0.883786738 0.0408149697 0.696092069 -0.523913264 0.490887612 -0.467721015 0.49717316 -0.730791271 -0.688524842 0.426383883 -0.586626232 -0.65880096 0.585136712 -0.47285977 -0.224277109 0.0549080074 -0.97297734 -0.439059645 0.155231073 -0.884946287 -0.410972536 0.697710216 -0.586772501 -0.138615593 0.180788025 -0.973704994 -0.790322006 0.527905822 -0.310976714 -0.594349444 0.0533419698 -0.802435875 -0.866826355 0.308062971 -0.392057776 -0.578852713 0.761697114 -0.291113406 0.0486271158 -0.250379026 -0.966925919 -0.0704580247 -0.363080025 -0.929090202 -0.0515443496 0.216849968 -0.974843204 -0.199963316 0.848742366 -0.48954165 -0.281098902 0.930749357 -0.233856857 0.171760947 -0.253945053 -0.951845646 -0.94413507 0.328444064 -0.027081687 -0.88804245 0.406524122 0.214752808 -0.558139741 -0.0373489931 -0.82890594 -0.171623662 -0.205755919 -0.963436484 -0.912436068 0.3756302 -0.162364841 -0.763039947 0.609349966 0.215552017 -0.573750675 0.774158776 0.267373085 0.181270018 -0.354136884 -0.917457461 0.0990700498 -0.682083964 -0.724531949 0.0516852327 -0.605146706 -0.794434488 0.134244472 -0.565722942 -0.81359446 -0.159618333 -0.362535864 -0.918199182 0.207440063 -0.258050025 -0.943598866 0.0310160927 0.271311969 -0.961991608 -0.10226766 0.746078312 -0.657957792 0.0976639837 0.939013422 -0.329720378 -0.1544054 0.973156035 -0.170664206 -0.0898513272 0.991997659 -0.088698037 -0.391880453 0.897041678 0.204318076 -0.251564085 0.942721188 0.219071284 0.270931631 -0.378161997 -0.885205925 -0.93082875 0.284065962 0.229922622 -0.822714925 0.426503062 0.375812829 -0.903198659 0.296337873 0.310509354 -0.847099602 0.356670976 0.393964529 -0.224243328 -0.407590955 -0.885203123 -0.125557825 -0.429735035 -0.894182861 -0.669391215 0.0661230162 -0.739961565 -0.89983952 0.379347056 -0.215371057 -0.851123869 0.352486014 -0.389026701 -0.745785952 0.576586187 0.333693981 -0.737657368 0.479103029 0.475733012 -0.698655605 0.608849049 0.375743538 -0.453601062 0.769339263 0.449847907 -0.550757945 0.714886069 0.430817425 0.317085177 -0.535762727 -0.782569706 0.165528417 -0.723868608 -0.66978699 0.333835393 -0.694260001 -0.637618244 0.290484846 -0.731991887 -0.61628437 0.200957209 -0.569976747 -0.796707392 -0.092838794 -0.515132725 -0.85206759 0.220629111 -0.695148945 -0.684171557 -0.120461062 -0.482166022 -0.867758632 -0.0885794759 -0.492251992 -0.865933955 0.210066378 -0.216253951 -0.953470707 0.214618266 0.425449997 -0.879165113 0.135154933 0.838615716 -0.527690113 0.0730924234 0.995731175 -0.056364283 0.176868871 0.954485714 -0.240155056 0.403746307 0.65810883 -0.635516822 -0.31728968 0.823658347 0.470015138 -0.204121709 0.868736148 0.451255828 -0.0348075442 0.982361972 0.183720991 -0.43011269 0.741193652 0.515397906 0.23982735 -0.396224111 -0.886278331 0.297523141 -0.603306234 -0.739933491 0.365251005 -0.599997938 -0.711754262 -0.909093797 0.367384076 0.196411327 -0.794349372 0.5666098 0.219003096 -0.875901103 0.406783164 0.259470135 -0.835239589 0.470485091 0.284637719 -0.503904462 0.0535469875 -0.862098038 -0.844814599 0.407801956 -0.3463898 -0.867412627 0.452164799 -0.207707331 -0.839132667 0.541291952 0.0534736067 -0.767086208 0.624504745 0.146876216 -0.784400225 0.60228616 0.148214996 -0.553632677 0.801306546 0.226712689 -0.0992705375 0.879215896 0.465966493 0.359303206 0.650120318 0.669510841 0.344186485 -0.654014468 -0.673647404 0.415173709 -0.746771991 -0.519579053 0.396024227 -0.722278893 -0.566990316 0.398776978 -0.819948077 -0.410684854 0.387363523 -0.688037992 -0.613639295 0.456517786 -0.728431046 -0.510861754 0.244041294 -0.512121856 -0.823513865 0.266094148 -0.544794321 -0.795231462 0.397535056 -0.555074096 -0.730656266 0.301480383 -0.522444129 -0.797597468 0.436022252 0.364250898 -0.82292521 0.234428599 -0.399753034 -0.886138082 0.371616006 -0.00641799858 -0.928364336 0.0804212689 0.987690032 -0.134167194 0.0761354566 0.988212466 -0.132813767 0.10361284 0.989521205 -0.100559473 0.204579026 0.911802113 -0.356039762 0.463734418 0.219261974 -0.858413994 0.334368885 0.531719089 -0.778120995 0.0178665426 0.690331697 0.723272383 -0.287432283 0.827608764 0.482126921 -0.051789213 0.851319909 0.522084594 -0.0210952424 0.954494894 0.297480226 -0.100641511 0.852204025 0.51343894 -0.0551106296 0.862452805 0.503128231 0.35314852 -0.686377406 -0.635745347 0.293356061 -0.711027086 -0.639048278 0.277075976 -0.628878057 -0.726458073 0.262494147 -0.73865205 -0.620878398 -0.844446778 0.52514106 0.105529733 -0.837344885 0.529201746 0.137109727 -0.342039406 0.917041957 0.205044016 -0.70678848 0.707199156 0.0178732947 -0.814122438 0.570132256 0.110244848 -0.727409303 0.674194813 0.127816647 -0.847307622 0.523407161 0.0900817811 -0.627469301 0.741494298 0.237631112 -0.399662852 0.871355355 0.284621656 -0.713061035 0.691162944 0.117634058 -0.437741399 0.825309038 0.356717676 0.502281725 0.748848677 0.432364106 0.33207342 0.487681866 0.807399333 0.227616057 0.651969969 0.723274529 -0.153202131 0.788628697 0.595477819 0.843737602 0.250068039 0.474945128 0.753155172 -0.0427820124 0.656450331 0.338424176 -0.329596013 0.881382763 0.809672534 0.449963897 0.376779646 0.355264038 -0.450326264 -0.819142044 0.544664025 -0.523381174 -0.655296266 0.40186125 -0.576571047 -0.71138835 0.598227322 -0.675635934 -0.430859804 0.536198676 -0.79393512 -0.28663221 0.327578813 -0.773440897 -0.542661309 0.415191174 -0.899895012 0.133436352 0.200229123 -0.979743719 -0.00325503573 0.296987116 -0.372021943 -0.879430652 0.362121552 -0.380263805 -0.851039052 0.415290356 -0.54889226 -0.72543174 0.53313309 -0.402877003 -0.7439484 -0.207236871 0.80998522 0.548613548 0.635849595 0.694672883 -0.336340487 0.370845884 -0.263534844 -0.890518248 -0.00945811626 0.949396312 0.3139382 0.0030080427 0.970293403 0.241912529 0.110611036 0.992784262 -0.0463102274 0.267104656 0.786515653 -0.556819737 0.263144851 0.897569716 -0.353727788 0.284041375 0.957639873 -0.0473963097 0.440706164 -0.153268024 -0.884469867 0.442064703 -0.0458020121 -0.895813048 0.404119939 0.0724120289 -0.911835253 0.396101326 0.489755064 -0.776687682 0.410655469 0.748414099 -0.520805538 0.0523875505 0.557832062 0.828298807 -0.0857344791 0.839421868 0.536675453 -0.0782489404 0.188396007 0.978970885 0.331895232 -0.569652259 -0.751892209 0.259794503 -0.751811504 -0.606041431 0.244126111 -0.774370015 -0.583741009 0.23143734 -0.859677851 -0.455401778 -0.862843096 0.493097156 0.111161947 -0.175879985 0.981554627 -0.0749445409 -0.280726016 0.950046599 0.136397853 -0.745868325 0.637471139 0.193160713 -0.897487283 0.424841076 0.118434317 -0.865581095 0.489942133 0.103566796 -0.741350949 0.65329802 0.153624371 -0.893844843 0.426556826 0.13816911 -0.567710936 0.743409812 0.353618622 -0.617084742 0.724527121 0.307029068 -0.566851854 0.722714126 0.395427972 0.77597177 0.6281721 0.0571635589 0.793106318 0.53094703 0.298458725 0.434624463 0.601521015 0.670279086 0.615056515 0.600793839 0.510639071 0.726392031 0.665224075 0.172718167 0.315434903 0.48602888 0.815031767 0.494677037 0.232177109 0.837489367 0.556576192 0.34058094 0.757777989 0.544808269 0.137073055 0.827281654 0.527412653 0.183993921 0.829446852 0.00923649035 0.618354023 0.785845399 -0.516476035 0.706851184 0.48333621 0.871438742 0.434382856 0.227828994 0.897461832 0.0466980077 0.438613266 0.965901434 0.206394985 0.156318694 0.504024148 -0.367500246 0.781602979 0.911527216 -0.0823139995 0.402917504 0.714137375 -0.377484143 0.589502752 0.257155031 -0.529046178 0.808691204 -0.00274150213 -0.584720016 0.81123054 -0.159900337 -0.546788037 0.821860552 0.342333138 -0.346985042 -0.873160601 0.390980065 -0.330748051 -0.85891813 0.329303235 -0.309122145 -0.89218992 0.458117872 -0.445565879 -0.769154787 0.447133958 -0.27826488 -0.850082278 0.382843643 -0.312013924 -0.869527459 0.516562879 -0.379956096 -0.767330587 0.583488941 -0.431083918 -0.688263953 0.677437067 -0.533569098 -0.506342888 0.701162577 -0.653704226 -0.284678459 0.658498883 -0.708188891 -0.254652113 0.651665151 -0.747521102 -0.128626183 0.629758716 -0.774877727 0.0544838458 0.380794436 -0.86908412 0.315734625 0.305125922 -0.844838083 0.439484686 0.201008111 -0.87241888 -0.445512146 0.0287438314 -0.99868691 -0.04240641 -0.0573959127 -0.863244891 0.501511693 0.203024045 -0.835894048 0.509963095 0.674518883 -0.336833119 -0.656938136 0.486097097 -0.371674061 -0.790928543 0.51109308 -0.191023037 -0.838029861 0.672145665 0.630319953 -0.388480246 0.695186257 0.308331043 -0.649344325 -0.183166564 0.690522194 0.699735045 -0.493477076 0.584805846 0.643803179 0.257143885 0.938655376 0.229789257 0.362444878 0.921620548 0.138741761 -0.19883886 0.544665098 0.814741075 -0.181599706 0.55359304 0.812746167 0.05518068 0.983887732 0.170058757 0.357976258 0.860907137 -0.361513376 0.117869541 0.965835631 0.230799302 0.24323909 0.93845886 0.245213509 0.344386846 0.889249563 0.301053077 0.486521125 0.842260063 -0.232153371 0.486335427 0.873730719 0.00851212628 0.388517946 -0.337587029 -0.857373178 0.419530392 -0.0369590111 -0.906988561 0.518036187 0.823013961 -0.23299472 0.434672356 0.422481954 -0.795342028 -0.378750503 -0.371593088 0.847624123 0.276256174 -0.686471879 -0.672635794 0.216150165 -0.817053556 -0.534511566 0.193947524 0.851939857 -0.486397862 -0.0949028283 0.938028574 -0.333310485 0.0456390083 0.99426806 -0.0966857374 -0.624532878 0.780309916 -0.0327892452 -0.781051397 0.538742065 0.315777868 -0.0569516383 0.96241504 0.265544385 -0.295814663 0.601471066 0.742109299 -0.821331501 0.529857039 0.211343586 -0.899363756 0.366245866 0.238765195 -0.751672208 0.592273235 0.290174574 -0.57597667 0.648734212 0.497387946 0.803100824 0.595843136 -0.000182974167 0.926156878 0.371461898 -0.0651883036 0.749832571 0.227234021 0.621382236 0.655623674 0.245212987 0.714162588 0.897260725 0.363332063 0.250824541 0.597584486 0.51357311 0.615739763 0.816441 0.575980008 0.0408794731 0.372047126 0.355335832 0.857506454 0.581680536 0.0445239916 0.812197864 0.557360172 0.159873039 0.814733267 -0.230183363 0.612377405 0.756313086 0.972858727 -0.210251018 -0.096645467 0.966989517 0.180566028 -0.179797739 0.485966474 -0.454072088 0.74676311 0.26089257 -0.511558712 0.818683565 0.192330986 -0.617787838 0.762461126 0.859944701 -0.494180053 0.127597764 0.563466549 -0.746213198 0.354501575 0.413879812 -0.675384343 0.610376477 -0.220925957 -0.597323179 0.770971298 -0.173864841 -0.579897106 0.795921087 -0.351582855 -0.629267097 0.693117917 -0.425856978 -0.622724831 0.656399012 0.403200448 -0.350784093 -0.845209956 0.651408911 -0.435635865 -0.621198714 0.360535651 -0.28838104 -0.88704592 0.384031326 -0.217083916 -0.897437751 0.49606806 -0.312061846 -0.810267806 0.615886509 -0.376720041 -0.691929102 0.763005316 -0.48072502 -0.432118416 0.771155298 -0.618320227 -0.15165621 -0.194740817 -0.851664722 0.486562699 0.183870405 -0.809874833 -0.557040751 -0.0355449021 -0.999097228 0.0232644156 -0.186599568 -0.870203853 0.455988914 -0.147860855 -0.724036872 0.673726797 0.873893499 -0.464563936 -0.143144846 0.781260788 -0.378748149 -0.496166736 0.465771973 -0.225326985 -0.855736077 0.525579274 -0.597374856 0.605730712 0.835256994 -0.499858111 -0.229101866 0.788512409 -0.613150954 -0.0478960611 0.115286164 -0.163608983 -0.979765892 0.140089616 0.0151429987 -0.990023017 0.331502855 0.275822878 -0.902234793 0.530289114 0.409084976 -0.742592037 0.410561025 0.817932844 -0.403020531 0.0113758948 0.906588078 0.421863347 -0.176979706 0.925604999 0.334564745 -0.33957094 0.907798052 0.246159106 -0.47133112 0.868396163 0.154062018 -0.658727884 0.69638288 0.28483066 -0.738186061 0.670412362 -0.075023897 -0.829678714 0.50481087 -0.238325983 -0.831986606 0.28828007 0.474017799 0.113815524 0.337352067 0.934472919 -0.437917709 -0.340117902 0.832194626 -0.472863436 -0.287205994 0.833014309 0.530810058 0.823385119 0.200692728 0.367676914 -0.422308087 -0.828534603 0.258849114 -0.681649089 -0.684362233 0.447343022 -0.0695609972 -0.89165324 0.669676125 0.496130019 -0.552619994 0.628259182 0.776743054 -0.0442792065 -0.502244532 -0.455223203 0.735202193 0.648867249 0.540581942 -0.53548336 0.398053348 0.884924471 -0.24178949 -0.349819064 0.850312173 -0.393186748 -0.559505999 0.815932989 -0.145624205 -0.792366564 0.609029949 0.0351813547 0.287961066 0.915849626 0.279817611 -0.915726125 0.401009023 0.0252476353 -0.909156322 0.387403816 0.15281713 -0.959378362 -0.210920036 0.187365711 -0.746826828 -0.478163064 0.462179422 0.156628415 0.382534921 0.910568237 -0.0959744379 0.117540002 0.988419592 -0.710065901 0.318151981 0.628160596 -0.380716443 0.127307922 0.915886283 -0.954708993 0.238170072 0.178341687 -0.936237156 0.324525833 0.134695724 -0.951624572 0.181891978 0.247640729 -0.98147279 0.111214012 0.156021133 -0.780632436 0.498880178 0.376472592 -0.541512609 0.622599006 0.564919949 -0.189550966 0.552016795 0.81200242 0.910532296 0.187493041 -0.368479759 0.928127348 0.286190867 -0.238063872 0.903127611 0.262367934 0.339887679 0.636793911 0.102135994 0.764239371 0.598874569 0.0487330183 0.799358726 0.392545372 0.356975913 0.847629845 0.491294235 0.00441399915 0.870982468 0.587246954 0.0215520095 0.809120834 0.66449374 0.0768470317 0.743332088 0.58490169 0.246722043 0.772669554 0.856215596 -0.0725159794 -0.511503875 0.684906602 -0.300745934 -0.663667679 -0.342788607 -0.599179029 0.723519504 -0.28256917 -0.698237062 0.657738268 -0.503374755 -0.680295825 0.53273952 -0.471168458 -0.526450038 0.707708001 -0.33150506 -0.874514222 0.354018778 0.571664035 -0.601334155 -0.558209181 0.421210676 -0.397875041 -0.815031946 0.511356235 -0.563660204 -0.648692548 0.660364449 -0.672465742 -0.334228396 0.333713949 -0.283355951 -0.89907974 0.453131437 -0.205595955 -0.867411196 0.390760273 -0.195150927 -0.899567962 0.403296381 -0.404452085 -0.820835292 -0.0924685672 -0.971040308 -0.220295861 0.120221488 -0.761744022 -0.636626124 0.867770314 -0.472353876 -0.154455453 0.868669033 -0.474512935 -0.142308131 0.869933426 -0.485302925 -0.0877317563 0.782494366 -0.357198119 -0.510011792 0.880787909 -0.446223944 -0.158419728 0.823383212 -0.391703188 -0.410619885 0.608009398 -0.273256868 -0.74542284 0.432562232 -0.398178756 -0.808915079 0.601376772 -0.647169173 -0.468527526 -0.193659216 -0.263026953 -0.945152342 -0.136359781 -0.365734994 -0.920675814 -0.0924243331 -0.417116791 -0.904141188 -0.738420248 -0.354016244 -0.573940814 -0.649845183 -0.381156027 -0.657587528 0.309919924 -0.353741944 -0.882505655 0.201367289 -0.539840102 0.817327261 0.00761064515 -0.294105142 0.955742776 -0.403627127 0.0314099975 0.914384246 -0.0123594208 -0.173433989 0.984767914 0.659116864 -0.558761001 0.503339946 -0.13432005 -0.325738192 0.935870051 0.789656162 -0.565049291 -0.239086747 0.818281233 -0.519119978 -0.246840656 0.658257902 -0.752590954 0.0174188465 0.343168408 -0.68322289 0.64454782 -0.317266554 0.170289993 -0.932921886 -0.976014376 0.201803088 -0.0816791803 -0.498522252 0.455995053 -0.737254441 -0.459682882 0.56443274 -0.685643733 -0.342577308 0.606732965 -0.717297673 0.0141150989 0.471223712 -0.881900787 -0.0564153977 0.82825917 -0.557498038 0.158452839 0.742700219 -0.650606692 0.311736047 0.641428947 -0.700991869 0.150607541 0.917939067 -0.367022097 -0.050781928 0.949067652 -0.310953021 -0.559617937 0.756435692 -0.338574678 -0.323463291 0.83099705 -0.452565372 -0.648903787 -0.0132819954 0.760754526 -0.468134761 -0.547620118 0.693514287 -0.629499197 0.103981048 0.77001214 0.61125201 0.455933869 0.646912158 0.378401101 0.0921980366 0.921038628 -0.397358507 -0.437256902 0.806791544 -0.0747488737 -0.28425312 0.955830932 0.623207986 0.682297111 0.382207394 0.697193623 0.711873829 0.0845975429 0.708649933 0.705390275 -0.0154856946 0.848255575 0.403149039 -0.343414247 0.630397081 0.771605909 0.0849932805 0.762935638 0.356749862 0.539127767 0.958552718 0.150002003 -0.242231533 0.614169836 0.0759300068 -0.785512626 0.201882362 0.343610853 -0.917155981 -0.75372684 0.192276031 0.628431201 -0.747005939 0.395963997 0.534036219 -0.6707865 -0.0174819995 0.741444409 -0.462237209 0.886584103 -0.0174746718 -0.0314083397 0.536038041 -0.843609333 -0.846332669 0.0456240028 0.530697107 -0.963793516 0.114669949 0.240733936 -0.923205197 -0.0135940081 0.38406691 0.0783629566 -0.961994469 0.261583537 -0.459631264 -0.851343989 0.252888292 0.317062974 -0.126974016 0.939866304 -0.0939817876 -0.246544912 0.964563668 -0.689973414 0.0842160061 0.71891886 -0.44171983 -0.249941915 0.861633718 -0.768811107 0.355958164 0.531246901 -0.853036046 -0.0175520051 0.521556675 -0.880763531 0.0395859852 0.471898854 -0.816070676 0.163688973 0.554287493 0.0429118648 0.432458997 0.900631905 0.853568971 0.148930967 -0.499239028 0.712330699 -0.0841060206 -0.696786284 0.963543594 0.267547876 -0.00135575631 0.724702656 0.178374946 0.665573776 0.58346796 0.106857978 0.805075467 0.53164041 0.128174961 0.837215424 0.422346562 0.0619240142 0.904316783 0.656165898 0.0861359909 0.749684572 0.613100529 0.12797296 0.779570818 0.692031622 0.152824059 0.705504775 0.697793901 0.253593892 0.669905782 0.517913997 0.327083915 0.790431023 -0.362069249 -0.812291861 0.457261175 -0.316122532 -0.929758966 0.18871896 0.544581831 -0.769530177 -0.333547533 0.408815503 -0.270339966 -0.871657133 0.63557601 -0.332853824 -0.69659996 0.613639772 -0.586773038 -0.528340459 0.38330242 -0.264993906 -0.884792328 0.400105268 -0.174785972 -0.899647534 0.537731051 -0.0529739857 -0.841450572 0.514726937 -0.0760830119 -0.85397166 0.601184487 -0.0559900217 -0.79714638 0.287231714 -0.692369819 -0.661907852 0.0877275243 -0.765839279 -0.637019694 0.670243204 -0.331640095 -0.66391933 0.0287190694 -0.968041241 -0.24914138 -0.0969368964 -0.988553703 0.115606278 0.871105909 -0.487363726 -0.0604237765 0.850668073 -0.494512022 -0.178386465 0.851755857 -0.516564071 -0.0875984579 0.878861189 -0.445425183 -0.17087853 0.894790292 -0.409820944 -0.177192464 0.720128655 -0.463504314 0.516312361 0.900205791 -0.420277089 -0.114002943 0.842837214 -0.498830169 0.201974943 0.57506454 -0.311883003 0.756326497 0.927417397 -0.313112795 -0.204590574 0.874407232 -0.383690983 -0.296973377 0.740892351 -0.496722966 -0.452045113 0.1420196 -0.86177671 -0.487002432 -0.0755016953 -0.631897986 -0.771365345 0.166619971 -0.953520775 0.251069486 0.244872391 -0.431088924 0.868446827 0.296895444 -0.801290929 0.519409239 0.736099184 -0.67596215 -0.0351170301 -0.986565888 0.0642910153 0.150181308 0.123731792 -0.346371055 -0.929901898 -0.576753318 -0.299588025 -0.760001719 -0.538536072 -0.433259815 -0.7226789 -0.885978758 -0.341919929 -0.313260823 -0.853458583 -0.426034242 -0.300172061 -0.534834564 -0.599198043 -0.595746279 -0.953220367 0.00836700015 0.302160442 -0.948258042 -0.0555640012 0.312600851 -0.2277527 -0.384116054 -0.894753337 -0.918708742 0.0770339966 0.387349963 -0.958002865 -0.186975956 -0.217417851 -0.280435622 -0.384569824 0.879466832 -0.341416568 -0.165308088 0.925261021 -0.704265296 0.205762103 0.679464698 -0.62456435 0.281812012 0.728355229 -0.595352232 0.239406034 0.766968369 -0.174334005 -0.0913940519 0.980436027 -0.757005453 0.0955070406 0.646390855 -0.0994736329 -0.101162031 0.989884436 0.594748676 -0.771595836 0.225641161 -0.221756607 -0.37637195 0.899537742 0.389396131 -0.398927927 0.830197036 -0.670606256 0.236578926 0.703077257 -0.331906706 -0.246505946 0.910534322 -0.428663135 -0.465051949 0.7745803 -0.264943093 -0.486722857 0.832409739 -0.445602119 0.118403003 0.887366593 0.836380184 0.441946983 0.32427007 0.799524009 0.197661102 0.567178488 0.501049101 -0.146950036 0.852851391 -0.176566452 -0.701274991 0.690679133 0.347087353 -0.516330004 0.78290081 0.772678077 0.621599019 0.128776118 0.767280817 0.633823812 0.0977114439 0.856130898 0.494277 0.15076524 0.959436357 0.221835986 -0.173984796 0.939261854 -0.25159806 -0.23342149 0.89425528 0.430738032 0.121541165 0.580366969 -0.307267904 0.754162192 0.945881784 -0.20794493 0.249131545 0.852154613 -0.204611987 -0.481628925 0.380272418 -0.165916935 -0.909870565 0.020856062 0.190250933 -0.981513917 -0.26316458 -0.599976838 0.755494654 0.0209438689 -0.626394212 0.779225051 -0.347363353 -0.355750114 0.86762929 -0.213469103 -0.66910702 0.711847425 -0.71332252 0.186498985 0.675565779 0.00236383127 -0.618852258 0.785503864 -0.551576614 -0.426840782 0.716638148 -0.226669073 -0.61370492 0.756298482 -0.438156903 0.878255427 0.191535816 -0.349943489 0.936425805 0.0254212543 -0.675454319 0.338092089 0.655328333 -0.248318851 0.724372327 -0.643134892 -0.33185342 0.938976228 -0.0905370414 -0.23879844 -0.867734075 0.435904682 -0.0743417442 -0.871085465 0.485472381 0.345962793 -0.929224968 0.129810408 0.326176882 -0.420945138 0.846412361 -0.310971349 -0.483188242 0.818428934 -0.66740638 -0.203506112 0.716347694 -0.434378386 0.286547065 0.853935719 -0.762608051 -0.147219017 0.629885375 -0.747968137 -0.161746994 0.643724799 -0.488817036 -0.126609936 0.863149941 -0.580241621 0.054823 0.812597156 0.151548401 0.313510835 0.937413454 0.800166011 0.0945200399 -0.592283964 0.906467021 0.215624005 0.363075584 0.517165124 0.098953031 0.850146174 0.664699137 0.202512875 0.719140828 0.604405582 0.249437079 0.756620765 0.498208702 0.220414907 0.838573396 0.673150659 0.285557926 0.682147205 0.70419687 0.277369916 0.65358454 0.521632552 0.285921961 0.803833365 -0.142439917 -0.920507789 0.363835484 0.648549914 -0.729333282 -0.217843935 0.498609424 -0.238121957 -0.83347857 0.873498619 0.202803895 0.442572892 0.860648751 -0.402286083 -0.312169224 0.996230185 0.0508790202 0.0702619031 0.813661814 -0.133687988 -0.565757871 0.826538801 -0.492750138 -0.272086114 0.772860229 -0.0284330044 -0.633938968 0.566586792 -0.797570109 -0.207029834 0.290453643 -0.911922991 0.289884657 0.888635457 -0.456840068 0.040301498 0.891165197 -0.452586889 -0.0314595401 -0.107850701 -0.0612109974 0.9922809 0.668673813 -0.483494163 0.56489712 -0.315544367 0.0995679796 0.943672597 0.505899668 -0.472876161 0.721424758 0.698780417 -0.551782846 0.455237955 -0.475945652 0.145937055 0.867282033 -0.0945227072 -0.101976939 0.990285873 -0.297921926 -0.0594390221 0.952737927 0.792165637 -0.371309012 0.484358609 0.80903995 -0.570148587 0.142775789 -0.223693237 -0.961435914 0.160007179 -0.615696549 -0.76804316 0.17614603 -0.653856397 -0.74136734 -0.151149988 -0.465556651 -0.613894165 0.637487948 -0.105793566 -0.628508925 0.770573974 -0.419309676 0.0718169808 0.904998183 -0.457617909 0.241224885 0.855801642 0.545046866 -0.558300853 0.625479043 -0.12995775 -0.281511128 0.950716794 -0.823654056 -0.277174145 -0.494740874 -0.927685261 -0.095027037 0.361067742 -0.907693028 -0.274895906 0.317057699 -0.825479805 -0.537164211 -0.173313811 -0.736603975 0.16190809 0.656658471 -0.516734481 -0.0359030031 0.855392575 -0.724847555 0.0125780012 0.688794494 -0.711465478 0.124682963 0.691571414 -0.584316552 0.196877047 0.787282407 -0.698268533 0.257095009 0.66807425 -0.498948783 0.207795039 0.841350913 -0.346186966 0.0592789799 0.93629086 0.936091125 -0.0995699391 0.337371081 0.742709041 0.0699810013 0.665947378 0.0860946178 -0.0288330037 0.995869637 0.371007472 0.125510976 0.920108914 0.563833177 0.350742161 0.747711241 -0.463117629 -0.108508028 0.879629493 -0.47097984 -0.556570172 0.684403121 0.773482442 0.00118299981 0.633816659 0.869285226 0.08662799 0.486660898 0.859386921 0.438357979 0.263242036 0.261763483 -0.821700096 0.506249726 0.706360519 -0.31704092 0.632882178 0.721044898 -0.550624967 0.420602441 0.923930407 0.243641093 0.294943362 0.99287945 0.109903969 0.0459515825 0.781336844 -0.578645945 0.233841032 0.941948414 -0.320992947 0.0984721109 0.605998814 -0.544904947 0.579520524 0.965126216 -0.23888211 -0.107082739 0.812870502 -0.51641506 0.269364029 0.56050092 -0.560570717 -0.609589338 0.869467258 -0.455311 -0.191621006 0.160476819 -0.153066933 -0.975098789 0.279201031 -0.410321981 -0.868148983 -0.163114071 0.0213269945 -0.986376703 0.0957744345 -0.364165127 -0.926396787 0.225870401 -0.865644038 0.446814299 0.227128536 -0.753601015 0.61684531 -0.43621701 -0.487865001 0.756110072 0.385839224 -0.69438976 0.607413352 -0.0343410932 -0.754064023 0.655902505 -0.447384983 0.356561214 0.820189476 -0.315897763 0.944618344 0.0889088586 -0.308009505 0.945840716 0.102544852 -0.208975658 0.799565494 0.563049018 -0.314605415 0.94903928 -0.0186516959 -0.374762446 -0.250742912 0.892569959 -0.337075293 0.849048913 -0.406812251 -0.327735454 0.940423846 -0.0905119106 -0.526777685 -0.23832494 0.815908372 -0.0537947752 0.187904969 0.98071295 -0.122644514 0.0364820026 0.991779923 0.916762769 0.186090007 0.353435367 0.67112869 0.2498651 0.697963953 0.518624723 0.321054906 0.792434335 0.581342876 0.363289028 0.728053272 0.683444917 0.284913003 0.672106862 0.507086694 0.336062074 0.793678403 0.465811193 0.294956952 0.834278345 0.695369005 0.305327922 0.650566518 0.72495389 0.281289995 0.628743052 0.373735607 0.279149145 0.884532332 0.68496418 0.332105935 0.648482621 0.635851622 0.323544145 0.700722396 0.496078312 0.539747894 0.680131197 0.513688862 0.426568985 0.744421005 0.51028055 0.561941028 0.651026905 0.835834861 0.276885897 0.474040359 0.982572973 -0.174863979 0.0630311295 0.750313878 -0.576794922 0.323011816 0.220982447 -0.40784207 0.885907233 -0.390621781 0.0489240102 0.91925025 0.510665178 -0.423644066 0.74816227 -0.754500687 -0.26215905 0.601665497 -0.443722874 -0.358466864 0.821347356 0.530855775 0.598936796 0.599555552 0.534092546 0.58811599 0.607342362 0.558900118 0.390042216 0.731777132 0.419403732 0.282212913 0.862818837 0.571749806 0.572655082 0.587510288 0.527405322 0.619896054 0.581009924 0.913350105 -0.18003498 0.365210831 0.964000404 -0.150996938 0.218867913 0.604665697 -0.735577822 0.305458099 0.432117879 -0.729816735 -0.529756248 0.495242298 -0.851819217 -0.170701668 0.680879533 -0.722065151 -0.122576259 0.289862841 -0.581524968 -0.760137022 -0.367726386 0.00898000039 -0.929890692 0.04299156 -0.685769975 -0.726547539 0.363720924 -0.872709394 0.325707495 0.0110921338 -0.684221864 0.729189575 0.191027313 -0.42542389 0.884603381 -0.314284265 0.948745251 0.0332849026 -0.311883867 0.945805013 0.0904505178 -0.273858935 0.960060418 0.0573169254 -0.278662741 0.959605038 0.0387972072 0.428892463 -0.314786077 0.846735477 -0.0283546261 0.835719764 0.548423648 -0.321354777 0.944387615 0.0697359368 -0.290201545 0.954543412 -0.0680439174 -0.287816077 0.956961334 -0.0372417383 -0.366179258 0.836976111 -0.406673968 0.577752769 0.453517854 0.67861867 0.703848064 0.308569878 0.639830112 0.731521785 0.30073005 0.611912847 0.653831303 0.449360818 0.608752429 0.484976053 0.597752929 0.638349116 0.49383834 0.651506901 0.575901449 0.546182334 0.620810032 0.562387586 0.436990559 -0.771812797 -0.461892009 0.412365675 -0.895878971 -0.165394783 0.473015636 -0.87898773 0.0603053384 0.300491482 -0.81833446 -0.489932179 -0.0778474137 -0.748725593 -0.658293068 -0.395506948 0.836656988 -0.378918618 -0.373566478 0.601782084 -0.705908239 -0.367434561 0.166759029 -0.914977193 -0.26073572 -0.253006101 -0.931667745 0.183819771 -0.944317758 -0.272899836 0.446810037 -0.832999051 0.326302558 0.46770525 -0.80720681 0.360095829 -0.340667486 0.939191818 0.0431785099 -0.294178963 0.953858674 0.0601030886 0.469914675 -0.853663862 0.224584624 0.579130709 -0.369976014 0.726447046 -0.282187849 0.954610944 0.0953309089 -0.138386101 0.981396675 0.133078471 -0.348510593 0.933537126 0.083956942 0.387217462 0.621524811 0.681006253 -0.327410012 0.941870391 -0.0753846169 -0.365494311 0.930280745 -0.031491112 0.525740564 0.588299155 0.614411116 0.374863207 -0.886908889 -0.269944876 0.372709006 -0.915540457 -0.151240617 0.474752635 -0.845028043 0.246043742 0.448089808 -0.877773225 0.169498414 0.418849558 -0.90797317 -0.0122382306 0.462051749 -0.852201819 0.245479643 0.302601725 -0.939093292 -0.162898749 -0.00147024926 -0.592134178 -0.805838048 0.24094978 -0.947470129 -0.210341617 -0.326581806 0.817460358 -0.474450141 -0.366139203 0.918975949 -0.146373749 -0.437502027 0.89807725 -0.0452686734 -0.439921886 0.897207975 -0.0385555923 -0.243641704 0.512121081 -0.823632658 -0.32318145 0.753010929 -0.573173881 0.311344683 -0.945717633 -0.0931809917 0.439495265 -0.891118944 0.112919897 0.422444791 -0.878777623 0.222014055 0.405982316 -0.908211112 0.101641417 0.410066009 -0.911807775 -0.0212717373 0.375965506 -0.92648232 -0.0167466346 0.396701306 -0.917947471 0.000710400403 0.41306603 -0.906263232 0.0897964388 0.712656498 -0.0110439975 0.701426208 0.594266236 -0.698929131 0.397926688 -0.237506106 0.966701329 0.0952858999 -0.185685903 0.981102049 0.0544017442 0.160907015 0.983763874 -0.0794831142 -0.116407081 0.991878629 -0.0512467884 0.52172941 0.585534811 0.620441318 -0.303852916 0.95100534 0.057116095 0.362714231 -0.923245907 -0.126709878 0.180781633 -0.115397982 -0.976729929 0.26228106 -0.841021121 -0.473172367 0.250328183 -0.922920227 -0.292496324 0.334196359 -0.942287922 -0.0201572329 0.279616863 -0.947111011 -0.157464653 -0.353454411 0.853460908 -0.382980973 -0.29830268 0.940196037 -0.164459437 -0.0938274935 0.70901227 -0.69892633 -0.285820425 0.801805019 -0.52480036 -0.257577032 0.880018651 -0.39902541 -0.169830546 0.91534996 -0.365091801 0.477001578 -0.86816901 0.136937946 0.329476446 -0.942619085 0.0539867729 0.853912055 -0.254958093 0.453685522 -0.202494651 0.978562355 0.037571691 0.0543148406 0.90831542 -0.414744526 0.581938386 0.779814959 0.230730161 0.551167846 0.704436004 -0.44719556 0.78692311 0.614858985 -0.0519653633 -0.18980521 0.97356993 -0.127026081 0.907846272 0.218844086 0.35766241 0.187576175 0.623609841 -0.758897841 0.442960531 -0.791555941 -0.420981199 0.560060859 -0.206445023 -0.802316844 0.350182235 0.110644959 -0.930123687 0.313479215 -0.943112791 -0.110765629 0.973330438 -0.210640952 0.0908749849 0.482566565 -0.870708168 0.0948516205 0.890748441 -0.411736041 -0.192459553 0.378353596 -0.924552798 0.0452848934 0.471420944 0.410731196 -0.780424356 0.703177035 0.154587984 -0.694006205 0.466106385 -0.883786738 -0.0408149697 0.696092069 -0.523913264 -0.490887612 </DataArray>
      </PointData>
      <CellData>
      </CellData>
      <Points>
        <DataArray type="Float32" Name="Array 0A144E50" NumberOfComponents="3" format="ascii" RangeMin="0.1476687037" RangeMax="0.43330420257"> 0.0899839997 0.199515998 0.100519001 0.087534003 0.189005002 0.0985129997 0.0848250017 0.189566001 0.0966460034 0.0771880001 0.210715994 0.111901999 0.0775260031 0.208577007 0.113062002 0.0883970037 0.203694001 0.0979999974 0.0747959986 0.197457001 0.111210003 0.0835789964 0.195203006 0.0957179964 0.0856489986 0.204258993 0.0971629992 0.072724998 0.196321994 0.110512003 0.076196 0.211649999 0.111928999 0.0612969995 0.215837002 0.122598998 0.0631819963 0.217484996 0.122620001 0.0625289977 0.214986995 0.123933002 0.0606390014 0.204635993 0.123011 0.0717440024 0.200922996 0.109168999 0.0597979985 0.204212993 0.122841001 0.0593690015 0.208757997 0.120857 0.043322999 0.214579001 0.128174007 0.0448740013 0.222592995 0.128681004 0.0471349992 0.224662006 0.129719004 0.0461779982 0.223370999 0.130443007 0.0446729995 0.212984994 0.131025001 0.0436419994 0.212119997 0.130279005 0.0260000005 0.219292998 0.134232 0.0267479997 0.221954003 0.131856993 0.0286040008 0.230931997 0.132873997 0.0302799996 0.232051 0.133970007 0.0287749991 0.230729997 0.135434002 0.0270780008 0.220684007 0.134964004 0.00907200016 0.228318006 0.136068001 0.00880200043 0.228141993 0.136564001 0.0102059999 0.229605004 0.133899003 0.0114139998 0.238328993 0.134560004 0.0129159996 0.239223003 0.135957003 0.0107460003 0.236946002 0.137351006 -0.00695999991 0.245167002 0.136996001 -0.00869899988 0.236536995 0.134709001 -0.0087670004 0.236368001 0.134981006 -0.00616900017 0.238251001 0.132549003 -0.00538699981 0.246710002 0.133559003 -0.00405899994 0.247338995 0.134911001 -0.0213130005 0.254429996 0.132155001 -0.0241379999 0.253829986 0.134053007 -0.0264030006 0.244253993 0.131146997 -0.0260559991 0.244285002 0.130789995 -0.0232379995 0.244668007 0.129471004 -0.0224920008 0.253731012 0.130429 -0.0386440009 0.261316001 0.124848001 -0.0379710011 0.261922985 0.127106994 -0.041108001 0.26098001 0.127243996 -0.0436750017 0.251307994 0.125008002 -0.0431960002 0.250551999 0.123989999 -0.0388999991 0.252507001 0.123462997 -0.0536210015 0.259662002 0.114519998 -0.0537200011 0.269161999 0.116544001 -0.0528829992 0.267917991 0.117220998 -0.0567209981 0.266171008 0.117199004 -0.0600919984 0.255542994 0.114946999 -0.0595039986 0.255468011 0.114399999 -0.0736339986 0.259494007 0.101426996 -0.0668300018 0.26452601 0.102214999 -0.0670540035 0.274112999 0.103919998 -0.0666719973 0.272211999 0.104814999 -0.0706579983 0.271205008 0.104631998 -0.0736740008 0.259983987 0.101221003 -0.0842150003 0.266391009 0.0856999978 -0.0819019973 0.264705002 0.0841460004 -0.0768370032 0.271210998 0.087793 -0.0768629983 0.278100997 0.0883380026 -0.0771989971 0.278337002 0.091692999 -0.0823220015 0.273819 0.0890780017 -0.0843669996 0.283225 0.0720359981 -0.0859989971 0.277662009 0.0696119964 -0.0826580003 0.275153011 0.0673869997 -0.078925997 0.277060986 0.0699120015 -0.0792799965 0.285326988 0.0709120035 -0.0792739987 0.285692006 0.0736970007 -0.0781650022 0.292497993 0.0556689985 -0.082682997 0.290371001 0.0532580018 -0.0837069973 0.284083992 0.0509469993 -0.0820119977 0.283327997 0.0492229983 -0.0772999972 0.283836007 0.0521969981 -0.0773890018 0.290019989 0.0523470007 -0.0719069988 0.29093799 0.0340720005 -0.0743149966 0.295610994 0.0375609994 -0.0773900002 0.290816009 0.0347109996 -0.0781750008 0.289182007 0.0339759998 -0.0725800022 0.284355015 0.0380829982 -0.0710380003 0.285524011 0.0346449986 -0.0582379997 0.284202009 0.0223980006 -0.0586649999 0.288401008 0.0212699994 -0.0670310035 0.294476986 0.0203259997 -0.0655179992 0.288778007 0.0202750005 -0.0661650002 0.285333991 0.0184409991 -0.062913999 0.279534012 0.0212660003 0.0917330012 0.170063004 0.111263998 0.0887679979 0.160214007 0.109169997 0.0846239999 0.159761995 0.107910998 0.0778660029 0.178871006 0.121210001 0.0905169994 0.173204005 0.108786002 0.0769020021 0.180914 0.120677002 0.0750090033 0.167950004 0.118436001 0.0845640004 0.165988997 0.104511 0.0733579993 0.166446 0.117909998 0.0633549988 0.188149005 0.129547 0.0615999997 0.189633995 0.129159003 0.0861629993 0.175055996 0.111419998 0.073067002 0.182106003 0.121665999 0.0589310005 0.189962 0.129199997 0.0627299994 0.177265003 0.128385007 0.0725419968 0.173045993 0.116834998 0.0601680018 0.176385999 0.128003001 0.0467960015 0.196428999 0.134066999 0.0447550006 0.198458999 0.133514002 0.0434500016 0.198319003 0.133590996 0.0593000017 0.182269007 0.125698999 0.0443079993 0.191038996 0.131413996 0.0474190004 0.185458004 0.134142995 0.0444109999 0.185640007 0.133775994 0.0301740002 0.205333993 0.136647999 0.027392 0.207008004 0.136005998 0.0269980002 0.205959007 0.135493994 0.0275270008 0.197751999 0.134238005 0.0268019997 0.193705007 0.136160001 0.0307749994 0.192757994 0.136702999 0.0131160002 0.213777006 0.136248007 0.0102380002 0.216014996 0.135124996 0.0110759996 0.214806005 0.13594 0.0112779997 0.206135005 0.133807003 0.00980900042 0.201060995 0.135964006 0.0136700002 0.199221 0.137208998 -0.00409199996 0.221605003 0.134344995 -0.00750199985 0.223876998 0.133431002 -0.00565799978 0.221747994 0.133864 -0.0055300002 0.212897003 0.131973997 -0.00742800022 0.208690003 0.134913996 -0.00288900011 0.206908002 0.135790005 -0.0215249993 0.228782997 0.132106006 -0.0245200004 0.232527003 0.129814997 -0.0217790008 0.229741007 0.131034002 -0.0212639999 0.221160993 0.129218996 -0.0249649994 0.216141 0.133083999 -0.0192280002 0.214881003 0.133877993 -0.0383259989 0.235584006 0.126704007 -0.0424549989 0.238306999 0.124784999 -0.0377640016 0.235927999 0.124885 -0.0383079983 0.225536004 0.124228001 -0.0416189991 0.223837003 0.127602994 -0.0353409983 0.222304001 0.129298002 -0.054951001 0.240110993 0.118470997 -0.0587150007 0.242834002 0.114857003 -0.0532910004 0.239960998 0.116024002 -0.0532779992 0.231637001 0.115564004 -0.0580109991 0.227093995 0.118253 -0.0509990007 0.229056999 0.122680999 -0.0697809979 0.244479001 0.107100002 -0.07333 0.246707007 0.102146 -0.067396 0.243290007 0.104584999 -0.0672319978 0.235999003 0.104266003 -0.0713030025 0.231439993 0.104765996 -0.0658719987 0.231714994 0.112093002 -0.0829439983 0.244030997 0.093787998 -0.0841619968 0.251791 0.0873849988 -0.0790230036 0.249942005 0.0918050036 -0.0762849972 0.243254006 0.0902310014 -0.0809520036 0.235156 0.0895069987 -0.0791390017 0.236465007 0.0999599993 -0.0877770036 0.249965996 0.0766879991 -0.0859379992 0.258107007 0.068448998 -0.0822400004 0.255872995 0.0743559971 -0.0804430023 0.248342007 0.0725580007 -0.0835269988 0.243630007 0.0722630024 -0.0856250003 0.240116999 0.0832159966 -0.0876130015 0.25613901 0.0582639985 -0.0826409981 0.26502499 0.0500050001 -0.081701003 0.261204988 0.056338001 -0.0786330029 0.255080998 0.0550209992 -0.0828000009 0.252140999 0.0549530014 -0.0852139965 0.247176006 0.0658849999 -0.0849850029 0.259725988 0.0391369984 -0.080058001 0.269383997 0.0307519995 -0.0768340006 0.264229 0.038369 -0.0735019967 0.258228004 0.0372110009 -0.0773120001 0.257782996 0.0386959985 -0.084073998 0.254368007 0.0485000014 -0.0783450007 0.266043007 0.0279610008 -0.0755539984 0.264382988 0.0244389996 -0.0786880031 0.259826005 0.0336019993 -0.0655530021 0.266819 0.0243059993 -0.0651820004 0.265653014 0.0211050007 -0.0635500029 0.261000007 0.0220389999 -0.0658989996 0.257528007 0.0226830002 -0.0746460035 0.241529003 0.0190980006 -0.0841690004 0.236221001 0.0310559999 -0.0757889971 0.243186995 0.0208720006 -0.0610009991 0.241714001 0.0161029994 -0.0761990026 0.234292999 0.025649 -0.0637329966 0.235247999 0.0149140004 -0.0829949975 0.229947001 0.0385849997 -0.0869529992 0.232225001 0.0472300015 -0.0757929981 0.246886 0.0220420007 -0.0594240017 0.239504993 0.0180949997 -0.0789389983 0.227963001 0.0429259986 -0.0738810003 0.233927995 0.0291300006 -0.0710330009 0.234996006 0.0282979999 -0.0810829997 0.217968002 0.0558229983 -0.0839679986 0.222334996 0.0532840006 -0.087826997 0.225249007 0.0627499968 -0.0804999992 0.241843998 0.0382370017 -0.072552003 0.238589004 0.0282220002 -0.0802929997 0.220915005 0.0566160008 -0.0776870027 0.229791999 0.0427040011 -0.0790849999 0.233146995 0.0427520014 -0.0801149979 0.211505994 0.0705730021 -0.0813110024 0.207368001 0.0685560033 -0.0850400031 0.212096006 0.0665360019 -0.0857840031 0.218229994 0.0781550035 -0.0847259983 0.233186007 0.0531059988 -0.0825420022 0.219124004 0.0729969963 -0.0812560022 0.226270005 0.0579279996 -0.0745220035 0.212448999 0.0868479982 -0.0734129995 0.204914004 0.0849649981 -0.0739409998 0.200152993 0.082611002 -0.079524003 0.203333005 0.0801189989 -0.0752699971 0.211656004 0.0912569985 -0.0843240023 0.224388003 0.0685509965 -0.0800499991 0.215314001 0.0823979974 -0.0682929978 0.209728003 0.0948989987 -0.0635799989 0.205298007 0.0987830013 -0.062247999 0.199267 0.0978899971 -0.063428998 0.195694 0.0963279977 -0.0695300028 0.197981 0.0938690007 -0.0623669997 0.207907006 0.103807002 -0.0475879982 0.204236999 0.114698999 -0.0542670004 0.206048995 0.107375003 -0.0497820005 0.200048 0.109709002 -0.0478990003 0.194339007 0.108415 -0.0498250015 0.189682007 0.107217997 -0.0559669994 0.192808002 0.105175003 -0.0412449986 0.186800003 0.114744 -0.0315929987 0.197099999 0.121826999 -0.0378560014 0.200085998 0.116796002 -0.0339840017 0.194381997 0.117881 -0.0322149992 0.188203007 0.116452999 -0.0347389989 0.183516994 0.116230004 -0.0183949992 0.176021993 0.121728003 -0.0251829997 0.180182993 0.121692002 -0.0152679998 0.189243004 0.127470002 -0.0209049992 0.191937 0.123300999 -0.0180159993 0.186162993 0.123130001 -0.0159019995 0.180921003 0.122199997 -4.40000003e-05 0.172187999 0.126754999 -0.00167599996 0.168993995 0.12692 -0.0090330001 0.172146007 0.126947001 0.00156899996 0.181327999 0.131494999 -0.00351499999 0.183672994 0.128664002 -0.00123599998 0.179337993 0.128299996 0.0158079993 0.172091007 0.131742001 0.0178110003 0.166244 0.129640996 0.0153959999 0.161375001 0.128648996 0.00807899982 0.165172994 0.130988002 0.0180890001 0.172299996 0.133662 0.0144570004 0.175286993 0.131244004 0.0322320014 0.166418001 0.132998005 0.0328919999 0.164481997 0.132294998 0.0338479988 0.157156006 0.129095003 0.0323610008 0.153576002 0.128655002 0.025324 0.157571003 0.131602004 0.0340869986 0.162405998 0.134191006 0.0506250001 0.153674006 0.132146001 0.049366001 0.156742007 0.131263003 0.048765 0.155163005 0.130340993 0.0488190018 0.146977007 0.125869006 0.048512999 0.145063996 0.125565007 0.0419280007 0.149081007 0.130769998 0.0572270006 0.139716998 0.126813993 0.0660180002 0.144215003 0.127915993 0.0658650026 0.146798 0.127748996 0.0639749989 0.145620003 0.126688004 0.0639600009 0.138419002 0.120437004 0.0635809973 0.136151999 0.120380998 0.0788590014 0.129690006 0.113031 0.0720229968 0.130989999 0.121105999 0.0811920017 0.135848001 0.121706001 0.0824209973 0.138782993 0.121476002 0.079591997 0.138474002 0.120572999 0.0789550021 0.131742999 0.112862997 0.0651160032 0.108811997 0.115689002 0.0619169995 0.109954998 0.112585999 0.0710840002 0.115796 0.11829 0.0564340018 0.117450997 0.120933004 0.0513859987 0.111043997 0.114906996 0.0714379996 0.113077 0.119136997 0.0629379973 0.112754002 0.112719998 0.0671240017 0.116429001 0.115947001 0.0502710007 0.112645 0.112296 0.0531149991 0.119906999 0.117958002 0.055509001 0.119294003 0.119576 0.0364050008 0.127695993 0.122097999 0.0373909995 0.125138998 0.123451002 0.0338799991 0.117817998 0.119037002 0.049885001 0.115506001 0.113747001 0.0313449986 0.118837997 0.116530001 0.0318959989 0.122060999 0.116834998 0.034793999 0.127063006 0.121363997 0.0182099994 0.134590998 0.121026002 0.0192690007 0.135837004 0.122201003 0.0206969995 0.133013994 0.124225996 0.0184119996 0.125559002 0.120774999 0.0147770001 0.126993999 0.117268004 0.0163359996 0.129428998 0.117885001 0.000793999992 0.137748003 0.116678998 0.0028260001 0.144025996 0.120939001 0.00261499989 0.144973993 0.121059 0.00452399999 0.142169997 0.122885004 0.00241399999 0.133854002 0.119457997 -0.00222499995 0.135266006 0.115953997 -0.0188459996 0.143435001 0.112227999 -0.0148510002 0.145704001 0.114276998 -0.0135460002 0.152289003 0.118809998 -0.0137550002 0.154293999 0.118514001 -0.012019 0.150722995 0.120701 -0.0135220001 0.141732007 0.116447002 -0.0289249998 0.149736002 0.112401001 -0.0347720012 0.152234003 0.107822999 -0.0298939999 0.153770998 0.110123001 -0.0294250008 0.160291001 0.114476003 -0.0300510004 0.163198993 0.114315003 -0.0274400003 0.160035998 0.116530001 -0.0430390015 0.168513998 0.111217 -0.0441889986 0.157372996 0.107138 -0.0502839983 0.159324005 0.100603998 -0.0445900001 0.161451995 0.104529999 -0.044383999 0.168436006 0.108612999 -0.0462119989 0.171082005 0.108502001 -0.0601879992 0.178812996 0.0993940011 -0.0575499982 0.176268995 0.103473 -0.0575559996 0.164681002 0.099030003 -0.0633300021 0.167509004 0.0915720016 -0.0575789995 0.168809995 0.0964569971 -0.0576380007 0.176425993 0.100263998 -0.0691960007 0.183433995 0.0898509994 -0.0718669966 0.186302006 0.0884089991 -0.0699689984 0.183381006 0.0932530016 -0.0691239983 0.171811 0.089102 -0.0742899999 0.174389005 0.0804900005 -0.0688090026 0.175231993 0.0865689963 -0.0781179965 0.181576997 0.0752890036 -0.0784389973 0.190412 0.078106001 -0.0832049996 0.193294004 0.0769110024 -0.0803560019 0.191275001 0.0821729973 -0.0792059973 0.177609995 0.0775630027 -0.0812800005 0.181926996 0.0677239969 -0.080829002 0.188645005 0.0624990016 -0.0815439969 0.191571996 0.0554759987 -0.0822660029 0.196987003 0.064981997 -0.0850889981 0.201091006 0.0632359982 -0.0872600004 0.197045997 0.0685949996 -0.0843700022 0.186101004 0.0658700019 -0.0820349976 0.201072007 0.0431249999 -0.0796089992 0.197041005 0.0506389998 -0.0853049979 0.195642993 0.0545249991 -0.0814319998 0.203659996 0.0516300015 -0.0837170035 0.209068 0.0503370017 -0.086687997 0.205241993 0.0556729995 -0.0839129984 0.204585999 0.0428449996 -0.0842240006 0.210252002 0.0310469996 -0.0763060004 0.205496997 0.0391639993 -0.0859389976 0.212107003 0.0418389998 -0.0784310028 0.211767003 0.0394149981 -0.0809149966 0.216832995 0.0368690006 -0.0858030021 0.212576002 0.0288810004 -0.0748109967 0.213834003 0.0211759992 -0.0692929998 0.210644007 0.0271569993 -0.0744590014 0.223076999 0.0239209998 -0.0706439987 0.216920003 0.0268460009 -0.0734189972 0.217629001 0.0203690007 -0.0601769984 0.212206006 0.0149490004 -0.0582019985 0.216904998 0.0160179995 -0.0603879988 0.219506994 0.0156699996 -0.0633969977 0.161734 -0.0847240016 -0.0613819994 0.151932001 -0.079163 -0.0562460013 0.155374005 -0.0914959982 -0.0691910014 0.168043002 -0.0762759969 -0.0659260005 0.158089995 -0.0711800009 -0.0648560002 0.161814004 -0.0867329985 -0.071762003 0.166850999 -0.0783689991 -0.0549330004 0.146562994 -0.0859500021 -0.0594329983 0.146238998 -0.0890479982 -0.066143997 0.152409002 -0.0820140019 -0.0483370014 0.148784995 -0.0964479968 -0.057519 0.155509993 -0.0929590017 -0.0716480017 0.173804 -0.065252997 -0.0689560026 0.163389996 -0.0612730011 -0.0737510026 0.172294006 -0.0672300011 -0.0700939968 0.158891007 -0.0725810006 -0.0658560023 0.156763002 -0.0842740014 -0.0714310035 0.162443995 -0.0759039968 -0.0742539987 0.168910995 -0.0662240013 -0.0485870019 0.139666006 -0.0903050005 -0.051027 0.140881002 -0.0942770019 -0.0512740016 0.145330995 -0.0966959968 -0.0592800006 0.151136994 -0.0917410031 -0.0394550003 0.143726006 -0.101526 -0.0493220016 0.150022998 -0.0988069996 -0.068562001 0.169080004 -0.0511189997 -0.0719410032 0.179312006 -0.0536709987 -0.0748410001 0.177309006 -0.0558179989 -0.0715750009 0.163968995 -0.0611440018 -0.0741659999 0.173425004 -0.0544509999 -0.0715980008 0.169851005 -0.0501860008 -0.0413409993 0.133875996 -0.0952079967 -0.0423180014 0.135133997 -0.0978310034 -0.0427829996 0.140349999 -0.101644002 -0.0409330018 0.144321993 -0.103958003 -0.0326559991 0.129725993 -0.0992269963 -0.0304049999 0.138380006 -0.105462 -0.0681760013 0.174958006 -0.0410929993 -0.0705590025 0.185169995 -0.0424919985 -0.0737219974 0.183753997 -0.0450920016 -0.0749180019 0.179970995 -0.0446010008 -0.0697489977 0.174795002 -0.0389209986 -0.0336499996 0.130366996 -0.102853 -0.0346379988 0.133827999 -0.104373001 -0.0320580006 0.138558999 -0.10746 -0.0250799991 0.123655997 -0.103647999 -0.0250889994 0.123259999 -0.101535998 -0.0213309992 0.132087007 -0.106466003 -0.067181997 0.181897998 -0.0293659996 -0.0668179989 0.191566005 -0.0324539989 -0.0702359974 0.189682007 -0.0347459987 -0.0712149963 0.184295997 -0.0334639996 -0.0260600001 0.127563 -0.105483003 -0.0228119995 0.132762998 -0.109077998 -0.0172060002 0.121638 -0.105866 -0.0163170006 0.117301002 -0.103596002 -0.0163509995 0.118143998 -0.102178998 -0.011926 0.126512006 -0.108111002 -0.0590989999 0.185277 -0.0215499997 -0.0581110008 0.194547996 -0.0249760002 -0.0632779971 0.193676993 -0.0256750006 -0.0651580021 0.189549997 -0.0249400008 -0.0134009998 0.127160996 -0.110219002 -0.00378299993 0.121853001 -0.109921999 -0.00792100001 0.116412997 -0.106628001 -0.00699899998 0.111676 -0.103687003 -0.00786300004 0.112677 -0.102779001 -0.00234299991 0.121101998 -0.106875002 -0.051380001 0.185843006 -0.0124329999 -0.0493390001 0.190962002 -0.0201580003 -0.0539200008 0.195390999 -0.0190619994 -0.0582670011 0.189395994 -0.0161729995 0.00358500006 0.114155002 -0.107793003 0.00530900015 0.114363998 -0.104051001 0.00146900001 0.111417003 -0.106028996 0.00322500011 0.109727003 -0.103797004 0.001651 0.109774999 -0.100382999 -0.0820349976 0.201072007 -0.0431249999 -0.0763060004 0.205496997 -0.0391639993 -0.0837939978 0.212819993 -0.030669 -0.0843700022 0.186101004 -0.0658700019 -0.0815439969 0.191571996 -0.0554759987 -0.0853049979 0.195642993 -0.0545249991 -0.0796089992 0.197041005 -0.0506389998 -0.0692929998 0.210644007 -0.0271569993 -0.0784310028 0.211767003 -0.0394149981 -0.0706439987 0.216920003 -0.0268460009 -0.0748109967 0.213834003 -0.0211759992 -0.085187003 0.205907002 -0.0439539999 -0.0859389976 0.212107003 -0.0418389998 -0.0744590014 0.223076999 -0.0239209998 -0.0809149966 0.216832995 -0.0368690006 -0.0734189972 0.217629001 -0.0203690007 -0.0803560019 0.191275001 -0.0821729973 -0.0792059973 0.177609995 -0.0775630027 -0.0872600004 0.197045997 -0.0685949996 -0.0799529999 0.184284002 -0.0687350035 -0.080829002 0.188645005 -0.0624990016 -0.086687997 0.205241993 -0.0556729995 -0.0814319998 0.203659996 -0.0516300015 -0.0601769984 0.212206006 -0.0149490004 -0.0582019985 0.216904998 -0.0160179995 -0.0603879988 0.219506994 -0.0156699996 -0.0837170035 0.209068 -0.0503370017 -0.0832049996 0.193294004 -0.0769110024 -0.0718669966 0.186302006 -0.0884089991 -0.0699689984 0.183381006 -0.0932530016 -0.0717080012 0.176442996 -0.0809819996 -0.0691239983 0.171811 -0.089102 -0.0850889981 0.201091006 -0.0632359982 -0.0781179965 0.181576997 -0.0752890036 -0.0822660029 0.196987003 -0.064981997 -0.0691960007 0.183433995 -0.0898509994 -0.0784389973 0.190412 -0.078106001 -0.0576380007 0.176425993 -0.100263998 -0.0601879992 0.178812996 -0.0993940011 -0.0575499982 0.176268995 -0.103473 -0.0633300021 0.167509004 -0.0915720016 -0.0688090026 0.175231993 -0.0865689963 -0.0575559996 0.164681002 -0.099030003 -0.0575789995 0.168809995 -0.0964569971 -0.0445900001 0.161451995 -0.104529999 -0.044383999 0.168436006 -0.108612999 -0.0462119989 0.171082005 -0.108502001 -0.0430390015 0.168513998 -0.111217 -0.0441889986 0.157372996 -0.107138 -0.0502839983 0.159324005 -0.100603998 -0.0347720012 0.152234003 -0.107822999 -0.0298939999 0.153770998 -0.110123001 -0.0294250008 0.160291001 -0.114476003 -0.0300510004 0.163198993 -0.114315003 -0.0274400003 0.160035998 -0.116530001 -0.0289249998 0.149736002 -0.112401001 -0.0135220001 0.141732007 -0.116447002 -0.0188459996 0.143435001 -0.112227999 -0.0148510002 0.145704001 -0.114276998 -0.0135460002 0.152289003 -0.118809998 -0.0137550002 0.154293999 -0.118514001 -0.012019 0.150722995 -0.120701 0.00452399999 0.142169997 -0.122885004 0.00241399999 0.133854002 -0.119457997 -0.00222499995 0.135266006 -0.115953997 0.000793999992 0.137748003 -0.116678998 0.0028260001 0.144025996 -0.120939001 0.00261499989 0.144973993 -0.121059 0.0192690007 0.135837004 -0.122201003 0.0206969995 0.133013994 -0.124225996 0.0184119996 0.125559002 -0.120774999 0.0147770001 0.126993999 -0.117268004 0.0163359996 0.129428998 -0.117885001 0.0182099994 0.134590998 -0.121026002 0.034793999 0.127063006 -0.121363997 0.0364050008 0.127695993 -0.122097999 0.0373909995 0.125138998 -0.123451002 0.0338799991 0.117817998 -0.119037002 0.0313449986 0.118837997 -0.116530001 0.0318959989 0.122060999 -0.116834998 0.049885001 0.115506001 -0.113747001 0.0531149991 0.119906999 -0.117958002 0.055509001 0.119294003 -0.119576 0.0564340018 0.117450997 -0.120933004 0.0513859987 0.111043997 -0.114906996 0.0502710007 0.112645 -0.112296 0.0656230003 0.109684996 -0.110095002 0.0642649978 0.112576999 -0.111855 0.0679159984 0.115778998 -0.116493002 0.071434997 0.115690999 -0.117881 0.0714379996 0.113077 -0.119136997 0.0663739964 0.108157001 -0.113384999 0.00146900001 0.111417003 0.106028996 0.00322500011 0.109727003 0.103797004 0.00358500006 0.114155002 0.107793003 -0.00378299993 0.121853001 0.109921999 -0.00792100001 0.116412997 0.106628001 0.00530900015 0.114363998 0.104051001 0.001651 0.109774999 0.100382999 -0.00699899998 0.111676 0.103687003 -0.00234299991 0.121101998 0.106875002 -0.011926 0.126512006 0.108111002 -0.0134009998 0.127160996 0.110219002 -0.0172060002 0.121638 0.105866 -0.00786300004 0.112677 0.102779001 -0.0163170006 0.117301002 0.103596002 -0.0213309992 0.132087007 0.106466003 -0.0163509995 0.118143998 0.102178998 -0.0228119995 0.132762998 0.109077998 -0.0260600001 0.127563 0.105483003 -0.0250799991 0.123655997 0.103647999 -0.0304049999 0.138380006 0.105462 -0.0250889994 0.123259999 0.101535998 -0.0320580006 0.138558999 0.10746 -0.0346379988 0.133827999 0.104373001 -0.0336499996 0.130366996 0.102853 -0.0394550003 0.143726006 0.101526 -0.0326559991 0.129725993 0.0992269963 -0.0409330018 0.144321993 0.103958003 -0.0427829996 0.140349999 0.101644002 -0.0423180014 0.135133997 0.0978310034 -0.0483370014 0.148784995 0.0964479968 -0.0413409993 0.133875996 0.0952079967 -0.0493220016 0.150022998 0.0988069996 -0.0512740016 0.145330995 0.0966959968 -0.051027 0.140881002 0.0942770019 -0.0562460013 0.155374005 0.0914959982 -0.0549330004 0.146562994 0.0859500021 -0.0485870019 0.139666006 0.0903050005 -0.057519 0.155509993 0.0929590017 -0.0592800006 0.151136994 0.0917410031 -0.0594329983 0.146238998 0.0890479982 -0.0633969977 0.161734 0.0847240016 -0.0613819994 0.151932001 0.079163 -0.066143997 0.152409002 0.0820140019 -0.0648560002 0.161814004 0.0867329985 -0.0658560023 0.156763002 0.0842740014 -0.0691910014 0.168043002 0.0762759969 -0.0659260005 0.158089995 0.0711800009 -0.0700939968 0.158891007 0.0725810006 -0.0714310035 0.162443995 0.0759039968 -0.071762003 0.166850999 0.0783689991 -0.0716480017 0.173804 0.065252997 -0.0689560026 0.163389996 0.0612730011 -0.0715750009 0.163968995 0.0611440018 -0.0742539987 0.168910995 0.0662240013 -0.0737510026 0.172294006 0.0672300011 -0.0719410032 0.179312006 0.0536709987 -0.068562001 0.169080004 0.0511189997 -0.0681760013 0.174958006 0.0410929993 -0.0715980008 0.169851005 0.0501860008 -0.0741659999 0.173425004 0.0544509999 -0.0748410001 0.177309006 0.0558179989 -0.0705590025 0.185169995 0.0424919985 -0.0697489977 0.174795002 0.0389209986 -0.067181997 0.181897998 0.0293659996 -0.0638979971 0.180590004 0.0322050005 -0.0749180019 0.179970995 0.0446010008 -0.0737219974 0.183753997 0.0450920016 -0.0668179989 0.191566005 0.0324539989 -0.0712149963 0.184295997 0.0334639996 -0.0651580021 0.189549997 0.0249400008 -0.0590989999 0.185277 0.0215499997 -0.0575129986 0.184717 0.0242720004 -0.0702359974 0.189682007 0.0347459987 -0.0581110008 0.194547996 0.0249760002 -0.0632779971 0.193676993 0.0256750006 -0.0582670011 0.189395994 0.0161729995 -0.0539200008 0.195390999 0.0190619994 -0.051380001 0.185843006 0.0124329999 -0.048636999 0.186908007 0.0189529993 -0.0493390001 0.190962002 0.0201580003 -0.0565889999 0.194633007 0.0226569995 -0.0755629987 0.357118994 -0.0645560026 -0.0773300007 0.356285006 -0.049784001 -0.0734779984 0.359019011 -0.0471949987 -0.0698420033 0.346242011 -0.0804689974 -0.0735950023 0.350199997 -0.0797659978 -0.073338002 0.352118999 -0.0647870004 -0.0798040032 0.351033002 -0.0674140006 -0.0784400031 0.352212012 -0.0498009995 -0.0703779981 0.351985991 -0.0361769982 -0.070262 0.357116997 -0.0379390009 -0.068524003 0.358759999 -0.0377990007 -0.0700139999 0.355138987 -0.0480969995 -0.0646200031 0.333420008 -0.0977820009 -0.0611450002 0.341015995 -0.0942580029 -0.0731339976 0.341558993 -0.0850170031 -0.0652400032 0.343010992 -0.0941459984 -0.074225001 0.346855015 -0.0838679969 -0.0741939992 0.347378999 -0.0681940019 -0.0802609995 0.346460998 -0.0659639984 -0.0670629963 0.348401994 -0.035854999 -0.0758080035 0.351534992 -0.0481889993 -0.0592940003 0.343250006 -0.0195649993 -0.0626109987 0.346828997 -0.0199640002 -0.0629979968 0.350823998 -0.0221449994 -0.062680997 0.351738006 -0.0335239992 -0.0577879995 0.35641399 -0.0236099996 -0.0728539973 0.350780994 -0.0507030003 -0.0568480007 0.325614989 -0.107823998 -0.0529219992 0.325836003 -0.107881002 -0.0689710006 0.333959997 -0.096855998 -0.0502809994 0.332655013 -0.104332998 -0.0765750036 0.341966003 -0.0820330009 -0.0534939989 0.336158007 -0.105668999 -0.0644809976 0.34018299 -0.0974410027 -0.0766239986 0.342137009 -0.0844639987 -0.0656550005 0.348782986 -0.0347970016 -0.0570349991 0.344821006 -0.0200410001 -0.0532389991 0.348901004 -0.0207279995 -0.0403960012 0.320528001 -0.117772996 -0.0426440015 0.31853801 -0.116908997 -0.0548540018 0.327161998 -0.109249003 -0.0398279987 0.318120986 -0.115946002 -0.0669939965 0.334589005 -0.097912997 -0.0365899988 0.326701999 -0.112000003 -0.0397760011 0.329338014 -0.114542 -0.0516539998 0.333864987 -0.108221002 -0.0246649999 0.319887996 -0.123869002 -0.0243480001 0.314893991 -0.123332001 -0.0381049998 0.326393008 -0.116639003 -0.0266960002 0.311722994 -0.121532999 -0.0237559993 0.314415008 -0.119368002 -0.0219659992 0.320834011 -0.117305003 -0.024131 0.323385 -0.119907998 -0.00818900019 0.31725201 -0.123457998 -0.00642800005 0.314770013 -0.125947997 -0.00788099971 0.308838993 -0.126690999 -0.0100600002 0.305918008 -0.124732003 -0.00811900012 0.30875501 -0.121540003 -0.00625200011 0.315986007 -0.119838998 0.00996800046 0.312543005 -0.118753001 0.00878500007 0.31408301 -0.120852999 0.0106389998 0.311623991 -0.124086 0.00914399978 0.303537995 -0.125946999 0.00730699999 0.30143401 -0.125373006 0.00760699995 0.302614987 -0.121748 0.0233720001 0.298608005 -0.117201 0.0255440008 0.310027003 -0.113900997 0.0250749998 0.309805006 -0.116081998 0.0268179998 0.306932002 -0.118583001 0.0254689995 0.298016012 -0.121120997 0.0243500005 0.296923012 -0.121923 0.040151 0.294144005 -0.113511004 0.0381570011 0.295486003 -0.109231003 0.0399370007 0.305914015 -0.106394 0.0402829982 0.305326998 -0.108292997 0.0421530008 0.302911997 -0.110587001 0.041336 0.295973003 -0.112828001 0.0538019985 0.29083699 -0.100660004 0.0520250015 0.288571 -0.100621 0.0508520007 0.290601999 -0.098526001 0.0528389998 0.30203101 -0.096107997 0.0529710017 0.301099986 -0.0963279977 0.0547289997 0.298871994 -0.0983529985 0.0626109987 0.292600006 -0.0833920017 0.0616570003 0.283868015 -0.0853080004 0.0606260002 0.281928003 -0.0854440033 0.0589529984 0.284299999 -0.084348999 0.0602330007 0.295713007 -0.0820769966 0.061147999 0.295796007 -0.0812219977 0.0642689988 0.29025799 -0.0639349967 0.0680140033 0.288430989 -0.0663760006 0.0687509999 0.279785007 -0.0685570017 0.0677710027 0.276906013 -0.0687799975 0.0636200011 0.278849989 -0.068043001 0.0633549988 0.290491015 -0.0657510012 -0.0376770012 0.169137001 0.0215390008 -0.0505010001 0.161932006 0.018716 -0.0516589992 0.165829003 0.0209819991 -0.0390219986 0.172276005 0.0211759992 -0.040045999 0.161638007 0.0185509995 -0.0411380008 0.165729001 0.0278270002 -0.0427489989 0.169906005 0.0281039998 -0.050632 0.158391997 0.0256099999 -0.0453599989 0.158346996 0.0230369996 -0.0516679995 0.162210003 0.0283799991 -0.0452780016 0.163430005 0.0340749994 -0.047394 0.165824994 0.0343240015 -0.0537820011 0.158848003 0.0356599987 -0.0525889993 0.155355006 0.0327210017 -0.0477680005 0.155915007 0.0303520001 -0.0468759984 0.159207001 0.0407290012 -0.0508529991 0.161482006 0.0411880016 -0.0540959984 0.153911993 0.0422759987 -0.0533219986 0.151019007 0.0392049998 -0.0507929996 0.152539998 0.0368090011 -0.0476169996 0.154293999 0.0468429998 -0.0508829989 0.155687004 0.047460001 -0.0532540008 0.149037004 0.048870001 -0.0528570004 0.146776006 0.0459339991 -0.0512470007 0.148488998 0.0437050015 -0.0506060012 0.150105998 0.0541509986 -0.0478999987 0.150203004 0.0536990017 -0.0518300012 0.144419998 0.0555649996 -0.053137999 0.141896993 0.0521439984 -0.0522480011 0.143316001 0.049509 -0.0488179997 0.139036 0.0610390007 -0.0484619997 0.145371005 0.0612960011 -0.0464790016 0.145049006 0.0595729984 -0.0504879989 0.136974007 0.0578010008 -0.0503190011 0.138302997 0.0553359985 -0.0476510003 0.131828994 0.0631190017 -0.0443679988 0.134775996 0.0665849969 -0.0446720012 0.139456004 0.0665759966 -0.0443140008 0.139697999 0.0650859997 -0.0477409996 0.133362994 0.0609420016 -0.0434679985 0.128457993 0.0654210001 -0.0434449986 0.127035007 0.0678770021 -0.0400400013 0.129705995 0.0715259984 -0.0404019989 0.133754 0.0716990009 -0.040732 0.134562001 0.06972 -0.0366530009 0.128432006 0.072724998 -0.0389799997 0.124022998 0.0700350031 -0.0381899998 0.124141999 0.0728989989 -0.0367100015 0.126197994 0.0742420033 -0.0359999985 0.126491994 0.0735979974 0.0054299999 0.377485007 0.0378869995 0.0161109995 0.371161997 0.047685001 0.0200980008 0.366351008 0.0414640009 0.000614000019 0.375514001 0.0383329988 0.00848000031 0.374554008 0.0340109989 -0.00196400005 0.378858 0.0420610011 0.001575 0.380369008 0.0412480012 0.0124819996 0.375694007 0.0542499982 0.0142099997 0.367251992 0.0489879996 0.0169830006 0.362971991 0.0424470007 0.00344299991 0.372343004 0.0346640013 0.0116529996 0.372406006 0.0549799986 0.00793800037 0.377330005 0.0608099997 -0.00562699977 0.382205009 0.0448400006 -0.00282000005 0.383406013 0.0440549999 0.00941499975 0.380100995 0.0610969998 0.00388900004 0.385345012 0.0660789981 0.00327500002 0.382990003 0.0654259995 -0.0104919998 0.385376006 0.0469850004 -0.00715399999 0.386687994 0.0466310009 -0.0111600002 0.38993901 0.0495579988 -0.00320399995 0.391229004 0.0687130019 -0.00333900005 0.388610989 0.0682070032 -0.0142080002 0.388911009 0.0496620014 -0.0154799996 0.393763989 0.0517860018 -0.0142820003 0.394161999 0.052104 -0.0112039996 0.396896005 0.0684039965 -0.0117790001 0.393330008 0.0688690022 -0.0203070007 0.397601008 0.0667269975 -0.0202939995 0.396997988 0.0535460003 -0.0185800008 0.398124009 0.0527289994 -0.0195390005 0.401847988 0.0660180002 -0.027919 0.406221986 0.0627449974 -0.0277609993 0.40259701 0.0638400018 -0.0267239995 0.399280012 0.0538519993 -0.0241349991 0.401342005 0.051585 -0.0295609999 0.403367996 0.0491579995 -0.035335999 0.410385013 0.0580039993 -0.0353260003 0.406883001 0.0599519983 -0.0314740017 0.401908994 0.0512720011 -0.0349470004 0.404585004 0.0470310003 -0.0318900011 0.406731993 0.0453019999 -0.0415909998 0.414689988 0.0524550006 -0.0431240015 0.40999499 0.0554190017 -0.049550999 0.412286997 0.0498029999 -0.0378369987 0.406634986 0.0423349999 -0.0342839994 0.408196002 0.0404380001 -0.0498059988 0.417849988 0.0481519997 -0.0535809994 0.416052014 0.0415720008 -0.0548969992 0.41180101 0.0430230014 -0.0394079983 0.408028007 0.0372829996 -0.0363090001 0.409698009 0.0355580002 -0.0377530009 0.409363002 0.0302370004 -0.0447140001 0.416231006 0.0381800011 -0.0488520004 0.41366899 0.0373760015 -0.0399570018 0.407952994 0.0319619998 -0.0413479991 0.406489998 0.0268350001 -0.0378759988 0.406937003 0.0256919991 -0.0427539982 0.414826006 0.0299549997 -0.0451700017 0.412882 0.0303520001 -0.0479819998 0.409640014 0.0234629996 -0.0448979996 0.403409988 0.0234169997 -0.0393319987 0.404426992 0.0211030003 -0.0445519984 0.412642002 0.0218419991 0.0372430012 0.334237993 0.0554650016 0.0403890014 0.331 0.0427069999 0.0433319993 0.329371005 0.0437010005 0.0310040005 0.338340998 0.0663319975 0.0397550017 0.334583014 0.055918999 0.0332080014 0.346569985 0.0595109984 0.0384729989 0.342961997 0.0503930002 0.0415019989 0.338082999 0.0406999998 0.0421020016 0.336813003 0.0400380008 0.0233919993 0.342079014 0.0762889981 0.0331810005 0.339096993 0.0669680014 0.0271690004 0.350602001 0.0678500012 0.0397480018 0.341466993 0.0514170006 0.0272720009 0.350077003 0.0707679987 0.0340959989 0.345899999 0.0615260005 0.0135810003 0.345560998 0.0841619968 0.0251529999 0.34335199 0.0767429993 0.0190549996 0.354030013 0.0742970034 0.0180370007 0.353321999 0.0779390037 0.014796 0.347530007 0.0839760005 0.00256499997 0.348666012 0.0902919993 0.0100659998 0.357189 0.0795769989 0.00803500041 0.356752992 0.0837490037 0.00388700003 0.351491004 0.090501003 -0.00777800009 0.353897989 0.0959590003 0.000721000019 0.361377001 0.0831269994 -0.00189299998 0.362327009 0.0876939967 -0.00629300019 0.357068986 0.0970349982 -0.0179420002 0.360567987 0.0996439978 -0.00809700042 0.367722988 0.0839610025 -0.0118110003 0.36917001 0.0880940035 -0.0159089994 0.365792006 0.0993539989 -0.0270000007 0.369305015 0.0951019973 -0.0174380001 0.373006999 0.0821890011 -0.0209929999 0.375652999 0.0851529986 -0.0254459996 0.374020994 0.0941580012 -0.0359040014 0.376964003 0.0887229964 -0.025905 0.379195005 0.0785880014 -0.0301510002 0.382631987 0.0803890005 -0.0354360007 0.381168991 0.0882960036 -0.0441090018 0.384593993 0.0812859982 -0.0336039998 0.385134995 0.0732150003 -0.0374029987 0.388904989 0.0730680004 -0.0431060009 0.389288992 0.0801910013 -0.0495520011 0.391012996 0.0705780014 -0.0397379994 0.390332013 0.065061003 -0.0422400013 0.394571006 0.0627869964 -0.048889 0.395635992 0.0691799968 -0.0536280014 0.395411998 0.0587590002 -0.0421140008 0.39448899 0.0536400005 -0.0459449999 0.400225997 0.0520000011 -0.0520580001 0.401365995 0.0568539985 -0.0540699996 0.395635009 0.045984 -0.0429500006 0.396016002 0.0447290018 -0.0481109992 0.401024997 0.0416719988 -0.0550739989 0.40170601 0.0443620011 -0.0496950001 0.391057014 0.0347299986 -0.0420349985 0.395015001 0.0340330005 -0.0457959995 0.396708995 0.0334770009 -0.0516609997 0.396941006 0.0359570011 -0.0479380004 0.387537986 0.0231480002 -0.0402599983 0.392138004 0.0241490006 -0.0422899984 0.393918991 0.0280750003 -0.0429099984 0.391247004 0.0226750001 -0.0476050004 0.390971988 0.0241759997 0.0538260005 0.319334 0.0670469999 0.0538490005 0.310483992 0.0693150014 0.0595880002 0.306778997 0.0537710004 0.0538400002 0.320230007 0.0656540021 0.0585450009 0.315448999 0.0513570011 0.0471489988 0.325094014 0.0787589997 0.0471980013 0.323210001 0.081758 0.0460209996 0.316226006 0.0828649998 0.0517730005 0.306831986 0.0691009983 0.0565019995 0.303790987 0.0528189987 0.0549670011 0.306668013 0.0535000004 0.0529320017 0.315546006 0.0513239987 0.0507339984 0.319072008 0.0661510006 0.0554540008 0.316826999 0.0501359999 0.0444360003 0.323846012 0.0791720003 0.0343270004 0.327766001 0.0892700031 0.0379440002 0.331012011 0.0893900022 0.0364720002 0.328435987 0.0927769989 0.0354649983 0.321144015 0.0946699977 0.0435389988 0.311967999 0.0828550011 0.0510249995 0.309323996 0.069562003 0.0433190018 0.314707994 0.083035998 0.0331030004 0.319988012 0.0945599973 0.0210270006 0.324216008 0.104276001 0.0227700006 0.332708001 0.0969759971 0.0261509996 0.335070014 0.0978519991 0.023976 0.333034009 0.101663001 0.022845 0.324065 0.104739003 0.0333629996 0.317972004 0.0947220027 0.0209810007 0.321617991 0.105113 0.00720300013 0.325931996 0.112879999 0.00740400003 0.326961994 0.112053998 0.00986700039 0.335501999 0.102605999 0.0128030004 0.33790499 0.103850998 0.0102469996 0.336733013 0.108857997 0.00937699992 0.328419 0.112562999 -0.00475700013 0.335200995 0.115850002 -0.00739199994 0.332167 0.115668997 -0.00725900009 0.331340998 0.114650004 -0.00340999989 0.340095997 0.105641998 -0.000714000023 0.341818005 0.108538002 -0.00425799983 0.341408998 0.112644002 -0.0187040009 0.346801996 0.110198997 -0.0197839998 0.340032011 0.113609001 -0.022202 0.338281006 0.113310002 -0.0220330004 0.33654201 0.113620996 -0.0170159992 0.343686998 0.104933001 -0.0145070003 0.346992999 0.107481003 -0.0277759992 0.352054 0.103165999 -0.0328980014 0.352035999 0.105672002 -0.0337859988 0.346394986 0.108764999 -0.0362510011 0.345084012 0.108433001 -0.0355909988 0.342361987 0.108107001 -0.0297209993 0.349590003 0.101426996 -0.0407299995 0.357012987 0.095178999 -0.039779 0.358343989 0.0966809988 -0.0448299982 0.359200001 0.0976179987 -0.0463420004 0.353175998 0.100931004 -0.0478370003 0.353323996 0.0997600034 -0.0478129983 0.349770993 0.100884996 -0.0584600009 0.357338995 0.0913800001 -0.0503300019 0.364268005 0.0863910019 -0.049718 0.366167009 0.0882499963 -0.0548299998 0.366463989 0.0870359987 -0.0565479994 0.361822009 0.0913529992 -0.0596860014 0.359620988 0.0900700018 -0.0668170005 0.365496993 0.0796900019 -0.0677969977 0.366820008 0.0769509971 -0.0579690002 0.369870007 0.0746100023 -0.0577909984 0.372328997 0.0764909983 -0.0633770004 0.373829007 0.0751829967 -0.0657809973 0.368975013 0.0795070007 -0.0703549981 0.37272799 0.0609479994 -0.0670320019 0.371555001 0.0643339977 -0.0691320002 0.375274986 0.0639849976 -0.0620119981 0.373771012 0.0602709986 -0.0617239997 0.377885014 0.0623940006 -0.0660440028 0.379812986 0.0603419989 -0.0674600005 0.380176008 0.0475450009 -0.0680140033 0.37993601 0.0456270017 -0.0639709979 0.373490989 0.0484110005 -0.0648209974 0.383121997 0.0458070002 -0.0598420016 0.376491994 0.0453980006 -0.0606979989 0.382335991 0.0471500009 -0.0586640015 0.380113006 0.0360799991 -0.0607860014 0.378233999 0.0356880017 -0.0628330037 0.373207986 0.0350629985 -0.0581770018 0.370902985 0.0329990014 -0.0552450009 0.380136997 0.0329050012 -0.053994 0.373854011 0.0314840004 -0.0479630008 0.374538004 0.0207519997 -0.0522640012 0.374379992 0.0221420005 -0.0536100008 0.372844994 0.0213459991 -0.0560530014 0.367938012 0.0201760009 -0.0508319996 0.36509499 0.0195039995 -0.043722 0.369594991 0.0222699996 0.0647780001 0.270179987 0.095840998 0.0652820021 0.262153 0.0972189978 0.0754659995 0.256303012 0.0830800012 0.0640169978 0.272971004 0.0939759985 0.0750629976 0.264889985 0.0818160027 0.0543970019 0.278586 0.107684001 0.0546320006 0.275703996 0.109939002 0.0544929989 0.267812014 0.110940002 0.0631190017 0.258940995 0.0961000025 0.0727220029 0.252784997 0.0815469995 0.0704620034 0.256386012 0.0814019963 0.0702899992 0.266211003 0.0793559998 0.073567003 0.267019004 0.0802270025 0.0616250001 0.272092015 0.0929370001 0.0516159981 0.276241004 0.106108002 0.0396389998 0.282483995 0.116017997 0.0416090004 0.28440401 0.117684998 0.0411249995 0.28036499 0.120330997 0.0403859988 0.273029 0.120613001 0.0525109991 0.265302002 0.109532997 0.062442001 0.262694001 0.0955149978 0.0518070012 0.268456995 0.107781 0.0389799997 0.273600012 0.117413998 0.0248259995 0.279300988 0.124164 0.0256450009 0.287436992 0.122896001 0.0269230008 0.289283007 0.124766 0.0262039993 0.285062999 0.128285006 0.0251010004 0.277695 0.128422007 0.0391439982 0.271560013 0.119686 0.0237460006 0.276181012 0.127085 0.00727899978 0.281302005 0.130083993 0.00961699989 0.284588993 0.127767995 0.0107169999 0.292811006 0.126314998 0.0115379998 0.293336987 0.129455 0.00975100044 0.289204001 0.131649002 0.00879700016 0.283340991 0.131139994 -0.00825999957 0.286765993 0.130658999 -0.00933100004 0.28649199 0.128951997 -0.00626600021 0.288816005 0.127973005 -0.00481399987 0.297188997 0.126843005 -0.00458199997 0.297733009 0.129234001 -0.00638800021 0.295078009 0.131519005 -0.022388 0.300484985 0.127952993 -0.0238010008 0.294151008 0.126791999 -0.0256309994 0.291298002 0.124839999 -0.0216160007 0.293554991 0.124403 -0.0200350005 0.301770985 0.123884998 -0.0206150003 0.302289993 0.127417997 -0.0355679989 0.307624012 0.121596001 -0.0379210003 0.305328995 0.121836998 -0.0390969999 0.297417015 0.120062001 -0.0407310016 0.297053009 0.117845997 -0.0353090018 0.299416006 0.117698997 -0.0346009992 0.306302011 0.118184 -0.0476999991 0.312445998 0.110284999 -0.0496460013 0.31240499 0.113145001 -0.0520259999 0.310653001 0.112816997 -0.0533189997 0.304311007 0.112086996 -0.0552279986 0.301887006 0.108724996 -0.0483810008 0.305041999 0.108806998 -0.0610839985 0.309671998 0.0989070013 -0.0598560013 0.317194998 0.100034997 -0.0627219975 0.317218989 0.103055999 -0.0650539994 0.315746993 0.101976 -0.0664720014 0.308310002 0.100605004 -0.0677139983 0.306434005 0.0966380015 -0.077339001 0.310777009 0.0817089975 -0.0702549964 0.314687014 0.0854979977 -0.0700220019 0.321687013 0.0874110013 -0.0718740001 0.321072996 0.0886429995 -0.0751350001 0.320077986 0.0875770003 -0.0770360008 0.313526005 0.086935997 -0.0816249996 0.317602009 0.0695789978 -0.0784899965 0.317003995 0.0645940006 -0.0748220012 0.318024993 0.0689790025 -0.0745159984 0.325868011 0.0712300017 -0.0787570029 0.324290007 0.072495997 -0.0787139982 0.32486701 0.0704070032 -0.0776259974 0.32940799 0.0522219986 -0.0794600025 0.324483991 0.052023001 -0.0770229995 0.323211998 0.0468700007 -0.0729660019 0.321956992 0.0517619997 -0.073371999 0.329288989 0.05418 -0.0765239969 0.330110997 0.055633001 -0.0693470016 0.332947999 0.0396829993 -0.0709180012 0.333088011 0.0383430012 -0.0732659996 0.329162002 0.0378349982 -0.0734120011 0.329385996 0.0347439982 -0.0653799996 0.323422998 0.0360459983 -0.0672779977 0.331021011 0.0381079987 -0.0558689982 0.332197011 0.0256580003 -0.0587220006 0.333108991 0.0255340002 -0.0604939982 0.331160009 0.0234149992 -0.0616349988 0.327298999 0.0236269999 -0.0608510002 0.320879012 0.0197810009 -0.0558560006 0.320286989 0.0220010001 0.0719180033 0.239462003 0.109922998 0.0715959966 0.227847993 0.108512998 0.0836040005 0.225538 0.0932480022 0.0714059994 0.242120996 0.108218998 0.0825420022 0.235920995 0.0947830006 0.0573510006 0.246222004 0.117089003 0.0570480004 0.244715005 0.118666001 0.0577850007 0.234007999 0.120089002 0.0690750033 0.224012002 0.104744002 0.0782689974 0.221759006 0.0880419984 0.0788829997 0.226515993 0.0892719999 0.0795670003 0.238410994 0.0925199986 0.0811059996 0.238940999 0.0934360027 0.0704900026 0.243791997 0.107802004 0.0557629988 0.244855002 0.116368003 0.0405450016 0.248619005 0.123884 0.0426540002 0.249337003 0.125123993 0.0417490005 0.247686997 0.127583995 0.0417240001 0.237646997 0.128662005 0.0571580008 0.230309993 0.117940001 0.0682770014 0.229870006 0.104400001 0.0576939993 0.239516005 0.114179999 0.0427279994 0.244902 0.122128002 0.0275560003 0.25109899 0.128729001 0.0254779998 0.254527003 0.129839003 0.0277490001 0.254896998 0.131024003 0.0260129999 0.253863007 0.133233994 0.025347 0.244176 0.134455994 0.0417050011 0.234458998 0.126898006 0.0260329992 0.241903007 0.132538006 0.0101910001 0.250090986 0.136381 0.0118530001 0.258325011 0.131635994 0.00983600039 0.260966986 0.132201999 0.0126010003 0.261788011 0.133546993 0.0101969996 0.261442989 0.136184007 0.00870699994 0.251457989 0.137890995 -0.00797499996 0.259036988 0.136594996 -0.00616100011 0.257622987 0.136047006 -0.00397500023 0.265664011 0.130959004 -0.00536199985 0.269208014 0.131299004 -0.00252599991 0.269383997 0.133892998 -0.00577000016 0.269367993 0.135472998 -0.0218230002 0.276284009 0.131992996 -0.0242410004 0.267464995 0.133312002 -0.0225109998 0.264571995 0.131867006 -0.0198410004 0.272287995 0.127555996 -0.0205060001 0.27679801 0.127446994 -0.0176589992 0.276428998 0.130887002 -0.0331000015 0.281522006 0.126179993 -0.0372710004 0.282245994 0.125167996 -0.0406490006 0.272466987 0.126166999 -0.0388199985 0.269845992 0.125634998 -0.0360059999 0.275386989 0.121898003 -0.0356319994 0.282974988 0.121475004 -0.0500600003 0.287763 0.112628996 -0.047017999 0.287483007 0.117807001 -0.0522169992 0.287349999 0.116460003 -0.0558589995 0.27876699 0.116926 -0.053952001 0.275727987 0.116703004 -0.0507289991 0.280366004 0.113109998 -0.0643030033 0.286394 0.102775 -0.0634540021 0.293175012 0.102238998 -0.0606830008 0.29244101 0.108332001 -0.0659329966 0.292831004 0.105814002 -0.0698940009 0.283201993 0.104541004 -0.0675709993 0.281300008 0.105029002 -0.0791679993 0.28400299 0.089854002 -0.0760480016 0.28904599 0.0894220024 -0.0735540017 0.29490599 0.0873100013 -0.071266003 0.296712995 0.0950860009 -0.0783820003 0.293828994 0.0923319981 -0.0812740028 0.287124991 0.0892169997 -0.083153002 0.292959988 0.0703549981 -0.0817700028 0.290378004 0.0721149966 -0.079400003 0.294059992 0.0719930008 -0.0780619979 0.299122989 0.06972 -0.076958999 0.300635993 0.0782700032 -0.0818110034 0.300819993 0.0752609968 -0.0808039978 0.305458009 0.0560909994 -0.0810680017 0.300648987 0.0513579994 -0.0790129974 0.299892008 0.0551449992 -0.0763079971 0.300074011 0.0539069995 -0.0760850012 0.307525992 0.0528980009 -0.0761519969 0.30756101 0.0609400012 -0.0731929988 0.313181996 0.0437540002 -0.0747549981 0.310164988 0.040093001 -0.0729049966 0.303101987 0.0394480005 -0.0711639971 0.301328003 0.0385610014 -0.069743 0.301533014 0.0361800008 -0.0695480034 0.310375988 0.0354719982 -0.058265999 0.306513011 0.0231500007 -0.065719001 0.315726995 0.0272909999 -0.0659760013 0.308557987 0.0228269994 -0.0649869964 0.303005993 0.0202169996 -0.0616410002 0.299176008 0.0221209992 -0.0591300018 0.30281201 0.0215230007 -0.0529219992 0.325836003 0.107881002 -0.0398279987 0.318120986 0.115946002 -0.0426440015 0.31853801 0.116908997 -0.0646200031 0.333420008 0.0977820009 -0.0611450002 0.341015995 0.0942580029 -0.0568480007 0.325614989 0.107823998 -0.0502809994 0.332655013 0.104332998 -0.0365899988 0.326701999 0.112000003 -0.0237559993 0.314415008 0.119368002 -0.0266960002 0.311722994 0.121532999 -0.0403960012 0.320528001 0.117772996 -0.0243480001 0.314893991 0.123332001 -0.0679830015 0.334275007 0.0973839983 -0.0731339976 0.341558993 0.0850170031 -0.0698420033 0.346242011 0.0804689974 -0.0735950023 0.350199997 0.0797659978 -0.0652400032 0.343010992 0.0941459984 -0.0534939989 0.336158007 0.105668999 -0.0548540018 0.327161998 0.109249003 -0.0219659992 0.320834011 0.117305003 -0.0397760011 0.329338014 0.114542 -0.00811900012 0.30875501 0.121540003 -0.0100600002 0.305918008 0.124732003 -0.00788099971 0.308838993 0.126690999 -0.0246649999 0.319887996 0.123869002 -0.0381049998 0.326393008 0.116639003 -0.00642800005 0.314770013 0.125947997 -0.0766239986 0.342137009 0.0844639987 -0.0644809976 0.34018299 0.0974410027 -0.0765750036 0.341966003 0.0820330009 -0.0516539998 0.333864987 0.108221002 -0.0741939992 0.347378999 0.0681940019 -0.073338002 0.352118999 0.0647870004 -0.0755629987 0.357118994 0.0645560026 -0.074225001 0.346855015 0.0838679969 -0.0798040032 0.351033002 0.0674140006 -0.024131 0.323385 0.119907998 -0.00625200011 0.315986007 0.119838998 0.00760699995 0.302614987 0.121748 0.00730699999 0.30143401 0.125373006 0.00914399978 0.303537995 0.125946999 0.0106389998 0.311623991 0.124086 -0.00818900019 0.31725201 0.123457998 0.00878500007 0.31408301 0.120852999 -0.0802609995 0.346460998 0.0659639984 -0.0728539973 0.350780994 0.0507030003 -0.0700139999 0.355138987 0.0480969995 -0.073615998 0.359236985 0.0478640012 -0.0773300007 0.356285006 0.049784001 -0.0784400031 0.352212012 0.0498009995 0.00996800046 0.312543005 0.118753001 0.0233720001 0.298608005 0.117201 0.0243500005 0.296923012 0.121923 0.0254689995 0.298016012 0.121120997 0.0268179998 0.306932002 0.118583001 0.0250749998 0.309805006 0.116081998 0.0255440008 0.310027003 0.113900997 -0.0743409991 0.350421011 0.0491259992 -0.062680997 0.351738006 0.0335239992 -0.0656550005 0.348782986 0.0347970016 -0.068524003 0.358759999 0.0377990007 -0.070262 0.357116997 0.0379390009 -0.0703779981 0.351985991 0.0361769982 0.0381570011 0.295486003 0.109231003 0.040151 0.294144005 0.113511004 0.041336 0.295973003 0.112828001 0.0421530008 0.302911997 0.110587001 0.0402829982 0.305326998 0.108292997 0.0399370007 0.305914015 0.106394 -0.0670629963 0.348401994 0.035854999 -0.0577879995 0.35641399 0.0236099996 -0.0532389991 0.348901004 0.0207279995 -0.0570349991 0.344821006 0.0200410001 -0.0629979968 0.350823998 0.0221449994 -0.0626109987 0.346828997 0.0199640002 -0.0592940003 0.343250006 0.0195649993 0.0508520007 0.290601999 0.098526001 0.0520250015 0.288571 0.100621 0.0538019985 0.29083699 0.100660004 0.0547289997 0.298871994 0.0983529985 0.0529050007 0.301564991 0.0962179974 0.0593059994 0.282490999 0.0849220008 0.0587200001 0.283506989 0.0838750005 0.0578840002 0.284693003 0.0833280012 0.0589100011 0.290174991 0.0821729973 0.0607110001 0.284593999 0.0848739967 0.0598220006 0.283461004 0.0848539993 0.0611880012 0.288960993 0.083916001 0.0607450008 0.294604987 0.0821439996 0.0616509989 0.292977989 0.0827630013 0.0598339997 0.295951009 0.081077002 0.0595499985 0.295881003 0.0810369998 0.0665879995 0.27641201 0.069224 0.0649150014 0.278784007 0.068129003 0.0661950037 0.290197015 0.0658570006 0.0676190034 0.278351992 0.0690879971 0.068572998 0.287084013 0.0671719983 0.0667620003 0.290336996 0.0659350008 0.082243003 0.242937997 0.0259189997 0.0779939964 0.245353997 0.0144239999 0.0769229978 0.241717994 0.0278680008 0.079806 0.239434004 0.0394450016 0.0857170001 0.239867002 0.0375959985 0.0858779997 0.234400004 0.0243410002 0.082634002 0.236954004 0.0139459996 0.0751570016 0.254382998 0.0194169991 0.0713979974 0.252124995 0.0173000004 0.0732560009 0.243294999 0.016516 0.0797830001 0.25188601 0.0124599999 0.0830449983 0.242877007 0.011748 0.0815109983 0.233057007 0.0266290009 0.0842930004 0.228930995 0.0361850001 0.0865769982 0.221597999 0.0435490012 0.0812740028 0.236031994 0.0510750003 0.0885709971 0.229384005 0.0340760015 0.0865140036 0.236673996 0.0497200005 0.0775789991 0.236112997 0.017066 0.0845720023 0.235851005 0.0103940004 0.0823059976 0.234852999 0.0135120004 0.0850899965 0.230978996 0.00983600039 0.0738030002 0.26741901 0.0176970009 0.076196 0.263826996 0.0275650006 0.0778039992 0.263803989 0.0110099996 0.0757120028 0.25218299 0.0299389996 0.0678920001 0.26613301 0.0175819993 0.0712699965 0.260679007 0.00994599983 0.0737800002 0.249015003 0.0114820004 0.0702660009 0.25050801 0.0274800006 0.0772190019 0.240089998 0.010799 0.0796739981 0.253044009 -4.09999993e-05 0.0818689987 0.247371003 -4.19999997e-05 0.082754001 0.242127001 -4.19999997e-05 0.0912460014 0.223101005 0.0425169989 0.0940940008 0.213403001 0.0473529994 0.0900780037 0.212084994 0.0469439998 0.0871889964 0.222978994 0.053994 0.0904579982 0.211532995 0.0552010015 0.0829579979 0.235393003 0.0608749986 0.084954001 0.225850001 0.0569129996 0.0919009969 0.223673999 0.0544570014 0.0878420025 0.234586999 0.0600869991 0.0782010034 0.233213007 0.0106939999 0.0834999979 0.237819999 -4.19999997e-05 0.0847570002 0.217326999 0.00642100023 0.0868630037 0.226650998 0.0224920008 0.0804890022 0.226436004 0.0222500004 0.085115999 0.226150006 0.00812000036 0.0849289969 0.233070001 -4.3e-05 0.0724119991 0.273499995 0.0129530001 0.0659449995 0.270406991 0.011899 0.0693179965 0.262201011 0.0270070005 0.0717969984 0.260953009 0.0369470008 0.0779749975 0.261938006 0.0377900004 0.0770270005 0.262950987 -3.9999999e-05 0.0761419982 0.250023991 0.0405340008 0.0670970008 0.269818991 -3.70000016e-05 0.0709189996 0.260030001 -3.79999983e-05 0.073886998 0.250275999 -3.89999987e-05 0.0761590004 0.244639993 -3.9999999e-05 0.0717229992 0.249585003 0.0379300006 0.0797830001 0.25188601 -0.0124599999 0.0830449983 0.242877007 -0.011748 0.0845720023 0.235851005 -0.0103940004 0.0850899965 0.230978996 -0.00983600039 0.0954329967 0.211601004 0.0553050004 0.091798 0.206495002 0.0491850004 0.095317997 0.206529006 0.0480060019 0.0889239982 0.227072001 0.0600339994 0.0918290019 0.201470003 0.060571 0.0822929963 0.235177994 0.0661830008 0.0843579993 0.225452006 0.062880002 0.0883139968 0.226324007 0.0662819967 0.0871810019 0.234052002 0.066347003 0.0772939995 0.239516005 -4.09999993e-05 0.0798669979 0.228480995 0.00898499973 0.0776519999 0.220166996 0.00758600002 0.0813279971 0.209493995 0.0137700001 0.085115999 0.226150006 -0.00812000036 0.0891629979 0.208509997 0.0147609999 0.0840979964 0.216343001 -4.3e-05 0.0842280015 0.218793005 0.0318679996 0.0901380032 0.217811003 0.0315320008 0.0861909986 0.200724006 0.0222290009 0.0693650022 0.287028998 -3.70000016e-05 0.0698359981 0.288433999 0.00787799992 0.073363997 0.272816002 -3.89999987e-05 0.0687649995 0.278187007 0.0160990003 0.0627989992 0.285068989 0.00673200004 0.0617230013 0.27678901 0.0156119997 0.0721020028 0.260953009 0.0472210012 0.0725359991 0.250010014 0.0483869985 0.07914 0.261633992 0.0483729988 0.0778039992 0.263803989 -0.0110099996 0.0766260028 0.249020994 0.0511920005 0.0626709983 0.283827007 -3.50000009e-05 0.0659449995 0.270406991 -0.011899 0.0712699965 0.260679007 -0.00994599983 0.0737800002 0.249015003 -0.0114820004 0.0772190019 0.240089998 -0.010799 0.0751570016 0.254382998 -0.0194169991 0.0779939964 0.245353997 -0.0144239999 0.082634002 0.236954004 -0.0139459996 0.0823059976 0.234852999 -0.0135120004 0.0977569968 0.201755002 0.0623839982 0.0900060013 0.191861004 0.0310910009 0.0880109966 0.211189002 0.0414800011 0.0935219973 0.209519997 0.0410109982 0.0932980031 0.181984007 0.0405200012 0.0974040031 0.181976005 0.0416309983 0.0939510018 0.191180006 0.0333390012 0.092825003 0.199009001 0.0720029995 0.0959580019 0.187511995 0.0652669966 0.0944660008 0.187069997 0.0759539977 0.0822869986 0.235073 0.0715460032 0.0833190009 0.225571007 0.0689520016 0.0878690034 0.225180998 0.0724359974 0.0859860033 0.234203994 0.072552003 0.0782010034 0.233213007 -0.0106939999 0.0782419965 0.235305995 -4.09999993e-05 0.0802839994 0.223839 0.00733300019 0.080335997 0.214543998 -4.19999997e-05 0.0798000023 0.230617002 -4.09999993e-05 0.0808669999 0.208460003 0.00736099994 0.0922259986 0.199525997 0.0235830005 0.0868630037 0.226650998 -0.0224920008 0.0847570002 0.217326999 -0.00642100023 0.0891629979 0.208509997 -0.0147609999 0.0801040009 0.204904005 0.00582600012 0.0802529976 0.200196996 -4.19999997e-05 0.0801040009 0.204904005 -0.00582600012 0.0808669999 0.208460003 -0.00736099994 0.0637039989 0.299564987 -3.50000009e-05 0.0634419993 0.29964599 0.0094259996 0.0698359981 0.288433999 -0.00787799992 0.0631529987 0.294340998 0.0147139998 0.0724119991 0.273499995 -0.0129530001 0.0702989995 0.279552013 0.0247210003 0.065219 0.290612996 0.0219269991 0.0565240011 0.296337992 0.00829899963 0.0569639988 0.296341985 -3.40000006e-05 0.0585150011 0.290702999 0.0157060008 0.0628710017 0.274879992 0.0237080008 0.0730120018 0.260720015 0.0576380007 0.0726569965 0.251053005 0.0588230006 0.0772470012 0.250202 0.061875999 0.0798109993 0.261640012 0.0591219999 0.0738030002 0.26741901 -0.0176970009 0.0565240011 0.296337992 -0.00829899963 0.0627989992 0.285068989 -0.00673200004 0.0617230013 0.27678901 -0.0156119997 0.0678920001 0.26613301 -0.0175819993 0.0713979974 0.252124995 -0.0173000004 0.0732560009 0.243294999 -0.016516 0.0775789991 0.236112997 -0.017066 0.0757120028 0.25218299 -0.0299389996 0.0702660009 0.25050801 -0.0274800006 0.082243003 0.242937997 -0.0259189997 0.0769229978 0.241717994 -0.0278680008 0.0858779997 0.234400004 -0.0243410002 0.0804890022 0.226436004 -0.0222500004 0.0989160016 0.187830001 0.0651950017 0.0978500023 0.197280005 0.0740770027 0.0944420025 0.169878006 0.0518109985 0.0942799971 0.181557 0.0601419993 0.102192 0.172326997 0.072201997 0.0992309973 0.167548999 0.0511040017 0.0993959978 0.180678993 0.0627849996 0.0906829983 0.200643003 0.083821997 0.0906419978 0.187848002 0.0860269964 0.0972620025 0.186547995 0.0762540027 0.0944679976 0.187224999 0.0871900022 0.0818850026 0.235373005 0.0768600032 0.0828349963 0.225263998 0.0751480013 0.0876450017 0.223887995 0.0785069987 0.0859000012 0.233602002 0.0788690001 0.0798669979 0.228480995 -0.00898499973 0.0776519999 0.220166996 -0.00758600002 0.0813279971 0.209493995 -0.0137700001 0.0802839994 0.223839 -0.00733300019 0.0842280015 0.218793005 -0.0318679996 0.0901380032 0.217811003 -0.0315320008 0.0922259986 0.199525997 -0.0235830005 0.0596019998 0.311865002 -3.40000006e-05 0.0600689985 0.312741011 0.00829099957 0.0634419993 0.29964599 -0.0094259996 0.0584070012 0.311933011 0.0129610002 0.0590379983 0.304385006 0.0156239998 0.0602540001 0.297657013 0.0136399996 0.0631529987 0.294340998 -0.0147139998 0.0687649995 0.278187007 -0.0160990003 0.0598139986 0.287245005 0.022961 0.0715159997 0.279204994 0.0334470011 0.0681829974 0.287712008 0.0293300003 0.0617589988 0.28491801 0.0304899998 0.0527390018 0.309235007 0.00709699979 0.0525909998 0.308512002 -3.19999999e-05 0.0540710017 0.302376986 0.0163330007 0.0527390018 0.309235007 -0.00709699979 0.0634979978 0.27322799 0.0319290012 0.0741169974 0.261739999 0.0677039996 0.0725350007 0.251955003 0.0692659989 0.0775339976 0.252393991 0.0724660009 0.0793420002 0.262962013 0.0695490018 0.076196 0.263826996 -0.0275650006 0.0540710017 0.302376986 -0.0163330007 0.0602540001 0.297657013 -0.0136399996 0.0585150011 0.290702999 -0.0157060008 0.0598139986 0.287245005 -0.022961 0.0628710017 0.274879992 -0.0237080008 0.0693179965 0.262201011 -0.0270070005 0.0815109983 0.233057007 -0.0266290009 0.0761419982 0.250023991 -0.0405340008 0.0717229992 0.249585003 -0.0379300006 0.0717969984 0.260953009 -0.0369470008 0.079806 0.239434004 -0.0394450016 0.0857170001 0.239867002 -0.0375959985 0.0842930004 0.228930995 -0.0361850001 0.0885709971 0.229384005 -0.0340760015 0.0861909986 0.200724006 -0.0222290009 0.0954789966 0.198603004 0.0863320008 0.102187999 0.159289002 0.0585910007 0.0960260034 0.161815003 0.0590169989 0.0962259993 0.173373997 0.0699340031 0.100047 0.169438004 0.0846970007 0.10193 0.163545996 0.0735479966 0.0960120037 0.169686005 0.0821790025 0.0865790024 0.204223007 0.0947400033 0.0863049999 0.189573005 0.095788002 0.0908680037 0.189506993 0.097664997 0.0915639997 0.201519996 0.0979140028 0.0819170028 0.236763 0.0820470005 0.0822440013 0.223116994 0.0807989985 0.0868299976 0.222716004 0.0843930021 0.0857700035 0.235055 0.0849950016 0.0880109966 0.211189002 -0.0414800011 0.0935219973 0.209519997 -0.0410109982 0.0939510018 0.191180006 -0.0333390012 0.095317997 0.206529006 -0.0480060019 0.0545429997 0.320966989 -3.19999999e-05 0.054818999 0.321168989 0.00785499997 0.0600689985 0.312741011 -0.00829099957 0.0538519993 0.317986995 0.0147940004 0.0590379983 0.304385006 -0.0156239998 0.0555769987 0.315926999 0.0197689999 0.0593939982 0.304850996 0.0216119997 0.0702989995 0.279552013 -0.0247210003 0.065219 0.290612996 -0.0219269991 0.0711639971 0.276688993 0.0419769995 0.0681700036 0.286096007 0.0374009982 0.0622269996 0.283349007 0.0384749994 0.0652019978 0.272740006 0.0401189998 0.0476859994 0.31775701 0.00669299997 0.0476480015 0.317669004 -2.99999992e-05 0.0486419983 0.31575799 0.0152120003 0.0476859994 0.31775701 -0.00669299997 0.0538160019 0.302673012 0.0220740009 0.0486419983 0.31575799 -0.0152120003 0.0730910003 0.266420007 0.0768740028 0.0720719993 0.252537012 0.0797239989 0.0772269964 0.255026013 0.0829000026 0.0771050006 0.266811013 0.079287 0.0779749975 0.261938006 -0.0377900004 0.0488840006 0.313154012 -0.0205249991 0.0538160019 0.302673012 -0.0220740009 0.0681829974 0.287712008 -0.0293300003 0.0617589988 0.28491801 -0.0304899998 0.0634979978 0.27322799 -0.0319290012 0.0725359991 0.250010014 -0.0483869985 0.0766260028 0.249020994 -0.0511920005 0.0721020028 0.260953009 -0.0472210012 0.07914 0.261633992 -0.0483729988 0.0865769982 0.221597999 -0.0435490012 0.0812740028 0.236031994 -0.0510750003 0.0865140036 0.236673996 -0.0497200005 0.0912460014 0.223101005 -0.0425169989 0.0900060013 0.191861004 -0.0310910009 0.104938999 0.151348993 0.0664969981 0.0967300013 0.159492001 0.0713609979 0.098402001 0.153944001 0.0658639967 0.0945490003 0.159444004 0.0829700008 0.100158997 0.159347996 0.0856299996 0.0967430025 0.169207007 0.0973509997 0.093636997 0.170614004 0.0947659984 0.102790996 0.153145999 0.0790169984 0.0989769995 0.153138995 0.0770089999 0.0985779986 0.160933003 0.0721379966 0.0913439989 0.158950001 0.0956690013 0.081220001 0.237452 0.0873190016 0.0811330006 0.222004995 0.0867289975 0.0854369998 0.221752003 0.090411 0.0865909979 0.234066993 0.0911810026 0.091798 0.206495002 -0.0491850004 0.0974040031 0.181976005 -0.0416309983 0.0977569968 0.201755002 -0.0623839982 0.0940940008 0.213403001 -0.0473529994 0.0900780037 0.212084994 -0.0469439998 0.0477549993 0.333990008 -2.99999992e-05 0.0490229987 0.333436012 0.008103 0.054818999 0.321168989 -0.00785499997 0.0483300015 0.327529013 0.0144199999 0.0584070012 0.311933011 -0.0129610002 0.0466179997 0.32625401 0.014924 0.0488840006 0.313154012 0.0205249991 0.0538519993 0.317986995 -0.0147940004 0.0593939982 0.304850996 -0.0216119997 0.0500210002 0.312014014 0.0262829997 0.0562350005 0.31416899 0.0251419991 0.0599180013 0.304538012 0.0275790002 0.0715159997 0.279204994 -0.0334470011 0.071800001 0.276268005 0.0508669987 0.068457 0.286042988 0.0457630008 0.0629929975 0.283517003 0.0466240011 0.0664770007 0.273066998 0.0484060012 0.0418719985 0.330015987 0.00693800021 0.0409549996 0.330738008 -2.80000004e-05 0.0418719985 0.330015987 -0.00693800021 0.0541389994 0.302518994 0.0278030001 0.0466179997 0.32625401 -0.014924 0.0483300015 0.327529013 -0.0144199999 0.0555769987 0.315926999 -0.0197689999 0.0562350005 0.31416899 -0.0251419991 0.0500210002 0.312014014 -0.0262829997 0.0541389994 0.302518994 -0.0278030001 0.0711639971 0.276688993 -0.0419769995 0.0681700036 0.286096007 -0.0374009982 0.0622269996 0.283349007 -0.0384749994 0.0652019978 0.272740006 -0.0401189998 0.0730120018 0.260720015 -0.0576380007 0.0726569965 0.251053005 -0.0588230006 0.0772470012 0.250202 -0.061875999 0.0798109993 0.261640012 -0.0591219999 0.0871889964 0.222978994 -0.053994 0.0829579979 0.235393003 -0.0608749986 0.084954001 0.225850001 -0.0569129996 0.0919009969 0.223673999 -0.0544570014 0.0878420025 0.234586999 -0.0600869991 0.0932980031 0.181984007 -0.0405200012 0.0918290019 0.201470003 -0.060571 0.102011003 0.147700995 0.0850960016 0.104677998 0.143151 0.074653998 0.0972110033 0.159468994 0.0737899989 0.0991140008 0.146534994 0.0738269985 0.0956489965 0.158225998 0.0977279991 0.0891669989 0.173240006 0.106555998 0.093216002 0.171644002 0.109677002 0.0852769986 0.160603002 0.107049003 0.0967470035 0.147483006 0.0828090012 0.0904399976 0.159055993 0.109521002 0.0989160016 0.187830001 -0.0651950017 0.0993959978 0.180678993 -0.0627849996 0.0992309973 0.167548999 -0.0511040017 0.0954329967 0.211601004 -0.0553050004 0.0978500023 0.197280005 -0.0740770027 0.092825003 0.199009001 -0.0720029995 0.0904579982 0.211532995 -0.0552010015 0.0370870009 0.353464991 -2.59999997e-05 0.0379999988 0.349970996 0.0120829996 0.0424650013 0.342869014 -0.00957600027 0.0424650013 0.342869014 0.00957600027 0.0490229987 0.333436012 -0.008103 0.0394340008 0.338860005 0.0153829996 0.0471899994 0.332451999 0.0132680004 0.0479389988 0.333003014 0.0177640002 0.0488420017 0.327711999 0.0189159997 0.046875 0.325809985 0.0191779993 0.0599180013 0.304538012 -0.0275790002 0.0510369986 0.311794996 0.0321849994 0.0542559996 0.301973999 0.0335239992 0.0565170012 0.313457996 0.0307640005 0.060699001 0.304423988 0.0335199982 0.0712779984 0.27678299 0.0596770011 0.0692560002 0.287407011 0.0539549999 0.0638440028 0.285757005 0.0542870015 0.0664139986 0.273575008 0.056795001 0.0355889983 0.339581013 0.00845600013 0.0305100009 0.350318998 -2.40000008e-05 0.0312249996 0.346731007 -0.0109799998 0.0355889983 0.339581013 -0.00845600013 0.0394340008 0.338860005 -0.0153829996 0.041499 0.337114006 -0.0181070007 0.046875 0.325809985 -0.0191779993 0.0471899994 0.332451999 -0.0132680004 0.0488420017 0.327711999 -0.0189159997 0.060699001 0.304423988 -0.0335199982 0.0565170012 0.313457996 -0.0307640005 0.0510369986 0.311794996 -0.0321849994 0.0542559996 0.301973999 -0.0335239992 0.0664770007 0.273066998 -0.0484060012 0.071800001 0.276268005 -0.0508669987 0.068457 0.286042988 -0.0457630008 0.0629929975 0.283517003 -0.0466240011 0.0793420002 0.262962013 -0.0695490018 0.0741169974 0.261739999 -0.0677039996 0.0725350007 0.251955003 -0.0692659989 0.0775339976 0.252393991 -0.0724660009 0.0889239982 0.227072001 -0.0600339994 0.0822929963 0.235177994 -0.0661830008 0.0843579993 0.225452006 -0.062880002 0.0883139968 0.226324007 -0.0662819967 0.0871810019 0.234052002 -0.066347003 0.0959580019 0.187511995 -0.0652669966 0.0942799971 0.181557 -0.0601419993 0.0962259993 0.173373997 -0.0699340031 0.0944420025 0.169878006 -0.0518109985 0.0944660008 0.187069997 -0.0759539977 0.0938050002 0.144699007 0.0900340006 0.0996830016 0.143305004 0.0915860012 0.101144001 0.134681001 0.0817020014 0.095559001 0.138641 0.0799800009 0.0972620025 0.186547995 -0.0762540027 0.102192 0.172326997 -0.072201997 0.102187999 0.159289002 -0.0585910007 0.0954789966 0.198603004 -0.0863320008 0.0906829983 0.200643003 -0.083821997 0.0906419978 0.187848002 -0.0860269964 0.0315690003 0.364764005 -2.40000008e-05 0.0340979993 0.356106997 0.0176919997 0.0301460009 0.366100013 -0.0147489998 0.0340979993 0.356106997 -0.0176919997 0.0379999988 0.349970996 -0.0120829996 0.0317119993 0.352411985 0.019196 0.0356529988 0.34661901 0.0148400003 0.0377489999 0.343383998 -0.0139140002 0.0377489999 0.343383998 0.0139140002 0.041499 0.337114006 0.0181070007 0.0428600013 0.335972011 0.0212619994 0.0484660007 0.333225995 0.0223200005 0.0489250012 0.327767015 0.0234040003 0.0474199988 0.326050013 0.0237310007 0.0518810004 0.312261999 0.0380630009 0.0540179983 0.301384002 0.0392329991 0.0615499988 0.305056989 0.0394430012 0.056818001 0.313695997 0.0364350006 0.0687820017 0.277684003 0.0682390034 0.068686001 0.290071994 0.0619469993 0.0645859987 0.290080011 0.0612929985 0.0657320023 0.274122 0.0651500002 0.0312249996 0.346731007 0.0109799998 0.0273310002 0.352871001 0.0165899992 0.0233270004 0.362839013 0.013638 0.0250160005 0.361629993 -2.30000005e-05 0.0273310002 0.352871001 -0.0165899992 0.0317119993 0.352411985 -0.019196 0.0356529988 0.34661901 -0.0148400003 0.0479389988 0.333003014 -0.0177640002 0.0484660007 0.333225995 -0.0223200005 0.0428600013 0.335972011 -0.0212619994 0.0474199988 0.326050013 -0.0237310007 0.0489250012 0.327767015 -0.0234040003 0.0540179983 0.301384002 -0.0392329991 0.0615499988 0.305056989 -0.0394430012 0.056818001 0.313695997 -0.0364350006 0.0518810004 0.312261999 -0.0380630009 0.0638440028 0.285757005 -0.0542870015 0.0664139986 0.273575008 -0.056795001 0.0712779984 0.27678299 -0.0596770011 0.0692560002 0.287407011 -0.0539549999 0.0772269964 0.255026013 -0.0829000026 0.0771050006 0.266811013 -0.079287 0.0730910003 0.266420007 -0.0768740028 0.0720719993 0.252537012 -0.0797239989 0.0859860033 0.234203994 -0.072552003 0.0822869986 0.235073 -0.0715460032 0.0833190009 0.225571007 -0.0689520016 0.0878690034 0.225180998 -0.0724359974 0.0960120037 0.169686005 -0.0821790025 0.0945490003 0.159444004 -0.0829700008 0.0967300013 0.159492001 -0.0713609979 0.0960260034 0.161815003 -0.0590169989 0.0944679976 0.187224999 -0.0871900022 0.0902429968 0.142612994 0.0974849984 0.0963670015 0.140059993 0.0987830013 0.0952109993 0.133396998 0.100810997 0.0964530036 0.126278996 0.0882180035 0.0921360031 0.126803994 0.099574998 0.0901110023 0.131104007 0.0856579989 0.10193 0.163545996 -0.0735479966 0.100047 0.169438004 -0.0846970007 0.104938999 0.151348993 -0.0664969981 0.102790996 0.153145999 -0.0790169984 0.0915639997 0.201519996 -0.0979140028 0.0865790024 0.204223007 -0.0947400033 0.0863049999 0.189573005 -0.095788002 0.0908680037 0.189506993 -0.097664997 0.0242229998 0.376029998 -2.20000002e-05 0.0230889991 0.37718901 0.0156430006 0.0301460009 0.366100013 0.0147489998 0.0225099996 0.355475992 0.0279079992 0.0285899993 0.361189991 0.0285369996 0.0231430009 0.371735007 0.0277849995 0.0230889991 0.37718901 -0.0156430006 0.0231430009 0.371735007 -0.0277849995 0.0285899993 0.361189991 -0.0285369996 0.0434920006 0.335458994 0.0248879995 0.0472089984 0.325949013 0.0282869991 0.0487679988 0.333097994 0.0269409996 0.0485280007 0.327648014 0.0278869998 0.052765999 0.313470989 0.0437939987 0.0545459986 0.301279008 0.0449169986 0.0618049987 0.304800987 0.0453770012 0.0573670007 0.314610004 0.0419769995 0.0130639998 0.372393996 0.01401 0.0179810002 0.373046011 -1.99999995e-05 0.0130639998 0.372393996 -0.01401 0.0233270004 0.362839013 -0.013638 0.0147839999 0.372613996 -0.0154130002 0.0155220004 0.371582001 -0.0260990001 0.0225099996 0.355475992 -0.0279079992 0.0485280007 0.327648014 -0.0278869998 0.0487679988 0.333097994 -0.0269409996 0.0434920006 0.335458994 -0.0248879995 0.0472089984 0.325949013 -0.0282869991 0.052765999 0.313470989 -0.0437939987 0.0545459986 0.301279008 -0.0449169986 0.0618049987 0.304800987 -0.0453770012 0.0573670007 0.314610004 -0.0419769995 0.068686001 0.290071994 -0.0619469993 0.0645859987 0.290080011 -0.0612929985 0.0657320023 0.274122 -0.0651500002 0.0687820017 0.277684003 -0.0682390034 0.0859000012 0.233602002 -0.0788690001 0.0818850026 0.235373005 -0.0768600032 0.0828349963 0.225263998 -0.0751480013 0.0876450017 0.223887995 -0.0785069987 0.093636997 0.170614004 -0.0947659984 0.0913439989 0.158950001 -0.0956690013 0.0972110033 0.159468994 -0.0737899989 0.100158997 0.159347996 -0.0856299996 0.0956489965 0.158225998 -0.0977279991 0.0989769995 0.153138995 -0.0770089999 0.0985779986 0.160933003 -0.0721379966 0.098402001 0.153944001 -0.0658639967 0.0875409991 0.140867993 0.0999709964 0.0876509994 0.129672006 0.0980430022 0.0881609991 0.131071001 0.101319 0.0942760035 0.137908995 0.102463998 0.0919950008 0.128340006 0.103399001 0.0886449963 0.120077997 0.102481999 0.0902879983 0.1184 0.0941430032 0.0831879973 0.123567998 0.100893997 0.085988 0.124738 0.0933109969 0.0967430025 0.169207007 -0.0973509997 0.104677998 0.143151 -0.074653998 0.102011003 0.147700995 -0.0850960016 0.0967470035 0.147483006 -0.0828090012 0.0206829999 0.378486991 -2.09999998e-05 0.0205119997 0.378434986 0.0123100001 0.0147839999 0.372613996 0.0154130002 0.0155220004 0.371582001 0.0260990001 0.0214549992 0.356483012 0.0302269999 0.0273049995 0.361925989 0.0304489993 0.0216199998 0.372402012 0.0290029999 0.014521 0.372040987 0.0269830003 0.0205119997 0.378434986 -0.0123100001 0.0124850003 0.375584006 -0.011655 0.0216199998 0.372402012 -0.0290029999 0.0273049995 0.361925989 -0.0304489993 0.0214549992 0.356483012 -0.0302269999 0.0434090011 0.33554101 0.0285780001 0.0455499999 0.326263011 0.0325970016 0.0479670018 0.327749014 0.0323450007 0.0485059991 0.33338201 0.0314299986 0.053704001 0.315418988 0.0493719988 0.0558019988 0.301634014 0.0505760014 0.0614369996 0.303561002 0.0513250008 0.0581309982 0.316181988 0.047412999 0.0124850003 0.375584006 0.011655 0.0146690002 0.378188998 -1.89999992e-05 0.014521 0.372040987 -0.0269830003 0.0455499999 0.326263011 -0.0325970016 0.0479670018 0.327749014 -0.0323450007 0.0485059991 0.33338201 -0.0314299986 0.0434090011 0.33554101 -0.0285780001 0.0581309982 0.316181988 -0.047412999 0.053704001 0.315418988 -0.0493719988 0.0558019988 0.301634014 -0.0505760014 0.0614369996 0.303561002 -0.0513250008 0.0857700035 0.235055 -0.0849950016 0.0819170028 0.236763 -0.0820470005 0.0822440013 0.223116994 -0.0807989985 0.0868299976 0.222716004 -0.0843930021 0.0891669989 0.173240006 -0.106555998 0.0852769986 0.160603002 -0.107049003 0.0904399976 0.159055993 -0.109521002 0.093216002 0.171644002 -0.109677002 0.0991140008 0.146534994 -0.0738269985 0.085458003 0.139547005 0.102943003 0.0859510005 0.132385999 0.104055002 0.0903289989 0.128898993 0.107107997 0.0910710022 0.137526006 0.106058002 0.0835319981 0.116011001 0.107152 0.0795049965 0.120067999 0.103403002 0.0829889998 0.112488002 0.100928001 0.0793640018 0.118202999 0.0991019979 0.101144001 0.134681001 -0.0817020014 0.0996830016 0.143305004 -0.0915860012 0.0938050002 0.144699007 -0.0900340006 0.095559001 0.138641 -0.0799800009 0.0204009991 0.35748899 0.0325459987 0.026021 0.362661004 0.0323599987 0.0200960003 0.373068988 0.0302210003 0.0135190003 0.372500002 0.0278670006 0.026021 0.362661004 -0.0323599987 0.0200960003 0.373068988 -0.0302210003 0.0204009991 0.35748899 -0.0325459987 0.0135190003 0.372500002 -0.0278670006 0.0426199995 0.336196989 0.0320650004 0.0443340018 0.327147007 0.0368149988 0.0474889986 0.328377008 0.0367660001 0.0474530011 0.334569007 0.0356639996 0.0426199995 0.336196989 -0.0320650004 0.0443340018 0.327147007 -0.0368149988 0.0474889986 0.328377008 -0.0367660001 0.0474530011 0.334569007 -0.0356639996 0.0865909979 0.234066993 -0.0911810026 0.081220001 0.237452 -0.0873190016 0.0811330006 0.222004995 -0.0867289975 0.0854369998 0.221752003 -0.090411 0.0840770006 0.138680995 0.106459998 0.0835720003 0.133056 0.106859997 0.088402003 0.128829002 0.110724002 0.0884890035 0.137593001 0.110142998 0.0737489983 0.116608001 0.107632004 0.0774250031 0.113445997 0.111937001 0.0711790025 0.114024997 0.104990996 0.0747390017 0.108106002 0.107850999 0.0964530036 0.126278996 -0.0882180035 0.0921360031 0.126803994 -0.099574998 0.0952109993 0.133396998 -0.100810997 0.0963670015 0.140059993 -0.0987830013 0.0902429968 0.142612994 -0.0974849984 0.0901110023 0.131104007 -0.0856579989 0.0193460006 0.358494997 0.0348649994 0.0247360002 0.363395989 0.0342720002 0.0185710005 0.373735011 0.0314389989 0.0125179999 0.372958988 0.0287510008 0.0193460006 0.358494997 -0.0348649994 0.0247360002 0.363395989 -0.0342720002 0.0185710005 0.373735011 -0.0314389989 0.0125179999 0.372958988 -0.0287510008 0.0411520004 0.337410986 0.0354299992 0.0451520011 0.328664988 0.0410879999 0.0470350012 0.329441011 0.0411529988 0.0457060002 0.336477995 0.0396879986 0.0457060002 0.336477995 -0.0396879986 0.0411520004 0.337410986 -0.0354299992 0.0451520011 0.328664988 -0.0410879999 0.0470350012 0.329441011 -0.0411529988 0.0824650005 0.138529003 0.110009998 0.0811719969 0.133625001 0.109665997 0.0858739987 0.128929004 0.113929003 0.0867559984 0.137347996 0.114592999 0.0690390021 0.116085999 0.113122001 0.0634419993 0.114398003 0.112453997 0.0718709975 0.114317998 0.117660001 0.0660500005 0.109282002 0.115254 0.0886449963 0.120077997 -0.102481999 0.0902879983 0.1184 -0.0941430032 0.0919950008 0.128340006 -0.103399001 0.0876509994 0.129672006 -0.0980430022 0.0831879973 0.123567998 -0.100893997 0.0942760035 0.137908995 -0.102463998 0.0875409991 0.140867993 -0.0999709964 0.0881609991 0.131071001 -0.101319 0.085988 0.124738 -0.0933109969 0.0182920005 0.359501004 0.0371830016 0.0234520007 0.364131987 0.0361829996 0.0170479994 0.374403 0.0326559991 0.0115160001 0.373418987 0.0296359994 0.0115160001 0.373418987 -0.0296359994 0.0182920005 0.359501004 -0.0371830016 0.0234520007 0.364131987 -0.0361829996 0.0170479994 0.374403 -0.0326559991 0.0800369978 0.137995005 0.113023996 0.0788109973 0.133686006 0.112609997 0.0828019977 0.129187003 0.116761997 0.0833590031 0.137025997 0.117997997 0.0835319981 0.116011001 -0.107152 0.0795049965 0.120067999 -0.103403002 0.0829889998 0.112488002 -0.100928001 0.0910710022 0.137526006 -0.106058002 0.0903289989 0.128898993 -0.107107997 0.0793640018 0.118202999 -0.0991019979 0.085458003 0.139547005 -0.102943003 0.0859510005 0.132385999 -0.104055002 0.0172370002 0.360507011 0.0395019986 0.0221670009 0.364867985 0.0380950011 0.0155239999 0.375068992 0.0338740014 0.0105149997 0.373878002 0.0305199996 0.0155239999 0.375068992 -0.0338740014 0.0105149997 0.373878002 -0.0305199996 0.0172370002 0.360507011 -0.0395019986 0.0221670009 0.364867985 -0.0380950011 0.0774250031 0.113445997 -0.111937001 0.0737489983 0.116608001 -0.107632004 0.0711790025 0.114024997 -0.104990996 0.0747390017 0.108106002 -0.107850999 0.0884890035 0.137593001 -0.110142998 0.0840770006 0.138680995 -0.106459998 0.088402003 0.128829002 -0.110724002 0.0835720003 0.133056 -0.106859997 0.0161830001 0.361512989 0.0418200009 0.0208819993 0.365603 0.0400069989 0.0140000004 0.375735998 0.0350919999 0.00951300003 0.374338001 0.0314039998 0.0208819993 0.365603 -0.0400069989 0.0140000004 0.375735998 -0.0350919999 0.00951300003 0.374338001 -0.0314039998 0.0161830001 0.361512989 -0.0418200009 0.0690390021 0.116085999 -0.113122001 0.0718709975 0.114317998 -0.117660001 0.0634419993 0.114398003 -0.112453997 0.0660500005 0.109282002 -0.115254 0.0867559984 0.137347996 -0.114592999 0.0824650005 0.138529003 -0.110009998 0.0811719969 0.133625001 -0.109665997 0.0858739987 0.128929004 -0.113929003 0.0833590031 0.137025997 -0.117997997 0.0800369978 0.137995005 -0.113023996 0.0788109973 0.133686006 -0.112609997 0.0828019977 0.129187003 -0.116761997 -0.0719069988 0.29093799 -0.0340720005 -0.0743149966 0.295610994 -0.0375609994 -0.0641229972 0.292625993 -0.0228150003 -0.0772999972 0.283836007 -0.0521969981 -0.0773890018 0.290019989 -0.0523470007 -0.0710380003 0.285524011 -0.0346449986 -0.0586649999 0.288401008 -0.0212699994 -0.0781650022 0.292497993 -0.0556689985 -0.0773900002 0.290816009 -0.0347109996 -0.0655179992 0.288778007 -0.0202750005 -0.0826580003 0.275153011 -0.0673869997 -0.078925997 0.277060986 -0.0699120015 -0.0820119977 0.283327997 -0.0492229983 -0.0792799965 0.285326988 -0.0709120035 -0.0725800022 0.284355015 -0.0380829982 -0.0582379997 0.284202009 -0.0223980006 -0.0792739987 0.285692006 -0.0736970007 -0.082682997 0.290371001 -0.0532580018 -0.0781750008 0.289182007 -0.0339759998 -0.0661650002 0.285333991 -0.0184409991 -0.0842150003 0.266391009 -0.0856999978 -0.0819019973 0.264705002 -0.0841460004 -0.0859989971 0.277662009 -0.0696119964 -0.0768370032 0.271210998 -0.087793 -0.0837069973 0.284083992 -0.0509469993 -0.0768629983 0.278100997 -0.0883380026 -0.062913999 0.279534012 -0.0212660003 -0.0771989971 0.278337002 -0.091692999 -0.0843669996 0.283225 -0.0720359981 -0.0706579983 0.271205008 -0.104631998 -0.0736740008 0.259983987 -0.101221003 -0.0823220015 0.273819 -0.0890780017 -0.0728870034 0.259822011 -0.101109996 -0.0668300018 0.26452601 -0.102214999 -0.0670540035 0.274112999 -0.103919998 -0.0669760033 0.273467988 -0.105499998 -0.0528829992 0.267917991 -0.117220998 -0.0567209981 0.266171008 -0.117199004 -0.0600919984 0.255542994 -0.114946999 -0.0595039986 0.255468011 -0.114399999 -0.0536210015 0.259662002 -0.114519998 -0.0537859984 0.26820299 -0.115451999 -0.0386440009 0.261316001 -0.124848001 -0.0379710011 0.261922985 -0.127106994 -0.041108001 0.26098001 -0.127243996 -0.0436750017 0.251307994 -0.125008002 -0.0431960002 0.250551999 -0.123989999 -0.0388999991 0.252507001 -0.123462997 -0.0232379995 0.244668007 -0.129471004 -0.0224920008 0.253731012 -0.130429 -0.0213130005 0.254429996 -0.132155001 -0.0241379999 0.253829986 -0.134053007 -0.02623 0.244269997 -0.130968004 -0.00869899988 0.236536995 -0.134709001 -0.00839500036 0.236809999 -0.133619994 -0.00616900017 0.238251001 -0.132549003 -0.00695999991 0.245167002 -0.136996001 -0.00538699981 0.246710002 -0.133559003 -0.00405899994 0.247338995 -0.134911001 0.0107460003 0.236946002 -0.137351006 0.00907200016 0.228318006 -0.136068001 0.00940500014 0.228845999 -0.134835005 0.0102059999 0.229605004 -0.133899003 0.0129159996 0.239223003 -0.135957003 0.0114139998 0.238328993 -0.134560004 0.0302799996 0.232051 -0.133970007 0.0287749991 0.230729997 -0.135434002 0.0270780008 0.220684007 -0.134964004 0.0260000005 0.219292998 -0.134232 0.0267479997 0.221954003 -0.131856993 0.0286040008 0.230931997 -0.132873997 0.0448740013 0.222592995 -0.128681004 0.0471349992 0.224662006 -0.129719004 0.0461779982 0.223370999 -0.130443007 0.0446729995 0.212984994 -0.131025001 0.0436419994 0.212119997 -0.130279005 0.043322999 0.214579001 -0.128174007 0.0593690015 0.208757997 -0.120857 0.0612340011 0.216147006 -0.121836998 0.0631819963 0.217484996 -0.122620001 0.0625289977 0.214986995 -0.123933002 0.0606390014 0.204635993 -0.123011 0.0597979985 0.204212993 -0.122841001 0.072724998 0.196321994 -0.110512003 0.0717440024 0.200922996 -0.109168999 0.076692 0.211182997 -0.111915 0.0775260031 0.208577007 -0.113062002 0.0747959986 0.197457001 -0.111210003 0.087534003 0.189005002 -0.0985129997 0.0848250017 0.189566001 -0.0966460034 0.0835789964 0.195203006 -0.0957179964 0.0856489986 0.204258993 -0.0971629992 0.0883970037 0.203694001 -0.0979999974 0.0899839997 0.199515998 -0.100519001 0.0905169994 0.173204005 -0.108786002 0.0867289975 0.159174994 -0.106108002 0.0887679979 0.160214007 -0.109169997 0.0861629993 0.175055996 -0.111419998 0.0845640004 0.165988997 -0.104511 0.0778660029 0.178871006 -0.121210001 0.0769020021 0.180914 -0.120677002 0.0917330012 0.170063004 -0.111263998 0.0725419968 0.173045993 -0.116834998 0.0733579993 0.166446 -0.117909998 0.0750090033 0.167950004 -0.118436001 0.0745040029 0.183153003 -0.122979 0.0627299994 0.177265003 -0.128385007 0.0633549988 0.188149005 -0.129547 0.0615999997 0.189633995 -0.129159003 0.0589310005 0.189962 -0.129199997 0.0593000017 0.182269007 -0.125698999 0.0601680018 0.176385999 -0.128003001 0.0444109999 0.185640007 -0.133775994 0.0474190004 0.185458004 -0.134142995 0.0467960015 0.196428999 -0.134066999 0.0447550006 0.198458999 -0.133514002 0.0434500016 0.198319003 -0.133590996 0.0443079993 0.191038996 -0.131413996 0.0275270008 0.197751999 -0.134238005 0.0273289997 0.193210006 -0.135506004 0.0308679994 0.192847997 -0.137106001 0.0301740002 0.205333993 -0.136647999 0.027392 0.207008004 -0.136005998 0.0269980002 0.205959007 -0.135493994 0.0110529996 0.214621007 -0.134637997 0.0112779997 0.206135005 -0.133807003 0.0101089999 0.201239005 -0.135378003 0.0141150001 0.200198993 -0.136250004 0.0131160002 0.213777006 -0.136248007 0.0102380002 0.216014996 -0.135124996 -0.00750199985 0.223876998 -0.133431002 -0.00559700001 0.221762002 -0.133361995 -0.0055300002 0.212897003 -0.131973997 -0.00619299989 0.209252998 -0.133672997 -0.002722 0.20713 -0.135171995 -0.00409199996 0.221605003 -0.134344995 -0.0215249993 0.228782997 -0.132106006 -0.0248729996 0.231663004 -0.130009994 -0.0216109995 0.229334995 -0.130024999 -0.0212639999 0.221160993 -0.129218996 -0.0239829998 0.217460006 -0.131565005 -0.0192280002 0.214881003 -0.133877993 -0.0353409983 0.222304001 -0.129298002 -0.0383259989 0.235584006 -0.126704007 -0.0424549989 0.238306999 -0.124784999 -0.0377640016 0.235927999 -0.124885 -0.0383079983 0.225536004 -0.124228001 -0.0409310013 0.223831996 -0.125918999 -0.0509990007 0.229056999 -0.122680999 -0.0580109991 0.227093995 -0.118253 -0.054951001 0.240110993 -0.118470997 -0.0587150007 0.242834002 -0.114857003 -0.0532910004 0.239960998 -0.116024002 -0.0532779992 0.231637001 -0.115564004 -0.0713030025 0.231439993 -0.104765996 -0.0658719987 0.231714994 -0.112093002 -0.0672319978 0.235999003 -0.104266003 -0.0697809979 0.244479001 -0.107100002 -0.07333 0.246707007 -0.102146 -0.067396 0.243290007 -0.104584999 -0.0762849972 0.243254006 -0.0902310014 -0.0809520036 0.235156 -0.0895069987 -0.0791390017 0.236465007 -0.0999599993 -0.0790230036 0.249942005 -0.0918050036 -0.0829439983 0.244030997 -0.093787998 -0.0841619968 0.251791 -0.0873849988 -0.0822400004 0.255872995 -0.0743559971 -0.0804430023 0.248342007 -0.0725580007 -0.0835269988 0.243630007 -0.0722630024 -0.0856250003 0.240116999 -0.0832159966 -0.0859379992 0.258107007 -0.068448998 -0.0877770036 0.249965996 -0.0766879991 -0.0826409981 0.26502499 -0.0500050001 -0.081701003 0.261204988 -0.056338001 -0.0786330029 0.255080998 -0.0550209992 -0.0828000009 0.252140999 -0.0549530014 -0.0852139965 0.247176006 -0.0658849999 -0.0876130015 0.25613901 -0.0582639985 -0.0849850029 0.259725988 -0.0391369984 -0.080058001 0.269383997 -0.0307519995 -0.0768340006 0.264229 -0.038369 -0.0735019967 0.258228004 -0.0372110009 -0.0773120001 0.257782996 -0.0386959985 -0.084073998 0.254368007 -0.0485000014 -0.0786880031 0.259826005 -0.0336019993 -0.0755539984 0.264382988 -0.0244389996 -0.0651820004 0.265653014 -0.0211050007 -0.0655530021 0.266819 -0.0243059993 -0.0635500029 0.261000007 -0.0220389999 -0.0658989996 0.257528007 -0.0226830002 -0.0505010001 0.161932006 -0.018716 -0.0390219986 0.172276005 -0.0211759992 -0.0516589992 0.165829003 -0.0209819991 -0.040045999 0.161638007 -0.0185509995 -0.0376770012 0.169137001 -0.0215390008 -0.0516679995 0.162210003 -0.0283799991 -0.050632 0.158391997 -0.0256099999 -0.0411380008 0.165729001 -0.0278270002 -0.0427489989 0.169906005 -0.0281039998 -0.0453599989 0.158346996 -0.0230369996 -0.047394 0.165824994 -0.0343240015 -0.0537820011 0.158848003 -0.0356599987 -0.0525889993 0.155355006 -0.0327210017 -0.0477680005 0.155915007 -0.0303520001 -0.0452780016 0.163430005 -0.0340749994 -0.0468759984 0.159207001 -0.0407290012 -0.0508529991 0.161482006 -0.0411880016 -0.0540959984 0.153911993 -0.0422759987 -0.0533219986 0.151019007 -0.0392049998 -0.0507929996 0.152539998 -0.0368090011 -0.0512470007 0.148488998 -0.0437050015 -0.0476169996 0.154293999 -0.0468429998 -0.0508829989 0.155687004 -0.047460001 -0.0532540008 0.149037004 -0.048870001 -0.0528570004 0.146776006 -0.0459339991 -0.053137999 0.141896993 -0.0521439984 -0.0522480011 0.143316001 -0.049509 -0.0478999987 0.150203004 -0.0536990017 -0.0506060012 0.150105998 -0.0541509986 -0.0518300012 0.144419998 -0.0555649996 -0.0488179997 0.139036 -0.0610390007 -0.0504879989 0.136974007 -0.0578010008 -0.0503190011 0.138302997 -0.0553359985 -0.0464790016 0.145049006 -0.0595729984 -0.0484619997 0.145371005 -0.0612960011 -0.0446720012 0.139456004 -0.0665759966 -0.0443679988 0.134775996 -0.0665849969 -0.0476510003 0.131828994 -0.0631190017 -0.0477409996 0.133362994 -0.0609420016 -0.0443140008 0.139697999 -0.0650859997 -0.040732 0.134562001 -0.06972 -0.0404019989 0.133754 -0.0716990009 -0.0400400013 0.129705995 -0.0715259984 -0.0434449986 0.127035007 -0.0678770021 -0.0434679985 0.128457993 -0.0654210001 -0.0389799997 0.124022998 -0.0700350031 -0.0366530009 0.128432006 -0.072724998 -0.0380889997 0.128499001 -0.0732590035 -0.0359999985 0.126491994 -0.0735979974 -0.0370980017 0.126008004 -0.0739649981 -0.0386210009 0.123529002 -0.0725449994 0.0824209973 0.138782993 -0.121476002 0.0788590014 0.129690006 -0.113031 0.0811920017 0.135848001 -0.121706001 0.079591997 0.138474002 -0.120572999 0.0789550021 0.131742999 -0.112862997 0.0660180002 0.144215003 -0.127915993 0.0658650026 0.146798 -0.127748996 0.0720229968 0.130989999 -0.121105999 0.0639600009 0.138419002 -0.120437004 0.0635809973 0.136151999 -0.120380998 0.0572270006 0.139716998 -0.126813993 0.0639749989 0.145620003 -0.126688004 0.0419280007 0.149081007 -0.130769998 0.0506250001 0.153674006 -0.132146001 0.049366001 0.156742007 -0.131263003 0.048765 0.155163005 -0.130340993 0.0488190018 0.146977007 -0.125869006 0.048512999 0.145063996 -0.125565007 0.0323610008 0.153576002 -0.128655002 0.025324 0.157571003 -0.131602004 0.0340869986 0.162405998 -0.134191006 0.0322320014 0.166418001 -0.132998005 0.0328919999 0.164481997 -0.132294998 0.0338479988 0.157156006 -0.129095003 0.0178110003 0.166244 -0.129640996 0.0153959999 0.161375001 -0.128648996 0.00807899982 0.165172994 -0.130988002 0.0180890001 0.172299996 -0.133662 0.0144570004 0.175286993 -0.131244004 0.0158079993 0.172091007 -0.131742001 -0.00123599998 0.179337993 -0.128299996 -4.40000003e-05 0.172187999 -0.126754999 -0.00167599996 0.168993995 -0.12692 -0.0090330001 0.172146007 -0.126947001 0.00156899996 0.181327999 -0.131494999 -0.00351499999 0.183672994 -0.128664002 -0.0209049992 0.191937 -0.123300999 -0.0180159993 0.186162993 -0.123130001 -0.0159019995 0.180921003 -0.122199997 -0.0183949992 0.176021993 -0.121728003 -0.0251829997 0.180182993 -0.121692002 -0.0152679998 0.189243004 -0.127470002 -0.0315929987 0.197099999 -0.121826999 -0.0378560014 0.200085998 -0.116796002 -0.0339840017 0.194381997 -0.117881 -0.0322149992 0.188203007 -0.116452999 -0.0347389989 0.183516994 -0.116230004 -0.0412449986 0.186800003 -0.114744 -0.0559669994 0.192808002 -0.105175003 -0.0475879982 0.204236999 -0.114698999 -0.0542670004 0.206048995 -0.107375003 -0.0497820005 0.200048 -0.109709002 -0.0478990003 0.194339007 -0.108415 -0.0498250015 0.189682007 -0.107217997 -0.063428998 0.195694 -0.0963279977 -0.0695300028 0.197981 -0.0938690007 -0.0623669997 0.207907006 -0.103807002 -0.0682929978 0.209728003 -0.0948989987 -0.0635799989 0.205298007 -0.0987830013 -0.062247999 0.199267 -0.0978899971 -0.0734129995 0.204914004 -0.0849649981 -0.0739409998 0.200152993 -0.082611002 -0.079524003 0.203333005 -0.0801189989 -0.0752699971 0.211656004 -0.0912569985 -0.0800499991 0.215314001 -0.0823979974 -0.0745220035 0.212448999 -0.0868479982 -0.0825420022 0.219124004 -0.0729969963 -0.0801149979 0.211505994 -0.0705730021 -0.0813110024 0.207368001 -0.0685560033 -0.0850400031 0.212096006 -0.0665360019 -0.0857840031 0.218229994 -0.0781550035 -0.0843240023 0.224388003 -0.0685509965 -0.0847259983 0.233186007 -0.0531059988 -0.0812560022 0.226270005 -0.0579279996 -0.0802929997 0.220915005 -0.0566160008 -0.0810829997 0.217968002 -0.0558229983 -0.0839679986 0.222334996 -0.0532840006 -0.087826997 0.225249007 -0.0627499968 -0.0869529992 0.232225001 -0.0472300015 -0.0804999992 0.241843998 -0.0382370017 -0.0790849999 0.233146995 -0.0427520014 -0.0776870027 0.229791999 -0.0427040011 -0.0789389983 0.227963001 -0.0429259986 -0.0829949975 0.229947001 -0.0385849997 -0.0761990026 0.234292999 -0.025649 -0.0841690004 0.236221001 -0.0310559999 -0.0757929981 0.246886 -0.0220420007 -0.072552003 0.238589004 -0.0282220002 -0.0710330009 0.234996006 -0.0282979999 -0.0738810003 0.233927995 -0.0291300006 -0.0629279986 0.235168993 -0.0145490002 -0.064538002 0.235328004 -0.0152799999 -0.0746460035 0.241529003 -0.0190980006 -0.0610009991 0.241714001 -0.0161029994 -0.0597519986 0.238380998 -0.0170699991 -0.0593420006 0.238141 -0.0161249992 0.00848000031 0.374554008 -0.0340109989 0.0200980008 0.366351008 -0.0414640009 0.0161109995 0.371161997 -0.047685001 0.00344299991 0.372343004 -0.0346640013 0.0054299999 0.377485007 -0.0378869995 0.0169830006 0.362971991 -0.0424470007 0.0142099997 0.367251992 -0.0489879996 0.0124819996 0.375694007 -0.0542499982 0.0116529996 0.372406006 -0.0549799986 0.000614000019 0.375514001 -0.0383329988 0.001575 0.380369008 -0.0412480012 -0.00196400005 0.378858 -0.0420610011 0.00941499975 0.380100995 -0.0610969998 0.00793800037 0.377330005 -0.0608099997 -0.00562699977 0.382205009 -0.0448400006 -0.00282000005 0.383406013 -0.0440549999 0.00388900004 0.385345012 -0.0660789981 0.00327500002 0.382990003 -0.0654259995 -0.0104919998 0.385376006 -0.0469850004 -0.00715399999 0.386687994 -0.0466310009 -0.00320399995 0.391229004 -0.0687130019 -0.00333900005 0.388610989 -0.0682070032 -0.0142080002 0.388911009 -0.0496620014 -0.0111600002 0.38993901 -0.0495579988 -0.0112039996 0.396896005 -0.0684039965 -0.0117790001 0.393330008 -0.0688690022 -0.0154799996 0.393763989 -0.0517860018 -0.0142820003 0.394161999 -0.052104 -0.0195390005 0.401847988 -0.0660180002 -0.0203070007 0.397601008 -0.0667269975 -0.0202939995 0.396997988 -0.0535460003 -0.0185800008 0.398124009 -0.0527289994 -0.027919 0.406221986 -0.0627449974 -0.0277609993 0.40259701 -0.0638400018 -0.0267239995 0.399280012 -0.0538519993 -0.0241349991 0.401342005 -0.051585 -0.035335999 0.410385013 -0.0580039993 -0.0353260003 0.406883001 -0.0599519983 -0.0314740017 0.401908994 -0.0512720011 -0.0295609999 0.403367996 -0.0491579995 -0.0415909998 0.414689988 -0.0524550006 -0.0431240015 0.40999499 -0.0554190017 -0.0349470004 0.404585004 -0.0470310003 -0.0318900011 0.406731993 -0.0453019999 -0.0498059988 0.417849988 -0.0481519997 -0.049550999 0.412286997 -0.0498029999 -0.0378369987 0.406634986 -0.0423349999 -0.0342839994 0.408196002 -0.0404380001 -0.0535809994 0.416052014 -0.0415720008 -0.0548969992 0.41180101 -0.0430230014 -0.0394079983 0.408028007 -0.0372829996 -0.0363090001 0.409698009 -0.0355580002 -0.0447140001 0.416231006 -0.0381800011 -0.0488520004 0.41366899 -0.0373760015 -0.0399570018 0.407952994 -0.0319619998 -0.0377530009 0.409363002 -0.0302370004 -0.0427539982 0.414826006 -0.0299549997 -0.0451700017 0.412882 -0.0303520001 -0.0413479991 0.406489998 -0.0268350001 -0.0378759988 0.406937003 -0.0256919991 -0.0445519984 0.412642002 -0.0218419991 -0.0479819998 0.409640014 -0.0234629996 -0.0448979996 0.403409988 -0.0234169997 -0.0393319987 0.404426992 -0.0211030003 0.0403890014 0.331 -0.0427069999 0.0372430012 0.334237993 -0.0554650016 0.0397550017 0.334583014 -0.055918999 0.0415019989 0.338082999 -0.0406999998 0.0421020016 0.336813003 -0.0400380008 0.0433319993 0.329371005 -0.0437010005 0.0310040005 0.338340998 -0.0663319975 0.0331810005 0.339096993 -0.0669680014 0.0384729989 0.342961997 -0.0503930002 0.0397480018 0.341466993 -0.0514170006 0.0340959989 0.345899999 -0.0615260005 0.0233919993 0.342079014 -0.0762889981 0.0251529999 0.34335199 -0.0767429993 0.0332080014 0.346569985 -0.0595109984 0.0272720009 0.350077003 -0.0707679987 0.0271690004 0.350602001 -0.0678500012 0.0135810003 0.345560998 -0.0841619968 0.014796 0.347530007 -0.0839760005 0.0180370007 0.353321999 -0.0779390037 0.0190549996 0.354030013 -0.0742970034 0.00256499997 0.348666012 -0.0902919993 0.00388700003 0.351491004 -0.090501003 0.00803500041 0.356752992 -0.0837490037 0.0100659998 0.357189 -0.0795769989 -0.00777800009 0.353897989 -0.0959590003 -0.00629300019 0.357068986 -0.0970349982 -0.00189299998 0.362327009 -0.0876939967 0.000721000019 0.361377001 -0.0831269994 -0.0179420002 0.360567987 -0.0996439978 -0.0159089994 0.365792006 -0.0993539989 -0.0118110003 0.36917001 -0.0880940035 -0.00809700042 0.367722988 -0.0839610025 -0.0270000007 0.369305015 -0.0951019973 -0.0254459996 0.374020994 -0.0941580012 -0.0209929999 0.375652999 -0.0851529986 -0.0174380001 0.373006999 -0.0821890011 -0.0359040014 0.376964003 -0.0887229964 -0.0354360007 0.381168991 -0.0882960036 -0.0301510002 0.382631987 -0.0803890005 -0.025905 0.379195005 -0.0785880014 -0.0441090018 0.384593993 -0.0812859982 -0.0431060009 0.389288992 -0.0801910013 -0.0374029987 0.388904989 -0.0730680004 -0.0336039998 0.385134995 -0.0732150003 -0.0495520011 0.391012996 -0.0705780014 -0.048889 0.395635992 -0.0691799968 -0.0422400013 0.394571006 -0.0627869964 -0.0397379994 0.390332013 -0.065061003 -0.0536280014 0.395411998 -0.0587590002 -0.0520580001 0.401365995 -0.0568539985 -0.0459449999 0.400225997 -0.0520000011 -0.0421140008 0.39448899 -0.0536400005 -0.0540699996 0.395635009 -0.045984 -0.0550739989 0.40170601 -0.0443620011 -0.0481109992 0.401024997 -0.0416719988 -0.0429500006 0.396016002 -0.0447290018 -0.0496950001 0.391057014 -0.0347299986 -0.0516679995 0.392641991 -0.0375440009 -0.0461839996 0.395307004 -0.0337259993 -0.0420349985 0.395015001 -0.0340330005 -0.0479380004 0.387537986 -0.0231480002 -0.0476050004 0.390971988 -0.0241759997 -0.0429099984 0.391247004 -0.0226750001 -0.0372180007 0.39319101 -0.0242289994 0.0585450009 0.315448999 -0.0513570011 0.0595880002 0.306778997 -0.0537710004 0.0538490005 0.310483992 -0.0693150014 0.0554540008 0.316826999 -0.0501359999 0.0538260005 0.319334 -0.0670469999 0.0549670011 0.306668013 -0.0535000004 0.0565019995 0.303790987 -0.0528189987 0.0517730005 0.306831986 -0.0691009983 0.0460209996 0.316226006 -0.0828649998 0.0435389988 0.311967999 -0.0828550011 0.0529320017 0.315546006 -0.0513239987 0.0538400002 0.320230007 -0.0656540021 0.0471980013 0.323210001 -0.081758 0.0510249995 0.309323996 -0.069562003 0.0507339984 0.319072008 -0.0661510006 0.0433190018 0.314707994 -0.083035998 0.0354649983 0.321144015 -0.0946699977 0.0333629996 0.317972004 -0.0947220027 0.0331030004 0.319988012 -0.0945599973 0.0471489988 0.325094014 -0.0787589997 0.0364720002 0.328435987 -0.0927769989 0.0444360003 0.323846012 -0.0791720003 0.0343270004 0.327766001 -0.0892700031 0.022845 0.324065 -0.104739003 0.0209810007 0.321617991 -0.105113 0.0210270006 0.324216008 -0.104276001 0.0227700006 0.332708001 -0.0969759971 0.0379440002 0.331012011 -0.0893900022 0.023976 0.333034009 -0.101663001 0.0261509996 0.335070014 -0.0978519991 0.00937699992 0.328419 -0.112562999 0.00720300013 0.325931996 -0.112879999 0.00740400003 0.326961994 -0.112053998 0.00986700039 0.335501999 -0.102605999 0.0128030004 0.33790499 -0.103850998 0.0102469996 0.336733013 -0.108857997 -0.00475700013 0.335200995 -0.115850002 -0.00739199994 0.332167 -0.115668997 -0.00725900009 0.331340998 -0.114650004 -0.00340999989 0.340095997 -0.105641998 -0.000714000023 0.341818005 -0.108538002 -0.00425799983 0.341408998 -0.112644002 -0.0197839998 0.340032011 -0.113609001 -0.022202 0.338281006 -0.113310002 -0.0220330004 0.33654201 -0.113620996 -0.0170159992 0.343686998 -0.104933001 -0.0145070003 0.346992999 -0.107481003 -0.0187040009 0.346801996 -0.110198997 -0.0337859988 0.346394986 -0.108764999 -0.0362510011 0.345084012 -0.108433001 -0.0355909988 0.342361987 -0.108107001 -0.0297209993 0.349590003 -0.101426996 -0.0277759992 0.352054 -0.103165999 -0.0328980014 0.352035999 -0.105672002 -0.0463420004 0.353175998 -0.100931004 -0.0478370003 0.353323996 -0.0997600034 -0.0478129983 0.349770993 -0.100884996 -0.0407299995 0.357012987 -0.095178999 -0.039779 0.358343989 -0.0966809988 -0.0448299982 0.359200001 -0.0976179987 -0.0565479994 0.361822009 -0.0913529992 -0.0596860014 0.359620988 -0.0900700018 -0.0584600009 0.357338995 -0.0913800001 -0.0503300019 0.364268005 -0.0863910019 -0.049718 0.366167009 -0.0882499963 -0.0548299998 0.366463989 -0.0870359987 -0.0657809973 0.368975013 -0.0795070007 -0.0677969977 0.366820008 -0.0769509971 -0.0668170005 0.365496993 -0.0796900019 -0.0579690002 0.369870007 -0.0746100023 -0.0577909984 0.372328997 -0.0764909983 -0.0633770004 0.373829007 -0.0751829967 -0.0691320002 0.375274986 -0.0639849976 -0.0703549981 0.37272799 -0.0609479994 -0.0670320019 0.371555001 -0.0643339977 -0.0620119981 0.373771012 -0.0602709986 -0.0617239997 0.377885014 -0.0623940006 -0.0660440028 0.379812986 -0.0603419989 -0.0674600005 0.380176008 -0.0475450009 -0.0680140033 0.37993601 -0.0456270017 -0.0639709979 0.373490989 -0.0484110005 -0.0598420016 0.376491994 -0.0453980006 -0.0606979989 0.382335991 -0.0471500009 -0.0648209974 0.383121997 -0.0458070002 -0.0607860014 0.378233999 -0.0356880017 -0.0628330037 0.373207986 -0.0350629985 -0.0581770018 0.370902985 -0.0329990014 -0.053994 0.373854011 -0.0314840004 -0.0552450009 0.380136997 -0.0329050012 -0.0586640015 0.380113006 -0.0360799991 -0.0536100008 0.372844994 -0.0213459991 -0.0560530014 0.367938012 -0.0201760009 -0.0508319996 0.36509499 -0.0195039995 -0.043722 0.369594991 -0.0222699996 -0.0479630008 0.374538004 -0.0207519997 -0.0522640012 0.374379992 -0.0221420005 0.0750629976 0.264889985 -0.0818160027 0.0754659995 0.256303012 -0.0830800012 0.0652820021 0.262153 -0.0972189978 0.073567003 0.267019004 -0.0802270025 0.0647780001 0.270179987 -0.095840998 0.0702899992 0.266211003 -0.0793559998 0.0704620034 0.256386012 -0.0814019963 0.0727220029 0.252784997 -0.0815469995 0.0631190017 0.258940995 -0.0961000025 0.0544929989 0.267812014 -0.110940002 0.0525109991 0.265302002 -0.109532997 0.0640169978 0.272971004 -0.0939759985 0.0546320006 0.275703996 -0.109939002 0.0616250001 0.272092015 -0.0929370001 0.062442001 0.262694001 -0.0955149978 0.0518070012 0.268456995 -0.107781 0.0403859988 0.273029 -0.120613001 0.0391439982 0.271560013 -0.119686 0.0389799997 0.273600012 -0.117413998 0.0543970019 0.278586 -0.107684001 0.0411249995 0.28036499 -0.120330997 0.0516159981 0.276241004 -0.106108002 0.0396389998 0.282483995 -0.116017997 0.0251010004 0.277695 -0.128422007 0.0237460006 0.276181012 -0.127085 0.0248259995 0.279300988 -0.124164 0.0256450009 0.287436992 -0.122896001 0.0416090004 0.28440401 -0.117684998 0.0262039993 0.285062999 -0.128285006 0.0269230008 0.289283007 -0.124766 0.00879700016 0.283340991 -0.131139994 0.00727899978 0.281302005 -0.130083993 0.00961699989 0.284588993 -0.127767995 0.0107169999 0.292811006 -0.126314998 0.0115379998 0.293336987 -0.129455 0.00975100044 0.289204001 -0.131649002 -0.00825999957 0.286765993 -0.130658999 -0.00933100004 0.28649199 -0.128951997 -0.00626600021 0.288816005 -0.127973005 -0.00481399987 0.297188997 -0.126843005 -0.00458199997 0.297733009 -0.129234001 -0.00638800021 0.295078009 -0.131519005 -0.0238010008 0.294151008 -0.126791999 -0.0256309994 0.291298002 -0.124839999 -0.0216160007 0.293554991 -0.124403 -0.0200350005 0.301770985 -0.123884998 -0.0206150003 0.302289993 -0.127417997 -0.022388 0.300484985 -0.127952993 -0.0390969999 0.297417015 -0.120062001 -0.0407310016 0.297053009 -0.117845997 -0.0353090018 0.299416006 -0.117698997 -0.0346009992 0.306302011 -0.118184 -0.0355679989 0.307624012 -0.121596001 -0.0379210003 0.305328995 -0.121836998 -0.0533189997 0.304311007 -0.112086996 -0.0552279986 0.301887006 -0.108724996 -0.0483810008 0.305041999 -0.108806998 -0.0476999991 0.312445998 -0.110284999 -0.0496460013 0.31240499 -0.113145001 -0.0520259999 0.310653001 -0.112816997 -0.0664720014 0.308310002 -0.100605004 -0.0677139983 0.306434005 -0.0966380015 -0.0610839985 0.309671998 -0.0989070013 -0.0598560013 0.317194998 -0.100034997 -0.0627219975 0.317218989 -0.103055999 -0.0650539994 0.315746993 -0.101976 -0.0770360008 0.313526005 -0.086935997 -0.077339001 0.310777009 -0.0817089975 -0.0702549964 0.314687014 -0.0854979977 -0.0700220019 0.321687013 -0.0874110013 -0.0718740001 0.321072996 -0.0886429995 -0.0751350001 0.320077986 -0.0875770003 -0.0816249996 0.317602009 -0.0695789978 -0.0784899965 0.317003995 -0.0645940006 -0.0748220012 0.318024993 -0.0689790025 -0.0745159984 0.325868011 -0.0712300017 -0.0787570029 0.324290007 -0.072495997 -0.0787139982 0.32486701 -0.0704070032 -0.0794600025 0.324483991 -0.052023001 -0.0770229995 0.323211998 -0.0468700007 -0.0729660019 0.321956992 -0.0517619997 -0.073371999 0.329288989 -0.05418 -0.0765239969 0.330110997 -0.055633001 -0.0776259974 0.32940799 -0.0522219986 -0.0732659996 0.329162002 -0.0378349982 -0.0703400001 0.323417991 -0.0371159986 -0.0653799996 0.323422998 -0.0360459983 -0.0672779977 0.331021011 -0.0381079987 -0.0693470016 0.332947999 -0.0396829993 -0.0709180012 0.333088011 -0.0383430012 -0.060757 0.327583998 -0.0222759992 -0.0608510002 0.320879012 -0.0197810009 -0.0558560006 0.320286989 -0.0220010001 -0.0558689982 0.332197011 -0.0256580003 -0.0587220006 0.333108991 -0.0255340002 -0.0604939982 0.331160009 -0.0234149992 0.0825420022 0.235920995 -0.0947830006 0.0836040005 0.225538 -0.0932480022 0.0715959966 0.227847993 -0.108512998 0.0811059996 0.238940999 -0.0934360027 0.0719180033 0.239462003 -0.109922998 0.0795670003 0.238410994 -0.0925199986 0.0788829997 0.226515993 -0.0892719999 0.0782689974 0.221759006 -0.0880419984 0.0690750033 0.224012002 -0.104744002 0.0577850007 0.234007999 -0.120089002 0.0571580008 0.230309993 -0.117940001 0.0714059994 0.242120996 -0.108218998 0.0570480004 0.244715005 -0.118666001 0.0704900026 0.243791997 -0.107802004 0.0682770014 0.229870006 -0.104400001 0.0576939993 0.239516005 -0.114179999 0.0417240001 0.237646997 -0.128662005 0.0417050011 0.234458998 -0.126898006 0.0427279994 0.244902 -0.122128002 0.0573510006 0.246222004 -0.117089003 0.0417490005 0.247686997 -0.127583995 0.0557629988 0.244855002 -0.116368003 0.0405450016 0.248619005 -0.123884 0.025347 0.244176 -0.134455994 0.0260329992 0.241903007 -0.132538006 0.0275560003 0.25109899 -0.128729001 0.0254779998 0.254527003 -0.129839003 0.0426540002 0.249337003 -0.125123993 0.0260129999 0.253863007 -0.133233994 0.0277490001 0.254896998 -0.131024003 0.00870699994 0.251457989 -0.137890995 0.0101910001 0.250090986 -0.136381 0.0118530001 0.258325011 -0.131635994 0.00983600039 0.260966986 -0.132201999 0.0126010003 0.261788011 -0.133546993 0.0101969996 0.261442989 -0.136184007 -0.00797499996 0.259036988 -0.136594996 -0.00616100011 0.257622987 -0.136047006 -0.00397500023 0.265664011 -0.130959004 -0.00536199985 0.269208014 -0.131299004 -0.00252599991 0.269383997 -0.133892998 -0.00577000016 0.269367993 -0.135472998 -0.0242410004 0.267464995 -0.133312002 -0.0225109998 0.264571995 -0.131867006 -0.0198410004 0.272287995 -0.127555996 -0.0205060001 0.27679801 -0.127446994 -0.0176589992 0.276428998 -0.130887002 -0.0218230002 0.276284009 -0.131992996 -0.0406490006 0.272466987 -0.126166999 -0.0388199985 0.269845992 -0.125634998 -0.0360059999 0.275386989 -0.121898003 -0.0356319994 0.282974988 -0.121475004 -0.0331000015 0.281522006 -0.126179993 -0.0372710004 0.282245994 -0.125167996 -0.0558589995 0.27876699 -0.116926 -0.053952001 0.275727987 -0.116703004 -0.0507289991 0.280366004 -0.113109998 -0.0500600003 0.287763 -0.112628996 -0.047017999 0.287483007 -0.117807001 -0.0522169992 0.287349999 -0.116460003 -0.0698940009 0.283201993 -0.104541004 -0.0675709993 0.281300008 -0.105029002 -0.0643030033 0.286394 -0.102775 -0.0634540021 0.293175012 -0.102238998 -0.0606830008 0.29244101 -0.108332001 -0.0659329966 0.292831004 -0.105814002 -0.0812740028 0.287124991 -0.0892169997 -0.0791679993 0.28400299 -0.089854002 -0.0760480016 0.28904599 -0.0894220024 -0.0735540017 0.29490599 -0.0873100013 -0.071266003 0.296712995 -0.0950860009 -0.0783820003 0.293828994 -0.0923319981 -0.083153002 0.292959988 -0.0703549981 -0.0817700028 0.290378004 -0.0721149966 -0.079400003 0.294059992 -0.0719930008 -0.0780619979 0.299122989 -0.06972 -0.076958999 0.300635993 -0.0782700032 -0.0818110034 0.300819993 -0.0752609968 -0.0810680017 0.300648987 -0.0513579994 -0.0790129974 0.299892008 -0.0551449992 -0.0763079971 0.300074011 -0.0539069995 -0.0760850012 0.307525992 -0.0528980009 -0.0761519969 0.30756101 -0.0609400012 -0.0808039978 0.305458009 -0.0560909994 -0.0729049966 0.303101987 -0.0394480005 -0.0711639971 0.301328003 -0.0385610014 -0.069743 0.301533014 -0.0361800008 -0.0695480034 0.310375988 -0.0354719982 -0.0731929988 0.313181996 -0.0437540002 -0.0747549981 0.310164988 -0.040093001 -0.0649869964 0.303005993 -0.0202169996 -0.0616410002 0.299176008 -0.0221209992 -0.0591300018 0.30281201 -0.0215230007 -0.058265999 0.306513011 -0.0231500007 -0.0656410009 0.312258005 -0.0283840001 -0.0659760013 0.308557987 -0.0228269994 0.0138440114 0.380988002 -0.0501488894 0.0144881383 0.38961041 -0.0526208058 0.0127339084 0.382894397 -0.056014467 0.0145838549 0.378827989 -0.0485054031 0.013347907 0.383828014 -0.0381806828 0.0127828168 0.37566638 -0.0374193974 0.00506837852 0.395055175 -0.0780053809 0.0174706355 0.388224006 -0.0381121077 0.0166395679 0.387528777 -0.0378511064 0.0144681232 0.38618958 -0.0363309197 0.0156636424 0.386823177 -0.0372040495 0.0199694447 0.390767217 -0.050290741 0.00845828652 0.385544777 -0.0713690817 0.0145202614 0.380898386 -0.0577604175 0.0074879094 0.387908816 -0.0701059848 0.0192872155 0.372641593 -0.0296346769 0.0136141069 0.385178387 -0.0315796621 0.00821393915 0.375435203 -0.0281202495 0.0129736541 0.384652793 -0.028345624 0.012022174 0.384137601 -0.0243990086 0.00971218385 0.382459193 -0.0145045323 0.0087879505 0.373424798 -0.0288004652 0.0100658415 0.371904016 -0.0290908124 0.000829989149 0.389844 -0.0836109594 -0.00741425855 0.399764001 -0.0941444486 -0.00468666432 0.402626395 -0.0937374234 0.000671550806 0.400749594 -0.0993862972 0.00494669238 0.397414386 -0.0890558064 0.017062705 0.392964005 -0.0739748776 0.0179980714 0.388211995 -0.0368195511 0.0173157677 0.387383997 -0.0353889987 0.0164383873 0.386747986 -0.035270445 0.0154315913 0.386355191 -0.0355683751 0.0153661361 0.386088014 -0.0342268012 0.0145495394 0.385534406 -0.0327957906 0.025418153 0.385440797 -0.0385939553 0.0221548732 0.388867974 -0.0372768752 0.0170589294 0.389122397 -0.0756422728 0.00470903749 0.389868796 -0.0886788666 0.00788303465 0.388555199 -0.0845502988 0.0221890323 0.378214389 -0.0458364971 0.0245615914 0.378335208 -0.0289618447 0.0230148677 0.372743994 -0.0208464395 0.0135158654 0.369706392 -0.0262242053 0.0189123582 0.369229585 -0.0214479417 0.0162738059 0.384340793 -0.0277479179 0.00631744741 0.374076813 -0.0253296103 0.00643674564 0.3726888 -0.02649194 0.0159204379 0.38522318 -0.0224881545 0.0142590282 0.385051191 -0.0208097678 0.0125124026 0.384343207 -0.022590505 0.013243637 0.384768814 -0.0217618104 0.0165131353 0.3838664 -0.0247866735 0.00813854672 0.378752798 -0.0177437942 0.0133620165 0.385383189 -0.014967666 0.00982461218 0.382486403 -0.0132859098 0.00904030725 0.380499989 -0.0154125663 0.00787114725 0.372262388 -0.0277342182 0.00723425206 0.371713609 -0.0265689511 -0.00302755088 0.391928792 -0.0914724395 -0.00937621389 0.397401601 -0.103566073 -0.0073582097 0.403367192 -0.101317562 -0.00602613622 0.404058397 -0.0954272822 0.000647427281 0.401005596 -0.101966865 -0.00151389628 0.402171195 -0.10162501 -0.00145018368 0.402133584 -0.10017512 0.00635040179 0.397708803 -0.0955679938 0.00213801535 0.399928808 -0.100250594 0.00597110763 0.397533596 -0.0906472951 0.00848927721 0.396875203 -0.0883923098 0.010980499 0.396247208 -0.0861387402 0.0118093612 0.396335989 -0.0827039853 0.00946467649 0.394635201 -0.0919150934 0.0176998936 0.387196004 -0.0340561643 0.019318549 0.387506396 -0.0324778482 0.0165517554 0.386404008 -0.0335885957 0.0234107655 0.385576814 -0.0264194701 0.0253588501 0.3805224 -0.0192303024 0.0250956845 0.376960784 -0.0173023213 0.0246000346 0.375463188 -0.0172081981 0.0091990456 0.389658391 -0.0855145529 0.00684737368 0.38916719 -0.0864776224 -0.00107530667 0.392767191 -0.0988232344 0.000399421377 0.392266393 -0.0975485072 0.00134049577 0.39254719 -0.0982695073 0.0043637557 0.392640799 -0.095470041 0.0075934967 0.390138388 -0.0878836215 0.0216932409 0.371158391 -0.0193635728 0.0230003241 0.372763991 -0.0190704893 0.0168914739 0.368933588 -0.0205143746 0.0139119076 0.369076788 -0.021758331 0.0103650074 0.369790405 -0.0242417566 0.0200523436 0.370217592 -0.0187199377 0.0184931457 0.369210392 -0.0197721422 0.0172762033 0.385760009 -0.0305338055 0.0172302723 0.384826392 -0.0278958026 0.00727664586 0.377010405 -0.0193644948 0.00632172916 0.37255761 -0.0253765006 0.00674983207 0.373559207 -0.021778293 0.0170505699 0.385251999 -0.0216892306 0.0165496003 0.385677576 -0.0159033407 0.0170659889 0.384553581 -0.0230326131 0.0180004425 0.384715199 -0.0228294358 0.0179060064 0.384776801 -0.0259481445 0.00787393469 0.376259208 -0.0176217221 0.0147829736 0.385207176 -0.0129420748 0.0132974721 0.384884804 -0.0124920169 0.0119417636 0.384271204 -0.0123285288 0.0123443641 0.383280009 -0.0114479214 0.0109451981 0.382172793 -0.0120464461 0.0118126227 0.378193617 -0.0115961991 0.00856947713 0.370619178 -0.0249034204 -0.00764691923 0.3953816 -0.10452725 -0.00300362916 0.394822389 -0.104741581 -0.00226771226 0.394202381 -0.10287635 -0.0109844264 0.400776803 -0.113009684 -0.00959316548 0.398699999 -0.113856047 -0.0091619594 0.397700787 -0.110569246 -0.00715428451 0.403347999 -0.106322512 -0.00831333641 0.404071987 -0.11374253 -0.00725448783 0.403264791 -0.1033305 -0.00590052642 0.403612792 -0.101475254 -0.0029438131 0.403045595 -0.100384019 -0.00393157778 0.403475195 -0.10039442 -0.00475418428 0.403730392 -0.101432294 0.000671712158 0.401272804 -0.104344808 0.00192274165 0.400273591 -0.102773063 -0.00399821158 0.403461576 -0.102973968 0.00546505302 0.398490399 -0.112729095 0.00728273951 0.39736402 -0.0914437547 0.00743586384 0.396009594 -0.0973162279 0.00654471386 0.392806411 -0.0948218778 0.0186046325 0.386956811 -0.032490246 0.019815892 0.387084812 -0.0307577122 0.0183533225 0.385648012 -0.0291444845 0.0198930986 0.386609584 -0.0290027298 0.0198338274 0.386133581 -0.0271865875 0.0197685584 0.38573122 -0.025267696 0.0195825677 0.385416001 -0.0234515499 0.0189694092 0.385296792 -0.0221399572 0.0229665525 0.383388013 -0.0185395386 0.0194060691 0.385112792 -0.0195349772 0.0249132086 0.380296797 -0.0181637015 0.024025809 0.381468803 -0.0181993917 0.0241678879 0.377069592 -0.0167823341 0.0228610169 0.372768015 -0.0175954849 0.0225604288 0.374057591 -0.0169496778 0.0234842822 0.375564814 -0.016716212 -0.00148315053 0.393596798 -0.10130702 0.0015710257 0.393561602 -0.100183874 0.00031798752 0.394098401 -0.101843946 0.00606893701 0.393337607 -0.0952284783 0.00569785014 0.392934412 -0.095098488 0.00522223162 0.392485619 -0.0949493051 0.0160171892 0.369331986 -0.0201415531 0.00900752656 0.370603204 -0.0232000016 0.0144602833 0.369618416 -0.0205686633 0.0175357163 0.370893598 -0.0183904618 0.0201100446 0.371572018 -0.0176741686 0.0165336784 0.369979203 -0.0191326998 0.00764797255 0.372089595 -0.0224503353 0.00746772159 0.371525615 -0.0238362104 0.00793386437 0.372768015 -0.0211496204 0.0181273278 0.385258406 -0.0213742126 0.0182168912 0.384937614 -0.0148743531 0.0187965892 0.385596782 -0.0274512637 0.0093931118 0.37562561 -0.0163707025 0.0102010537 0.376434386 -0.0142302569 0.0150494808 0.38376081 -0.0118502956 0.0137636475 0.380479217 -0.0109955706 0.015286956 0.382254392 -0.0110859908 0.011685662 0.376868814 -0.0126431314 0.0130996034 0.378377587 -0.0115155559 -0.00480028614 0.395140797 -0.107735813 -0.00698357634 0.39723441 -0.114013188 -0.00445317058 0.395665586 -0.110570565 -0.00316261034 0.395333588 -0.107968681 -0.00161444 0.395604789 -0.108164258 -0.00116363855 0.39515999 -0.105661504 -0.000571397308 0.394564807 -0.103664987 -0.00837665331 0.398935199 -0.117719218 -0.0100092189 0.405155182 -0.118135966 -0.00977777131 0.405326396 -0.125122935 -0.00729788234 0.404684782 -0.113532558 -0.00544829341 0.403609604 -0.106198341 -0.00567923859 0.403910398 -0.109703973 -0.00855646096 0.405525595 -0.117493257 -0.00739084836 0.405386388 -0.115769647 -0.00372181833 0.403559208 -0.10579206 -0.00127356686 0.402614385 -0.106775098 0.00202208268 0.400488794 -0.105344579 0.00119271479 0.401468784 -0.10753797 0.00640631653 0.394109607 -0.0966885015 0.00208282773 0.401526392 -0.110974282 0.00131912774 0.395043194 -0.103966765 0.000638929079 0.39546001 -0.10597194 0.000148309657 0.395876795 -0.10840337 -0.003015202 0.3957192 -0.110790685 0.00348724518 0.397047192 -0.120274074 0.00899867713 0.399071217 -0.121799596 0.00231790659 0.397015989 -0.117161877 0.00324052549 0.401989579 -0.115551412 0.0206929874 0.381591201 -0.0151823871 0.0218353309 0.382190406 -0.0166205317 0.0229250863 0.380360812 -0.0170896668 0.0219357572 0.375624776 -0.0165687744 0.0216056816 0.379785597 -0.0157851018 0.021273179 0.372648805 -0.0172796864 0.0207599197 0.37416482 -0.0168540236 0.0110147521 0.370614409 -0.0215912778 0.00920507684 0.371327192 -0.021758141 0.0151788127 0.370462418 -0.0194576364 0.0162163749 0.37152639 -0.0186006967 0.0186383817 0.371984005 -0.0176775809 0.0117474459 0.375436783 -0.0139740929 0.0146123935 0.378518403 -0.0117305424 0.016298281 0.38030079 -0.011945528 0.00123714784 0.396561593 -0.12308751 0.000286848983 0.397023201 -0.125855789 -0.00596048543 0.39766562 -0.117683046 -0.00705741579 0.398391187 -0.118194781 0.00115088141 0.397171199 -0.128168568 -0.000511583872 0.40202719 -0.135725126 -0.0060498314 0.408915997 -0.124968819 -0.00744481198 0.408895999 -0.12544696 -0.00536806136 0.404935211 -0.113770798 -0.00353590283 0.403903186 -0.109484136 -0.00583200715 0.407155186 -0.120833121 -0.00447626831 0.405951977 -0.118310675 -0.000649378402 0.402898401 -0.110415176 0.0003051151 0.403505594 -0.115025222 0.000629756425 0.396689594 -0.117297001 0.00913194194 0.396584004 -0.126191556 0.00548777357 0.395972013 -0.128741622 0.00182253227 0.396751195 -0.120267928 0.0108363302 0.401219994 -0.129594371 0.0115697216 0.398518413 -0.128155529 0.00161851523 0.403919995 -0.119364344 0.017946871 0.375348806 -0.0160457548 0.0158530213 0.378414392 -0.0124474736 0.00297257816 0.396316797 -0.12753965 0.000549972872 0.40116322 -0.136098295 0.000186874153 0.403143197 -0.136316493 -0.00316756614 0.409327209 -0.131725878 0.00140082347 0.406029582 -0.125549853 -0.000394660281 0.409184813 -0.129005909 0.000130700879 0.407842398 -0.127359435 -0.00218503643 0.410189599 -0.131046832 -0.00158928498 0.405400008 -0.118934326 -0.0026543322 0.404630393 -0.114350595 0.0111686448 0.397734404 -0.132806614 0.00343254465 0.398656815 -0.136183113 0.00570023432 0.39816159 -0.136180103 0.00232969853 0.407286406 -0.130113751 0.00338695291 0.405555993 -0.12749736 0.00364414742 0.406402409 -0.131585285 0.0047982973 0.404965609 -0.133240581 0.00193872873 0.40183118 -0.137395874 0.000483968644 0.405443192 -0.135635599 0.00229450269 0.408125609 -0.132912621 0.00180977851 0.406839997 -0.128127009 0.000953971699 0.408928007 -0.131090298 0.00474784849 0.399475217 -0.137290016 0.00243304437 0.407760799 -0.131596729 0.0127339084 0.382894397 0.056014467 0.0144881383 0.38961041 0.0526208058 0.0138440114 0.380988002 0.0501488894 0.0145838549 0.378827989 0.0485054031 0.0145202614 0.380898386 0.0577604175 0.00845828652 0.385544777 0.0713690817 0.0074879094 0.387908816 0.0701059848 0.00506837852 0.395055175 0.0780053809 0.0166395679 0.387528777 0.0378511064 0.0174706355 0.388224006 0.0381121077 0.0156636424 0.386823177 0.0372040495 0.0144681232 0.38618958 0.0363309197 0.013347907 0.383828014 0.0381806828 0.0199694447 0.390767217 0.050290741 0.0127828168 0.37566638 0.0374193974 0.0192872155 0.372641593 0.0296346769 0.0221890323 0.378214389 0.0458364971 0.0170589294 0.389122397 0.0756422728 0.000829989149 0.389844 0.0836109594 0.00470903749 0.389868796 0.0886788666 0.00788303465 0.388555199 0.0845502988 -0.00741425855 0.399764001 0.0941444486 -0.00468666432 0.402626395 0.0937374234 0.000671550806 0.400749594 0.0993862972 0.00494669238 0.397414386 0.0890558064 0.017062705 0.392964005 0.0739748776 0.0173157677 0.387383997 0.0353889987 0.0179980714 0.388211995 0.0368195511 0.0164383873 0.386747986 0.035270445 0.0154315913 0.386355191 0.0355683751 0.0153661361 0.386088014 0.0342268012 0.0136141069 0.385178387 0.0315796621 0.0145495394 0.385534406 0.0327957906 0.00821393915 0.375435203 0.0281202495 0.0129736541 0.384652793 0.028345624 0.012022174 0.384137601 0.0243990086 0.00971218385 0.382459193 0.0145045323 0.025418153 0.385440797 0.0385939553 0.0221548732 0.388867974 0.0372768752 0.0087879505 0.373424798 0.0288004652 0.0100658415 0.371904016 0.0290908124 0.0230148677 0.372743994 0.0208464395 0.0245615914 0.378335208 0.0289618447 0.0135158654 0.369706392 0.0262242053 0.0189123582 0.369229585 0.0214479417 0.0091990456 0.389658391 0.0855145529 0.00946467649 0.394635201 0.0919150934 -0.00302755088 0.391928792 0.0914724395 0.00684737368 0.38916719 0.0864776224 0.000399421377 0.392266393 0.0975485072 -0.00107530667 0.392767191 0.0988232344 0.0043637557 0.392640799 0.095470041 0.00134049577 0.39254719 0.0982695073 0.0075934967 0.390138388 0.0878836215 -0.00937621389 0.397401601 0.103566073 -0.00602613622 0.404058397 0.0954272822 -0.0073582097 0.403367192 0.101317562 -0.00151389628 0.402171195 0.10162501 0.000647427281 0.401005596 0.101966865 -0.00145018368 0.402133584 0.10017512 0.00213801535 0.399928808 0.100250594 0.00635040179 0.397708803 0.0955679938 0.00597110763 0.397533596 0.0906472951 0.00848927721 0.396875203 0.0883923098 0.010980499 0.396247208 0.0861387402 0.0118093612 0.396335989 0.0827039853 0.0176998936 0.387196004 0.0340561643 0.0165517554 0.386404008 0.0335885957 0.019318549 0.387506396 0.0324778482 0.0162738059 0.384340793 0.0277479179 0.00631744741 0.374076813 0.0253296103 0.00643674564 0.3726888 0.02649194 0.0142590282 0.385051191 0.0208097678 0.0159204379 0.38522318 0.0224881545 0.0125124026 0.384343207 0.022590505 0.013243637 0.384768814 0.0217618104 0.0165131353 0.3838664 0.0247866735 0.00813854672 0.378752798 0.0177437942 0.0133620165 0.385383189 0.014967666 0.00982461218 0.382486403 0.0132859098 0.00904030725 0.380499989 0.0154125663 0.0234107655 0.385576814 0.0264194701 0.0250956845 0.376960784 0.0173023213 0.0253588501 0.3805224 0.0192303024 0.0246000346 0.375463188 0.0172081981 0.00787114725 0.372262388 0.0277342182 0.00723425206 0.371713609 0.0265689511 0.0216932409 0.371158391 0.0193635728 0.0230003241 0.372763991 0.0190704893 0.0168914739 0.368933588 0.0205143746 0.0139119076 0.369076788 0.021758331 0.0103650074 0.369790405 0.0242417566 0.0184931457 0.369210392 0.0197721422 0.0200523436 0.370217592 0.0187199377 0.00654471386 0.392806411 0.0948218778 0.00743586384 0.396009594 0.0973162279 -0.00300362916 0.394822389 0.104741581 -0.00764691923 0.3953816 0.10452725 -0.00226771226 0.394202381 0.10287635 -0.00148315053 0.393596798 0.10130702 0.00569785014 0.392934412 0.095098488 0.00606893701 0.393337607 0.0952284783 0.0015710257 0.393561602 0.100183874 0.00522223162 0.392485619 0.0949493051 0.00031798752 0.394098401 0.101843946 -0.00959316548 0.398699999 0.113856047 -0.0109844264 0.400776803 0.113009684 -0.0091619594 0.397700787 0.110569246 -0.00831333641 0.404071987 0.11374253 -0.00715428451 0.403347999 0.106322512 -0.00725448783 0.403264791 0.1033305 -0.00393157778 0.403475195 0.10039442 -0.0029438131 0.403045595 0.100384019 -0.00475418428 0.403730392 0.101432294 -0.00590052642 0.403612792 0.101475254 -0.00399821158 0.403461576 0.102973968 0.000671712158 0.401272804 0.104344808 0.00192274165 0.400273591 0.102773063 0.00546505302 0.398490399 0.112729095 0.00728273951 0.39736402 0.0914437547 0.0186046325 0.386956811 0.032490246 0.0172762033 0.385760009 0.0305338055 0.0183533225 0.385648012 0.0291444845 0.019815892 0.387084812 0.0307577122 0.0172302723 0.384826392 0.0278958026 0.00727664586 0.377010405 0.0193644948 0.00632172916 0.37255761 0.0253765006 0.00674983207 0.373559207 0.021778293 0.0165496003 0.385677576 0.0159033407 0.0170505699 0.385251999 0.0216892306 0.0170659889 0.384553581 0.0230326131 0.0179060064 0.384776801 0.0259481445 0.0180004425 0.384715199 0.0228294358 0.00787393469 0.376259208 0.0176217221 0.0132974721 0.384884804 0.0124920169 0.0147829736 0.385207176 0.0129420748 0.0119417636 0.384271204 0.0123285288 0.0123443641 0.383280009 0.0114479214 0.0109451981 0.382172793 0.0120464461 0.0118126227 0.378193617 0.0115961991 0.0198930986 0.386609584 0.0290027298 0.0197685584 0.38573122 0.025267696 0.0198338274 0.386133581 0.0271865875 0.0189694092 0.385296792 0.0221399572 0.0195825677 0.385416001 0.0234515499 0.0229665525 0.383388013 0.0185395386 0.0194060691 0.385112792 0.0195349772 0.0249132086 0.380296797 0.0181637015 0.0241678879 0.377069592 0.0167823341 0.024025809 0.381468803 0.0181993917 0.0228610169 0.372768015 0.0175954849 0.0225604288 0.374057591 0.0169496778 0.0234842822 0.375564814 0.016716212 0.00856947713 0.370619178 0.0249034204 0.0160171892 0.369331986 0.0201415531 0.0144602833 0.369618416 0.0205686633 0.00900752656 0.370603204 0.0232000016 0.0175357163 0.370893598 0.0183904618 0.0165336784 0.369979203 0.0191326998 0.0201100446 0.371572018 0.0176741686 0.00640631653 0.394109607 0.0966885015 -0.00161444 0.395604789 0.108164258 -0.00316261034 0.395333588 0.107968681 -0.00480028614 0.395140797 0.107735813 -0.00116363855 0.39515999 0.105661504 -0.00445317058 0.395665586 0.110570565 -0.00698357634 0.39723441 0.114013188 -0.000571397308 0.394564807 0.103664987 0.00131912774 0.395043194 0.103966765 -0.00837665331 0.398935199 0.117719218 -0.0100092189 0.405155182 0.118135966 -0.00977777131 0.405326396 0.125122935 -0.00855646096 0.405525595 0.117493257 -0.00729788234 0.404684782 0.113532558 -0.00739084836 0.405386388 0.115769647 -0.00544829341 0.403609604 0.106198341 -0.00567923859 0.403910398 0.109703973 -0.00372181833 0.403559208 0.10579206 -0.00127356686 0.402614385 0.106775098 0.00202208268 0.400488794 0.105344579 0.00119271479 0.401468784 0.10753797 0.00208282773 0.401526392 0.110974282 0.000638929079 0.39546001 0.10597194 -0.003015202 0.3957192 0.110790685 0.000148309657 0.395876795 0.10840337 0.00899867713 0.399071217 0.121799596 0.00348724518 0.397047192 0.120274074 0.00231790659 0.397015989 0.117161877 0.00324052549 0.401989579 0.115551412 0.0187965892 0.385596782 0.0274512637 0.00764797255 0.372089595 0.0224503353 0.00746772159 0.371525615 0.0238362104 0.00793386437 0.372768015 0.0211496204 0.0181273278 0.385258406 0.0213742126 0.0182168912 0.384937614 0.0148743531 0.0093931118 0.37562561 0.0163707025 0.0102010537 0.376434386 0.0142302569 0.0150494808 0.38376081 0.0118502956 0.0137636475 0.380479217 0.0109955706 0.015286956 0.382254392 0.0110859908 0.011685662 0.376868814 0.0126431314 0.0130996034 0.378377587 0.0115155559 0.0218353309 0.382190406 0.0166205317 0.0206929874 0.381591201 0.0151823871 0.0229250863 0.380360812 0.0170896668 0.0219357572 0.375624776 0.0165687744 0.0216056816 0.379785597 0.0157851018 0.021273179 0.372648805 0.0172796864 0.0207599197 0.37416482 0.0168540236 0.0110147521 0.370614409 0.0215912778 0.0151788127 0.370462418 0.0194576364 0.00920507684 0.371327192 0.021758141 0.0186383817 0.371984005 0.0176775809 0.0162163749 0.37152639 0.0186006967 0.00123714784 0.396561593 0.12308751 0.000286848983 0.397023201 0.125855789 -0.00596048543 0.39766562 0.117683046 -0.00705741579 0.398391187 0.118194781 0.00115088141 0.397171199 0.128168568 -0.000511583872 0.40202719 0.135725126 -0.0060498314 0.408915997 0.124968819 -0.00744481198 0.408895999 0.12544696 -0.00583200715 0.407155186 0.120833121 -0.00536806136 0.404935211 0.113770798 -0.00447626831 0.405951977 0.118310675 -0.00353590283 0.403903186 0.109484136 -0.000649378402 0.402898401 0.110415176 0.0003051151 0.403505594 0.115025222 0.000629756425 0.396689594 0.117297001 0.0108363302 0.401219994 0.129594371 0.00913194194 0.396584004 0.126191556 0.0115697216 0.398518413 0.128155529 0.00548777357 0.395972013 0.128741622 0.00182253227 0.396751195 0.120267928 0.00161851523 0.403919995 0.119364344 0.0117474459 0.375436783 0.0139740929 0.0146123935 0.378518403 0.0117305424 0.016298281 0.38030079 0.011945528 0.017946871 0.375348806 0.0160457548 0.00297257816 0.396316797 0.12753965 0.000549972872 0.40116322 0.136098295 0.000186874153 0.403143197 0.136316493 -0.00316756614 0.409327209 0.131725878 0.00140082347 0.406029582 0.125549853 0.000130700879 0.407842398 0.127359435 -0.000394660281 0.409184813 0.129005909 -0.00218503643 0.410189599 0.131046832 -0.00158928498 0.405400008 0.118934326 -0.0026543322 0.404630393 0.114350595 0.00338695291 0.405555993 0.12749736 0.00232969853 0.407286406 0.130113751 0.00364414742 0.406402409 0.131585285 0.0047982973 0.404965609 0.133240581 0.0111686448 0.397734404 0.132806614 0.00343254465 0.398656815 0.136183113 0.00570023432 0.39816159 0.136180103 0.0158530213 0.378414392 0.0124474736 0.00193872873 0.40183118 0.137395874 0.000483968644 0.405443192 0.135635599 0.00229450269 0.408125609 0.132912621 0.00180977851 0.406839997 0.128127009 0.000953971699 0.408928007 0.131090298 0.00243304437 0.407760799 0.131596729 0.00474784849 0.399475217 0.137290016 -0.0089277029 0.386811197 -0.112497523 -0.0100642424 0.385346413 -0.112465791 -0.00801371876 0.385999203 -0.111123748 -0.00728203123 0.388701588 -0.112825155 -0.0101523194 0.385821581 -0.113447644 -0.00777393905 0.389359206 -0.114995219 -0.00874605682 0.3830024 -0.109868109 -0.0101358574 0.38147679 -0.110538669 -0.0106590828 0.383992791 -0.112635128 -0.00684065139 0.384081602 -0.109381586 -0.00478354376 0.385010391 -0.109065585 -0.00321519352 0.3907336 -0.113333091 -0.00277971057 0.385975212 -0.109054595 -0.00416545989 0.391225576 -0.115653291 -0.0109082013 0.384381592 -0.113918535 -0.0092961248 0.388015181 -0.115755901 -0.00815209001 0.389524817 -0.116625436 -0.00673823897 0.390573621 -0.117234655 -0.00663293246 0.378703207 -0.110666811 -0.0083396351 0.379095197 -0.110887252 -0.011330327 0.379781604 -0.111273661 -0.0112251453 0.383269608 -0.113431148 -0.00488610053 0.381611198 -0.109832674 -0.00284485798 0.382234395 -0.109992206 -0.00060529192 0.387020797 -0.109228946 0.00221727579 0.392140806 -0.114502095 0.000814477564 0.389927208 -0.111850828 -0.00119680795 0.391908795 -0.117002107 0.00169481011 0.392475992 -0.117451414 -0.000830900797 0.383233607 -0.110133357 -0.00487764366 0.39139998 -0.118018202 -0.00203361199 0.392026395 -0.119526297 -0.0111635104 0.382835209 -0.114937745 -0.0118822483 0.380835176 -0.114409775 -0.0102621485 0.384736776 -0.116193637 -0.00909739081 0.386530399 -0.117372341 -0.00753471628 0.388324797 -0.118660592 -0.00656798296 0.387447983 -0.120930113 -0.00236386224 0.389549613 -0.122815862 -0.00454214774 0.388628006 -0.12182343 -0.00316908862 0.379127204 -0.110778928 -0.0119889239 0.371544003 -0.115659148 -0.0064098821 0.374080777 -0.114213116 -0.00418632757 0.377323985 -0.111436613 -0.00934104063 0.378521591 -0.111124933 -0.0117168613 0.37566638 -0.113178618 -0.0130849984 0.375115991 -0.113695122 -0.0131374327 0.377097607 -0.112769961 -0.0125092743 0.3795968 -0.113612078 -0.012499718 0.378714412 -0.112726636 -0.0128938388 0.378863215 -0.115484193 0.00151464157 0.381287217 -0.111286372 0.00431973068 0.385819197 -0.110652365 0.00482644932 0.38906002 -0.110308699 0.00349709648 0.390822411 -0.112530887 0.00543084182 0.391782403 -0.11721313 0.00350850751 0.392342389 -0.1192654 0.014484969 0.387738407 -0.115970619 0.00536428578 0.391566396 -0.125369072 0.00167301029 0.391131192 -0.123907439 0.00646862574 0.392547995 -0.123429142 -0.000800436595 0.391030401 -0.121980347 -0.0110514443 0.381647199 -0.116558358 -0.0128612313 0.378188014 -0.11671862 -0.00994496606 0.383603215 -0.117998652 -0.00871409569 0.384186387 -0.120811939 -0.00638873177 0.384989619 -0.127663553 -0.00835485384 0.383491993 -0.126028717 -0.00288634864 0.382744789 -0.139952615 0.00175469695 0.387408793 -0.131231859 -0.00218853168 0.377707988 -0.111851275 -0.00835750904 0.371539205 -0.116446093 -0.0144361323 0.370505601 -0.116364576 -0.0163134132 0.365026385 -0.120022289 -0.00958060659 0.369178414 -0.118709363 -0.0118736448 0.373999208 -0.11402151 -0.0136849014 0.372906387 -0.114890307 -0.00428886246 0.373763204 -0.115066022 -0.00313507696 0.375944793 -0.113020077 -0.0149070034 0.374808788 -0.113982886 -0.0140818544 0.376282394 -0.114030138 -0.0138563821 0.376999199 -0.115897819 -0.0134247374 0.377732784 -0.114009768 -0.0140574612 0.376198411 -0.118525803 0.00618013414 0.381353617 -0.113085769 0.00381867657 0.38258639 -0.111425176 0.00227887416 0.379701614 -0.112580672 0.00656169979 0.383454412 -0.111681566 0.00710921921 0.386545599 -0.111109979 0.0058740424 0.392256796 -0.120372482 0.00796198752 0.392241597 -0.121231765 0.00996439625 0.392163187 -0.122012921 0.018465681 0.391304791 -0.122709975 0.0126664015 0.385686398 -0.114305355 0.016934447 0.387571216 -0.116945878 0.00377735938 0.39081201 -0.1257305 0.00685229851 0.390998393 -0.12662597 0.00336931832 0.388119996 -0.130071223 0.01083552 0.392307192 -0.125128001 0.00981646776 0.391343206 -0.126554757 0.00768561149 0.391552806 -0.125705332 -0.0126370927 0.378035188 -0.119752802 -0.00924057793 0.382773608 -0.122380041 -0.0077201291 0.383412004 -0.129556641 -0.00592326326 0.383515984 -0.135434255 -0.00751791429 0.38274321 -0.134032845 -0.00764272828 0.383098394 -0.13196592 -0.0109666307 0.378987193 -0.131405503 -0.00482030911 0.382918388 -0.138107061 -0.000313734548 0.381935984 -0.139999568 0.000482752221 0.384692788 -0.136855081 -0.00295967399 0.381616801 -0.141119346 -0.00478751864 0.381091982 -0.14216733 0.00552480016 0.383783996 -0.128589258 0.004731033 0.382867992 -0.129957318 0.00799200777 0.385549605 -0.127284631 0.00260260748 0.38413918 -0.132690102 -0.006776514 0.366740793 -0.122238263 -0.0180746447 0.362202406 -0.121569239 -0.0166440997 0.359452814 -0.123551324 -0.018712569 0.365879178 -0.118381724 -0.0134974513 0.361640811 -0.123437844 -0.0182664506 0.373120785 -0.114078015 -0.00221999455 0.374007195 -0.116221942 -0.00328285247 0.37185201 -0.118332133 0.00668975711 0.377880812 -0.117621206 0.00373372831 0.377805591 -0.11562714 0.00295612542 0.378798395 -0.113837823 -0.0236090217 0.369899184 -0.120029166 -0.0163116176 0.374065608 -0.116829835 -0.0134866387 0.376419187 -0.12239635 0.00506801996 0.379829615 -0.113998301 0.00661413511 0.380043209 -0.114544749 0.00819870085 0.380209595 -0.115012161 0.0105269207 0.382089615 -0.113958478 0.00935466867 0.384171993 -0.112161435 0.0159985758 0.391769588 -0.126858667 0.0133800125 0.392044783 -0.126006573 0.0173307583 0.391614407 -0.124631584 0.0201890115 0.3909536 -0.122993611 0.0197343342 0.389315993 -0.120363258 0.0214866493 0.391117603 -0.126003504 0.0133960936 0.383569598 -0.114169471 0.0159465354 0.383445621 -0.115540072 0.0220082253 0.387371182 -0.118698813 0.020234732 0.385113597 -0.117751963 0.0220629033 0.389052004 -0.121153094 0.00696490984 0.389526397 -0.128659725 0.0126626417 0.391230404 -0.127094105 0.0117042186 0.390215993 -0.128583297 -0.012716678 0.376951218 -0.125980809 -0.00629724655 0.382502407 -0.136931688 -0.00982276071 0.380243182 -0.134722471 -0.00861118641 0.379632801 -0.139364675 -0.0140482457 0.371471196 -0.135223582 -0.0122059425 0.376505613 -0.130628586 -0.0109663485 0.378825605 -0.133406416 -0.012383692 0.376772791 -0.128506273 -0.0072327205 0.379600793 -0.142138407 0.00038544886 0.382495195 -0.139388174 -0.00248077326 0.37963438 -0.142075166 -0.00373194367 0.380432814 -0.142323449 0.00114583957 0.381890416 -0.139196858 0.000541449699 0.380998403 -0.139871463 4.51299711e-05 0.379874408 -0.140337408 0.00492801843 0.381141603 -0.13574928 0.00475091534 0.381443202 -0.134426862 0.00317768124 0.382229596 -0.136928886 0.00255464343 0.3835648 -0.133818567 -0.00584587548 0.379720002 -0.14347212 -0.00639348989 0.379658401 -0.143103704 0.00581221189 0.3808088 -0.128428593 0.00861509237 0.382251978 -0.125437215 0.00744029973 0.380266398 -0.125346184 0.00653432449 0.379848808 -0.127126932 0.0043827733 0.382183999 -0.131161273 0.00540965749 0.379859209 -0.129692644 0.00925296731 0.384053588 -0.125957042 0.0119329654 0.382828802 -0.124704733 0.0126320599 0.384476781 -0.125956863 -0.00922633428 0.362863183 -0.124207415 -0.00653507095 0.363152802 -0.125262827 -0.00386771606 0.365003198 -0.125589192 -0.0021425283 0.370715201 -0.121311307 -0.0183379203 0.357148796 -0.124502935 -0.0197650753 0.363690376 -0.119757824 -0.0140823536 0.356470406 -0.126228303 -0.0267415084 0.372090399 -0.107222743 -0.0255539659 0.375685602 -0.106814258 -0.0270954147 0.374665618 -0.107929625 0.00072215742 0.374540001 -0.118117854 0.00593190407 0.378875196 -0.115713969 0.0052910666 0.377083182 -0.120855004 0.0113066426 0.378619999 -0.119841948 -0.0609766357 0.363411188 -0.106589876 -0.0218123309 0.36932078 -0.126842707 0.00997333135 0.380382419 -0.115530521 0.00981298182 0.379211992 -0.117268853 0.011858806 0.380475193 -0.116178185 0.015328113 0.382147998 -0.11594595 0.0145942951 0.390176803 -0.129079401 0.0184191689 0.391553611 -0.127593204 0.020870395 0.389725596 -0.131579399 0.0220454931 0.390608788 -0.12361344 0.0205886699 0.391268015 -0.128351942 0.0238832477 0.389932007 -0.130203113 0.0222885553 0.390704781 -0.129283726 0.0238418598 0.389901608 -0.124512739 0.0247958805 0.389627218 -0.127825916 0.0209796093 0.382632017 -0.118161112 0.023041822 0.3845568 -0.119048007 0.024213288 0.387254387 -0.119587176 0.0255885106 0.38907519 -0.125421226 0.0152902864 0.387052 -0.127955347 -0.0100271488 0.379422396 -0.136565357 -0.0107342387 0.376209617 -0.142324626 -0.016737245 0.370672792 -0.133345142 -0.0156240612 0.370823979 -0.135437936 -0.0152522726 0.368604779 -0.13908188 -0.0131821716 0.370432019 -0.139457285 -0.00925576035 0.376944005 -0.143107012 0.00221503782 0.382048815 -0.138121068 -0.00593506498 0.37703681 -0.144734204 -0.00343326968 0.378218412 -0.143005386 0.00169954111 0.378789604 -0.13926962 0.00392190833 0.380974412 -0.137137786 0.00544815464 0.379683197 -0.13128908 0.00565381441 0.378934383 -0.13601613 0.00608993601 0.379066408 -0.135328621 0.00456722267 0.381731182 -0.133370399 0.00442364393 0.381888807 -0.132414177 -0.00704355678 0.377695203 -0.144881323 0.00579208834 0.376975179 -0.12823604 0.00899787247 0.381092787 -0.124658823 0.0102554876 0.382711202 -0.124712773 0.0108068502 0.380473614 -0.123262241 0.0065233591 0.378378391 -0.125886723 0.00923286565 0.379909605 -0.123585433 0.00748240715 0.379125595 -0.123973295 0.00615711976 0.377132803 -0.130324721 0.0136575708 0.382787198 -0.124891125 0.0141816325 0.381640792 -0.124182537 0.019688895 0.382384002 -0.127778903 0.0158793963 0.382355988 -0.125449494 -0.00622235285 0.353976011 -0.129928887 -0.00861327816 0.352003992 -0.129481241 -0.0111384271 0.354000002 -0.127929941 -0.00368699315 0.361632794 -0.128084227 -0.00265895971 0.35837841 -0.129729405 -0.00230101962 0.355316788 -0.131015807 -0.00120829442 0.363562405 -0.128627613 0.000231042752 0.367513597 -0.127579361 -0.000738975476 0.370045602 -0.124549583 0.00291365292 0.374465585 -0.123990767 0.00159563147 0.374391198 -0.120784238 -0.0166222416 0.330716014 -0.12949954 -0.0403899662 0.353095174 -0.113802619 -0.0457414612 0.3838664 -0.0896577761 -0.0341240577 0.379919201 -0.0996506661 -0.0298390109 0.377802402 -0.103232466 -0.0277077053 0.376836777 -0.105146877 -0.0666940808 0.366948009 -0.0939253271 -0.0358570479 0.379824787 -0.0996926278 -0.031991981 0.378954411 -0.101564869 0.00420942623 0.376379192 -0.121998727 0.00591762969 0.377828002 -0.123205736 0.00701099588 0.378156006 -0.121870868 0.00934671797 0.378852814 -0.121920846 0.0117597412 0.379352808 -0.117925785 0.0171040297 0.378898382 -0.121328108 0.0133514162 0.379502416 -0.121791959 0.0112871239 0.379508793 -0.121877134 -0.0542397276 0.365958393 -0.117056474 -0.067771323 0.36127919 -0.108908266 -0.0694413483 0.360051185 -0.105921119 -0.0263908487 0.373360783 -0.133985505 0.0174924918 0.381127208 -0.117934324 0.0174827836 0.379959196 -0.119468309 0.025351217 0.387584805 -0.132794693 0.0237547215 0.384351999 -0.131618202 0.0180388708 0.387085587 -0.129626513 0.025625864 0.388833612 -0.130883276 0.0203880724 0.381177604 -0.11889606 0.0236202516 0.381703198 -0.119760163 0.0252570193 0.384315997 -0.120054565 0.027996717 0.386204809 -0.121578194 0.0271087941 0.38801682 -0.126300931 0.0180238355 0.384910405 -0.12843293 -0.0117736878 0.373762399 -0.143023044 -0.0113058779 0.374495983 -0.14435786 -0.00997493975 0.374955177 -0.145136714 -0.0211341213 0.372231215 -0.135701016 -0.018217193 0.371309608 -0.136028409 -0.0166980233 0.367041588 -0.13916035 -0.016455289 0.368757606 -0.138916403 -0.0133873494 0.368968815 -0.140295759 -0.0159614421 0.365931988 -0.13969925 -0.012333083 0.370608807 -0.144826889 -0.0126474751 0.367940009 -0.146209791 -0.0131679242 0.367392778 -0.142576694 -0.00823675748 0.375147998 -0.146418527 -0.00721040973 0.374745607 -0.146267742 0.00320023601 0.373490393 -0.137819812 -0.00587414717 0.374026418 -0.145771384 -0.00241931621 0.374748796 -0.142486885 0.00372539437 0.377833605 -0.137810782 0.00562551059 0.373960793 -0.136352509 0.00603461498 0.376330376 -0.13617 0.00694456697 0.374848008 -0.131510943 0.00770494901 0.373813599 -0.132991791 0.00808323454 0.373459995 -0.134483933 0.00505896704 0.376608789 -0.125076532 0.00622429745 0.374375194 -0.130049974 0.00377569906 0.373919189 -0.127096698 0.0042116032 0.371103197 -0.129372612 0.0144435503 0.380576789 -0.123429082 0.0156455711 0.381363988 -0.124527395 0.0158421081 0.380396008 -0.123786487 0.0204205457 0.383157611 -0.129062891 0.0220774319 0.380265594 -0.127565429 0.0210471917 0.379882395 -0.125281453 0.0173949134 0.379350394 -0.123034984 -0.00766342273 0.349360794 -0.13073574 -0.00778303249 0.342758417 -0.133142322 0.00227035373 0.360383987 -0.131465569 0.0016296109 0.356784821 -0.132078692 0.000847193645 0.363877594 -0.12984179 0.00210455153 0.368668795 -0.128519297 -0.0212866683 0.322362393 -0.128328487 -0.0211032443 0.321060002 -0.131099433 -0.0620570257 0.309050411 -0.108996294 -0.0182538964 0.325808793 -0.134469599 -0.0123712728 0.331200004 -0.140387923 -0.00589697435 0.33879438 -0.141553581 -0.0809825733 0.347811997 -0.0843185186 -0.0620801374 0.379482388 -0.0836166963 -0.0520261936 0.384576797 -0.0866681114 -0.0457226485 0.385423183 -0.0900494531 -0.0458049439 0.386226416 -0.0908674225 -0.0460242033 0.386471182 -0.0924724638 -0.0488618352 0.386651188 -0.0912293345 -0.0548527054 0.385753602 -0.0890736356 -0.0578354336 0.384612799 -0.0882379487 -0.0607997626 0.3825984 -0.0875729099 -0.0684020221 0.375224799 -0.0843706056 -0.0760224015 0.365189582 -0.0841174796 -0.0776849315 0.356464803 -0.0918314159 0.0156495087 0.379499197 -0.122477323 0.020260023 0.378889591 -0.122519888 0.0206350908 0.379923195 -0.120637059 -0.0630362332 0.367506385 -0.121062487 -0.0659706965 0.36394158 -0.11628975 -0.0701857507 0.357572794 -0.108366713 -0.0696448311 0.358281612 -0.10680303 -0.0709757954 0.354691982 -0.106691718 -0.0727828667 0.354347199 -0.100806907 -0.0227189399 0.375749588 -0.139025271 -0.0449830666 0.382222414 -0.137047455 0.0289275423 0.383744806 -0.132637307 0.0284129828 0.385568798 -0.132157326 0.0280457214 0.381108791 -0.132208541 0.0257759281 0.380975991 -0.131613314 0.0273366105 0.387497604 -0.131330132 0.0279968344 0.387197614 -0.129210219 0.0287916847 0.380620003 -0.122461751 0.0285264049 0.386781603 -0.127075627 0.0307858493 0.384215206 -0.123975605 -0.0122176483 0.368359208 -0.148055017 -0.0202120841 0.371933579 -0.136962965 -0.0198634025 0.369988799 -0.139902487 -0.0194434691 0.367715985 -0.139510036 -0.0188056678 0.365200013 -0.138895199 -0.0145270927 0.364679217 -0.140465334 -0.0169450119 0.363758415 -0.13903603 -0.0122813508 0.362783998 -0.149644047 -0.0122987367 0.365606397 -0.149025872 -0.0152771818 0.362160802 -0.1397122 -0.00907218177 0.368124813 -0.150097713 0.00492992578 0.369215995 -0.137085527 0.000480722112 0.372500002 -0.140068293 0.00282480754 0.370712787 -0.138365999 -0.00310449349 0.371935993 -0.143561646 -0.00786897354 0.367721587 -0.149858966 -0.00426989188 0.368898392 -0.145724982 0.00736063719 0.372974396 -0.135641605 0.00660926197 0.371179193 -0.136045843 0.00703646336 0.372826397 -0.131263524 0.00810147263 0.371899188 -0.132499605 0.00916219968 0.370100796 -0.134208068 0.00860485528 0.370199203 -0.134922266 0.00325209461 0.36475122 -0.130901039 0.0253198054 0.379198402 -0.129197031 0.0241488088 0.3787992 -0.126424849 0.0254199076 0.378399193 -0.124569446 -0.00283966167 0.345500797 -0.137110069 0.00561517524 0.355471194 -0.134261549 0.00550235761 0.352971196 -0.13575688 -0.00327841495 0.344262391 -0.138656318 0.00393442763 0.357172012 -0.132829338 0.00436316524 0.360199213 -0.132302836 -0.0231752954 0.31742081 -0.130688921 -0.0291242171 0.30798319 -0.127070114 -0.0271425229 0.31025362 -0.130092189 -0.0205871779 0.321687996 -0.134091824 -0.0226945113 0.3177616 -0.133775264 -0.0356238261 0.294575214 -0.126672387 -0.0438840687 0.277319193 -0.126646191 -0.0615748428 0.249689594 -0.124658786 -0.0660871938 0.248459995 -0.12215744 -0.0864477158 0.318513602 -0.0914164558 -0.0748354569 0.256532788 -0.115834199 -0.0794008598 0.268719196 -0.111632645 -0.0839994624 0.285111189 -0.105273366 -0.0850935951 0.293312788 -0.10208635 -0.083496958 0.304145575 -0.0974462032 -0.0149685778 0.327881575 -0.139000058 -0.0183748882 0.324459195 -0.136713371 -0.00767408637 0.338079989 -0.143783092 -0.0220934842 0.325693607 -0.13907218 -0.0140232611 0.33260718 -0.14094238 -0.0194423255 0.324355215 -0.139174297 -0.0181223322 0.323792815 -0.138944834 -0.0117063066 0.335693598 -0.141929954 -0.00138703454 0.344884008 -0.142815709 -0.00313157169 0.345380783 -0.147247031 -0.0744769499 0.36508882 -0.0826399401 -0.0831816271 0.348985583 -0.0849640742 -0.0655965656 0.37719202 -0.0838275924 -0.0699658617 0.372790396 -0.0834860131 -0.0603170544 0.38188079 -0.0844752267 -0.057618957 0.383453608 -0.0849101245 -0.0519861169 0.385616004 -0.0874698609 -0.055047594 0.38466081 -0.0860249922 -0.0488473065 0.38570559 -0.0886438787 -0.0488213673 0.386395991 -0.089562878 -0.0519216582 0.386224002 -0.0884522572 -0.0582740903 0.384042382 -0.0857291967 -0.0612499192 0.381901592 -0.0852345452 -0.0743880346 0.353162408 -0.0975116715 -0.0776349977 0.349644005 -0.0938074291 -0.0812182203 0.343343198 -0.0916517824 0.0272951648 0.379354388 -0.123225495 -0.0597532019 0.367956787 -0.127556443 -0.064792417 0.361505598 -0.122217163 -0.0683025792 0.358350396 -0.115567893 -0.0704836994 0.356150389 -0.108939342 -0.0704108402 0.35467279 -0.108413778 -0.0658009574 0.355479211 -0.104658283 -0.0217098054 0.374243975 -0.140596837 -0.0206688903 0.38187921 -0.142973199 -0.0257501788 0.385353595 -0.141961873 -0.0486746952 0.378130406 -0.135807052 -0.0342970565 0.387088776 -0.14850989 -0.0338335522 0.389725596 -0.144397795 -0.0273143128 0.389125586 -0.14358604 0.0295441914 0.383756787 -0.131999165 0.0292895809 0.381876796 -0.132310063 0.0294237342 0.384948015 -0.131333247 0.0273621269 0.380232811 -0.131681904 0.0293346066 0.380015194 -0.131652802 0.0293260589 0.385539174 -0.1293336 0.0286439974 0.378806382 -0.123972237 0.0303949676 0.37860322 -0.124572307 0.0309692565 0.379513621 -0.124323174 0.0298690069 0.385329604 -0.127440557 0.0309917834 0.383810401 -0.1277733 0.0315775387 0.379149586 -0.125390932 0.0316549204 0.383053601 -0.125330433 0.031415645 0.383423209 -0.126356944 -0.00980975293 0.365445614 -0.151057303 -0.0214907005 0.372622401 -0.142524198 -0.022087466 0.369326383 -0.141691059 -0.0209439006 0.366006374 -0.139671877 -0.0231203102 0.35589838 -0.13193889 -0.0203160085 0.354173601 -0.132584691 -0.0116462829 0.353921592 -0.149881363 -0.0107962806 0.362756789 -0.150979593 -0.00992497709 0.359464794 -0.151359841 -0.0138258329 0.346152782 -0.142238647 -0.00899128709 0.365348816 -0.151249617 0.00497138128 0.363173604 -0.13856934 -4.17826013e-05 0.369366407 -0.141088694 0.00866354816 0.36413759 -0.135781139 0.00829422195 0.367425591 -0.135571167 -0.00582460593 0.36663118 -0.148370311 -0.00798799004 0.365099996 -0.150870636 -0.0021905934 0.367132783 -0.144270882 0.00759817893 0.370637596 -0.131962761 0.00984914042 0.366584778 -0.133872449 0.00999122392 0.366959989 -0.134439811 0.00665258942 0.361242414 -0.133153677 0.00701401848 0.363864005 -0.132617056 0.00896643102 0.366464019 -0.133091092 0.00830988307 0.368937612 -0.132557213 0.0278555285 0.378443211 -0.129035234 0.0284684747 0.377909601 -0.127069607 0.0292881858 0.377857596 -0.125548005 0.00232922635 0.348315209 -0.138414308 0.00544170383 0.357488781 -0.133258671 0.0106447237 0.35882479 -0.135957584 0.00783359725 0.353755206 -0.137317076 -0.0247597676 0.31409201 -0.133445755 -0.0301721711 0.303961605 -0.129362658 -0.0286687538 0.307075977 -0.129585952 -0.0230516084 0.316670418 -0.137972295 -0.0282476414 0.307317615 -0.13258557 -0.0207451172 0.320491999 -0.136376962 -0.0230643954 0.316858411 -0.135943249 -0.0409354381 0.283351183 -0.13361074 -0.0328531489 0.298240006 -0.133325174 -0.0419139713 0.278386384 -0.128805876 -0.0451624542 0.267209589 -0.129383132 -0.0470186993 0.264292806 -0.128915623 -0.0672417805 0.247452796 -0.122460179 -0.0662090331 0.247088805 -0.126104265 -0.0627992153 0.248641595 -0.127665326 -0.0572889931 0.253202409 -0.129430518 -0.0510336198 0.259414405 -0.129337132 -0.0720552802 0.250729591 -0.11876075 -0.087046355 0.31503281 -0.0942329615 -0.0852370635 0.307634383 -0.0958882943 -0.0867548957 0.314556003 -0.092801556 -0.0788026899 0.265211195 -0.113045983 -0.0771744251 0.257035196 -0.117425792 -0.0743479282 0.252315998 -0.118710831 -0.080355376 0.268869609 -0.112258621 -0.084942922 0.293903202 -0.103245236 -0.0831560045 0.281571984 -0.108173892 -0.0854899809 0.30392319 -0.0970617309 -0.086071752 0.303835183 -0.097811453 -0.0863079354 0.311371207 -0.0963922217 -0.0071161883 0.3450616 -0.146758482 -0.0132430103 0.337032795 -0.142185181 -0.0462436415 0.299036801 -0.1228135 -0.0232649017 0.33575359 -0.129665226 -0.0291010346 0.314688802 -0.136061683 -0.0230861567 0.32109201 -0.138514102 -0.0146648381 0.343303204 -0.14111346 -0.0242103804 0.316988796 -0.137922496 0.00512840925 0.349334389 -0.146023497 -0.00843192451 0.352065593 -0.151059166 0.00195153919 0.349591196 -0.149819896 -0.0846689194 0.325907201 -0.0936936662 -0.0760078132 0.348115206 -0.0943628028 -0.0595208928 0.354455203 -0.103921376 -0.0698491558 0.351375192 -0.0972868577 -0.0723722652 0.342398405 -0.0948993415 -0.0624263734 0.358220816 -0.123273581 -0.0578956082 0.364156008 -0.128288627 -0.0471627153 0.377176791 -0.137715966 -0.0657166243 0.355175197 -0.118069433 -0.0583587401 0.358950377 -0.112697221 -0.0585188493 0.357584804 -0.107874326 -0.0199734531 0.381048799 -0.144353852 -0.0164452959 0.389151216 -0.144551426 -0.0207613483 0.39237839 -0.144513607 -0.0450457484 0.371375203 -0.132733479 -0.0264870804 0.389903188 -0.155235276 -0.0254757125 0.369284809 -0.143904224 -0.0241460651 0.375733614 -0.148943797 -0.0238287095 0.38556242 -0.15631938 -0.020424936 0.395341605 -0.150934115 -0.0192813892 0.395558387 -0.152951688 -0.0168932602 0.392849594 -0.164664716 -0.0242788699 0.393444002 -0.146055758 -0.0192548856 0.395521611 -0.148655236 0.0298866313 0.381875992 -0.131660596 0.0307992902 0.380899996 -0.130726978 0.030467296 0.38392961 -0.129460141 0.0295610316 0.378938407 -0.13013944 0.0303444639 0.380444795 -0.131202489 0.0306431968 0.379788011 -0.130122781 0.0308592096 0.377866387 -0.125763953 0.0309887044 0.382203221 -0.129505113 0.0318945274 0.38171041 -0.126734674 0.0309815444 0.378564 -0.126968533 0.0316744857 0.379708797 -0.12678203 -0.00922365207 0.362590402 -0.151937187 -0.0232741944 0.37048161 -0.143428624 -0.0208109114 0.376616806 -0.147796705 -0.0206850246 0.375936002 -0.144390464 -0.0370614156 0.356408805 -0.121906884 -0.0308672059 0.347347975 -0.124441259 -0.02277188 0.350217581 -0.129326075 -0.0221184585 0.345443994 -0.129489735 -0.00795520935 0.359376788 -0.152427182 -0.00527385157 0.356163204 -0.152351424 0.00286795222 0.3646456 -0.139927223 0.0052391449 0.360231996 -0.139559388 0.00700651528 0.362164021 -0.137500599 0.00111266156 0.363304794 -0.14217326 0.0106110992 0.364023209 -0.134904817 0.00898234826 0.361184001 -0.136702001 0.00995460246 0.361506402 -0.135919705 -0.00376685266 0.365054399 -0.146996513 -0.00763271376 0.362423182 -0.15152581 -0.00408882322 0.362835199 -0.148552045 -0.00442711869 0.359056801 -0.150717393 -0.00112763979 0.364187986 -0.144346341 0.0104820346 0.363695979 -0.134407684 0.00979004987 0.361488819 -0.134316474 0.0298371539 0.378229618 -0.128511712 0.00720747327 0.350387216 -0.141186997 0.0104058739 0.356799215 -0.137424588 0.0108676655 0.358986378 -0.136313617 0.0108816745 0.361412793 -0.135531336 0.0105940755 0.361237615 -0.135104015 0.00990027469 0.354926407 -0.138792455 -0.0311911926 0.301477581 -0.132279396 -0.029713029 0.304278404 -0.132108584 -0.0306785665 0.3038176 -0.136866212 -0.03192297 0.304271996 -0.13721703 -0.0276814643 0.314110398 -0.137230098 -0.0343736447 0.298448801 -0.134855643 -0.0501460359 0.263137579 -0.131261781 -0.0482403189 0.27980721 -0.131682068 -0.0362685658 0.298579991 -0.135872751 -0.0442077294 0.269764006 -0.13173455 -0.0318439826 0.300987989 -0.135094672 -0.0467271656 0.264447987 -0.130223125 -0.0710047856 0.247708812 -0.123147957 -0.0689559355 0.246661603 -0.124763943 -0.0730284229 0.249188006 -0.12155503 -0.0686099827 0.247423992 -0.125937581 -0.0659555048 0.248088807 -0.127344087 -0.0642838702 0.249693602 -0.128349707 -0.0650564581 0.270709604 -0.123132698 -0.0687333494 0.250828803 -0.127186477 -0.0506688543 0.260123998 -0.130556256 -0.0863776281 0.307453603 -0.0959404707 -0.0785165355 0.262581587 -0.116697967 -0.0753218532 0.253124803 -0.121019989 -0.0753510669 0.252583206 -0.119652964 -0.0837487951 0.290472001 -0.106054299 -0.0764172003 0.259472013 -0.12043722 -0.0518451184 0.342337608 -0.112059228 -0.0364137515 0.302300811 -0.134820879 -0.0331523679 0.3048096 -0.136752188 -0.0253165681 0.317352802 -0.137756765 0.00755743403 0.351755977 -0.145194575 0.00945070758 0.352885604 -0.14227964 -0.000499341229 0.353380799 -0.150860906 0.00239592697 0.351692796 -0.149796888 -0.0687701628 0.348026395 -0.0962631106 -0.0521223173 0.364223212 -0.122943439 -0.0511666983 0.371203184 -0.132799968 -0.0143854646 0.386942387 -0.146381453 -0.0192085691 0.380054384 -0.146194607 -0.0137513122 0.390782386 -0.145042092 -0.0133059425 0.389260799 -0.145665661 -0.012684173 0.395217597 -0.144051343 -0.00913496129 0.39273119 -0.145050779 -0.0202006139 0.386751175 -0.160324007 -0.0225364491 0.3757824 -0.148512498 -0.02055097 0.382348001 -0.155554578 -0.0153893502 0.396769613 -0.154062197 -0.0171633158 0.396435201 -0.150952995 -0.0137546882 0.395020008 -0.166585848 -0.013655304 0.39710319 -0.155548021 -0.0093102986 0.397468001 -0.166385531 -0.0145963132 0.392172813 -0.165985629 -0.0131492764 0.397287995 -0.145369425 -0.0154870488 0.396817595 -0.148600578 0.031178534 0.380592793 -0.129749924 0.0308644455 0.379104793 -0.128590092 0.0319140665 0.380892009 -0.127561793 -0.018723391 0.381759197 -0.153856501 -0.00628987094 0.359364003 -0.151962742 -0.00396728469 0.356187999 -0.151716411 0.00747025339 0.359548002 -0.138443097 0.00328863319 0.358709604 -0.14214015 0.000969192188 0.36063838 -0.143507868 -0.00152077852 0.361520797 -0.146031916 0.000880497741 0.357692808 -0.145179793 0.00999336131 0.355109602 -0.139238775 0.00816802587 0.357336789 -0.139582112 0.00986380409 0.355341583 -0.139923632 0.00858651754 0.3554416 -0.140868843 -0.0333746113 0.301288813 -0.136553332 -0.0346892104 0.301760793 -0.136422724 -0.0465220958 0.265424788 -0.131189361 -0.0747614652 0.253584802 -0.122459188 -0.0684120134 0.248475999 -0.126908228 0.00733625097 0.353852808 -0.143466547 0.00524052745 0.352744818 -0.14648211 -0.000527262455 0.354616791 -0.149835587 0.00269737584 0.35351038 -0.147886589 -0.00639100419 0.390286386 -0.151984036 -0.00898529403 0.389955997 -0.146830276 -0.0137391435 0.386504799 -0.148487538 -0.00880298298 0.39133358 -0.145959005 -0.00543056382 0.396757603 -0.141801298 -0.00710810814 0.393369585 -0.14477025 -0.0177186225 0.383215189 -0.156471968 -0.0141054485 0.390390396 -0.165357158 -0.0117437216 0.398119986 -0.15083757 -0.0133917201 0.397594392 -0.14899905 -0.0109714884 0.392595202 -0.166785091 -0.0080658393 0.398775995 -0.158332244 -0.00997167733 0.398135185 -0.156127989 -0.0124844005 0.397668004 -0.154369622 -0.00125604426 0.398293614 -0.164768219 -0.0061359168 0.399527997 -0.156892464 0.000665350177 0.400795996 -0.163652107 -0.0100214742 0.398524791 -0.149961144 -0.00931505486 0.398442388 -0.144415751 0.00674097566 0.35567522 -0.141983688 0.00400697067 0.356351197 -0.14345172 0.00175453315 0.355254412 -0.146679893 0.00475948537 0.354391217 -0.145029932 -0.00431551505 0.391496003 -0.151307002 -0.00726426626 0.389403194 -0.155132547 -0.0059474716 0.39145121 -0.147411034 -0.00534946006 0.392656803 -0.146403521 0.00365295936 0.3972224 -0.138730466 -0.00277976971 0.399132788 -0.1414662 -0.00562184956 0.39950639 -0.143269643 -0.000764775381 0.398126394 -0.139719561 0.00116026599 0.397516012 -0.139281601 0.00223138114 0.394879997 -0.144283623 -0.00801834743 0.390874386 -0.161628261 -0.00909726601 0.398699194 -0.152044132 0.000213574851 0.394156814 -0.158621624 -0.00783056393 0.3988792 -0.154610947 0.00963540096 0.400684804 -0.158899754 0.00250695692 0.395051986 -0.1576543 -0.00369592267 0.400867194 -0.149771094 0.00498420326 0.402908802 -0.15866518 0.00296127191 0.403019994 -0.15029639 0.00859291106 0.403003216 -0.158956289 -0.00814045873 0.398979187 -0.146836638 -0.00731114764 0.399493575 -0.148988932 -0.00416530157 0.391983986 -0.14850463 -0.00242524361 0.392416805 -0.150451809 -0.00613000477 0.390895993 -0.157912925 -0.000849471369 0.392810404 -0.152611166 -0.00133228733 0.392962396 -0.156048447 -0.00343104126 0.392071992 -0.156876668 3.12544239e-06 0.39407599 -0.145800009 0.00552628329 0.397678375 -0.138136581 0.00445589982 0.395755202 -0.142441094 -0.00384340272 0.399852008 -0.142930582 0.00584917003 0.399720788 -0.137950689 -0.000932348252 0.400395989 -0.141835853 -0.00128818012 0.402168781 -0.146442518 -0.0041688839 0.400778413 -0.146803603 -0.00284873438 0.4014768 -0.146837473 0.00417994428 0.395245582 -0.146016747 0.000859482039 0.393877596 -0.155177906 0.0131353177 0.399667978 -0.15242365 0.014731532 0.400674403 -0.15371035 0.0146343941 0.401534408 -0.154315308 0.0114366328 0.398647189 -0.150386676 0.00363915204 0.394787997 -0.149710581 0.00132777565 0.393770397 -0.151315495 0.00604339736 0.395832002 -0.147639349 0.00991726108 0.397722393 -0.147946373 0.00264255423 0.403156787 -0.148238361 0.000466918427 0.402790397 -0.146272883 0.00493441848 0.403661609 -0.14794229 0.00733069377 0.40412721 -0.144336 0.0154100629 0.40509522 -0.14561902 0.0158053208 0.40437758 -0.152422979 -0.000291258882 0.393429607 -0.149133787 0.0112889055 0.400130391 -0.137786791 0.00734631391 0.397824794 -0.138354555 0.00690636551 0.396806389 -0.140798897 0.00834370311 0.396766394 -0.145526379 0.00873310771 0.3972224 -0.142188668 -0.000518357905 0.401628792 -0.143581793 0.0115167126 0.402527213 -0.139020264 0.0013759759 0.40193522 -0.142806679 0.00369904307 0.403320789 -0.143776894 0.0070022461 0.403956801 -0.143533677 0.0020774568 0.403255999 -0.145319551 0.0149231125 0.400170386 -0.150552362 0.0183123816 0.402707994 -0.15001525 0.0101680011 0.397343993 -0.14384079 0.00241815532 0.403360009 -0.146065593 0.0123855695 0.403157592 -0.139981747 0.00444527715 0.403691202 -0.144589856 0.017104283 0.404332012 -0.151416481 0.0185656212 0.403277606 -0.146577358 0.0180692561 0.403360009 -0.143256694 0.018088337 0.403720796 -0.149985835 0.0133702224 0.402174383 -0.138794437 0.0144648086 0.399643183 -0.139769971 0.0146102477 0.401065588 -0.139048561 0.0132791754 0.401079178 -0.138331011 0.0111375973 0.397611201 -0.142946571 0.0188308917 0.402297616 -0.146646261 0.0185563527 0.401784778 -0.143269449 0.0148707675 0.399592787 -0.146817863 0.0133310482 0.398687214 -0.144598335 0.0145823248 0.401862383 -0.139142171 0.0167966653 0.402023196 -0.140939906 0.0147881433 0.399288803 -0.143186718 0.0167848337 0.400768787 -0.141170844 -0.00801371876 0.385999203 0.111123748 -0.0100642424 0.385346413 0.112465791 -0.0089277029 0.386811197 0.112497523 -0.00684065139 0.384081602 0.109381586 -0.00874605682 0.3830024 0.109868109 -0.00728203123 0.388701588 0.112825155 -0.00478354376 0.385010391 0.109065585 -0.0101523194 0.385821581 0.113447644 -0.0101358574 0.38147679 0.110538669 -0.0106590828 0.383992791 0.112635128 -0.00777393905 0.389359206 0.114995219 -0.00488610053 0.381611198 0.109832674 -0.00663293246 0.378703207 0.110666811 -0.00277971057 0.385975212 0.109054595 -0.00321519352 0.3907336 0.113333091 -0.00416545989 0.391225576 0.115653291 -0.00284485798 0.382234395 0.109992206 -0.0109082013 0.384381592 0.113918535 -0.0092961248 0.388015181 0.115755901 -0.011330327 0.379781604 0.111273661 -0.0083396351 0.379095197 0.110887252 -0.0112251453 0.383269608 0.113431148 -0.00815209001 0.389524817 0.116625436 -0.00673823897 0.390573621 0.117234655 -0.00316908862 0.379127204 0.110778928 -0.0064098821 0.374080777 0.114213116 -0.0119889239 0.371544003 0.115659148 -0.00418632757 0.377323985 0.111436613 -0.00934104063 0.378521591 0.111124933 -0.000830900797 0.383233607 0.110133357 -0.00060529192 0.387020797 0.109228946 0.000814477564 0.389927208 0.111850828 0.00221727579 0.392140806 0.114502095 -0.00119680795 0.391908795 0.117002107 0.00169481011 0.392475992 0.117451414 -0.00487764366 0.39139998 0.118018202 -0.00203361199 0.392026395 0.119526297 0.00151464157 0.381287217 0.111286372 -0.0111635104 0.382835209 0.114937745 -0.0118822483 0.380835176 0.114409775 -0.0102621485 0.384736776 0.116193637 -0.00909739081 0.386530399 0.117372341 -0.0117168613 0.37566638 0.113178618 -0.0130849984 0.375115991 0.113695122 -0.0131374327 0.377097607 0.112769961 -0.0125092743 0.3795968 0.113612078 -0.012499718 0.378714412 0.112726636 -0.0128938388 0.378863215 0.115484193 -0.00753471628 0.388324797 0.118660592 -0.00656798296 0.387447983 0.120930113 -0.00236386224 0.389549613 0.122815862 -0.00454214774 0.388628006 0.12182343 -0.00218853168 0.377707988 0.111851275 -0.00835750904 0.371539205 0.116446093 -0.00313507696 0.375944793 0.113020077 -0.00428886246 0.373763204 0.115066022 -0.0163134132 0.365026385 0.120022289 -0.0144361323 0.370505601 0.116364576 -0.00958060659 0.369178414 0.118709363 -0.0118736448 0.373999208 0.11402151 -0.0136849014 0.372906387 0.114890307 0.00431973068 0.385819197 0.110652365 0.00482644932 0.38906002 0.110308699 0.00349709648 0.390822411 0.112530887 0.00350850751 0.392342389 0.1192654 0.00543084182 0.391782403 0.11721313 0.014484969 0.387738407 0.115970619 0.00167301029 0.391131192 0.123907439 0.00536428578 0.391566396 0.125369072 0.00646862574 0.392547995 0.123429142 -0.000800436595 0.391030401 0.121980347 0.00381867657 0.38258639 0.111425176 0.00618013414 0.381353617 0.113085769 0.00227887416 0.379701614 0.112580672 -0.0110514443 0.381647199 0.116558358 -0.0128612313 0.378188014 0.11671862 -0.00994496606 0.383603215 0.117998652 -0.00871409569 0.384186387 0.120811939 -0.0149070034 0.374808788 0.113982886 -0.0140818544 0.376282394 0.114030138 -0.0134247374 0.377732784 0.114009768 -0.0138563821 0.376999199 0.115897819 -0.0140574612 0.376198411 0.118525803 -0.00835485384 0.383491993 0.126028717 -0.00638873177 0.384989619 0.127663553 -0.00288634864 0.382744789 0.139952615 0.00175469695 0.387408793 0.131231859 -0.006776514 0.366740793 0.122238263 -0.00221999455 0.374007195 0.116221942 0.00373372831 0.377805591 0.11562714 0.00668975711 0.377880812 0.117621206 0.00295612542 0.378798395 0.113837823 -0.00328285247 0.37185201 0.118332133 -0.0166440997 0.359452814 0.123551324 -0.0180746447 0.362202406 0.121569239 -0.018712569 0.365879178 0.118381724 -0.0134974513 0.361640811 0.123437844 -0.0182664506 0.373120785 0.114078015 0.00656169979 0.383454412 0.111681566 0.00710921921 0.386545599 0.111109979 0.0058740424 0.392256796 0.120372482 0.00796198752 0.392241597 0.121231765 0.00996439625 0.392163187 0.122012921 0.018465681 0.391304791 0.122709975 0.0126664015 0.385686398 0.114305355 0.016934447 0.387571216 0.116945878 0.00336931832 0.388119996 0.130071223 0.00377735938 0.39081201 0.1257305 0.00685229851 0.390998393 0.12662597 0.01083552 0.392307192 0.125128001 0.00981646776 0.391343206 0.126554757 0.00768561149 0.391552806 0.125705332 0.00506801996 0.379829615 0.113998301 0.00661413511 0.380043209 0.114544749 0.0105269207 0.382089615 0.113958478 0.00819870085 0.380209595 0.115012161 -0.0126370927 0.378035188 0.119752802 -0.00924057793 0.382773608 0.122380041 -0.0236090217 0.369899184 0.120029166 -0.0163116176 0.374065608 0.116829835 -0.0134866387 0.376419187 0.12239635 -0.0077201291 0.383412004 0.129556641 -0.0109666307 0.378987193 0.131405503 -0.00751791429 0.38274321 0.134032845 -0.00592326326 0.383515984 0.135434255 -0.00764272828 0.383098394 0.13196592 -0.00482030911 0.382918388 0.138107061 0.000482752221 0.384692788 0.136855081 -0.000313734548 0.381935984 0.139999568 -0.00295967399 0.381616801 0.141119346 -0.00478751864 0.381091982 0.14216733 0.004731033 0.382867992 0.129957318 0.00552480016 0.383783996 0.128589258 0.00799200777 0.385549605 0.127284631 0.00260260748 0.38413918 0.132690102 -0.00922633428 0.362863183 0.124207415 -0.00386771606 0.365003198 0.125589192 -0.00653507095 0.363152802 0.125262827 -0.0021425283 0.370715201 0.121311307 0.00072215742 0.374540001 0.118117854 0.00593190407 0.378875196 0.115713969 0.0052910666 0.377083182 0.120855004 0.0113066426 0.378619999 0.119841948 -0.0140823536 0.356470406 0.126228303 -0.0183379203 0.357148796 0.124502935 -0.0197650753 0.363690376 0.119757824 -0.0267415084 0.372090399 0.107222743 -0.0270954147 0.374665618 0.107929625 -0.0255539659 0.375685602 0.106814258 0.00935466867 0.384171993 0.112161435 0.0133800125 0.392044783 0.126006573 0.0159985758 0.391769588 0.126858667 0.0173307583 0.391614407 0.124631584 0.0197343342 0.389315993 0.120363258 0.0201890115 0.3909536 0.122993611 0.0214866493 0.391117603 0.126003504 0.0133960936 0.383569598 0.114169471 0.0159465354 0.383445621 0.115540072 0.020234732 0.385113597 0.117751963 0.0220082253 0.387371182 0.118698813 0.0220629033 0.389052004 0.121153094 0.00696490984 0.389526397 0.128659725 0.0126626417 0.391230404 0.127094105 0.0117042186 0.390215993 0.128583297 0.015328113 0.382147998 0.11594595 0.011858806 0.380475193 0.116178185 0.00997333135 0.380382419 0.115530521 0.00981298182 0.379211992 0.117268853 -0.012716678 0.376951218 0.125980809 -0.0218123309 0.36932078 0.126842707 -0.0609766357 0.363411188 0.106589876 -0.0140482457 0.371471196 0.135223582 -0.0122059425 0.376505613 0.130628586 -0.0109663485 0.378825605 0.133406416 -0.00982276071 0.380243182 0.134722471 -0.012383692 0.376772791 0.128506273 -0.00629724655 0.382502407 0.136931688 -0.00861118641 0.379632801 0.139364675 -0.0072327205 0.379600793 0.142138407 0.00475091534 0.381443202 0.134426862 0.00492801843 0.381141603 0.13574928 0.00038544886 0.382495195 0.139388174 0.00317768124 0.382229596 0.136928886 0.00255464343 0.3835648 0.133818567 -0.00373194367 0.380432814 0.142323449 -0.00248077326 0.37963438 0.142075166 0.00114583957 0.381890416 0.139196858 4.51299711e-05 0.379874408 0.140337408 0.000541449699 0.380998403 0.139871463 -0.00584587548 0.379720002 0.14347212 -0.00639348989 0.379658401 0.143103704 0.0043827733 0.382183999 0.131161273 0.00581221189 0.3808088 0.128428593 0.00540965749 0.379859209 0.129692644 0.00861509237 0.382251978 0.125437215 0.00653432449 0.379848808 0.127126932 0.00744029973 0.380266398 0.125346184 0.00925296731 0.384053588 0.125957042 0.0119329654 0.382828802 0.124704733 0.0126320599 0.384476781 0.125956863 -0.00861327816 0.352003992 0.129481241 -0.00622235285 0.353976011 0.129928887 -0.0111384271 0.354000002 0.127929941 -0.00368699315 0.361632794 0.128084227 -0.00265895971 0.35837841 0.129729405 -0.00230101962 0.355316788 0.131015807 -0.00120829442 0.363562405 0.128627613 0.000231042752 0.367513597 0.127579361 -0.000738975476 0.370045602 0.124549583 0.00291365292 0.374465585 0.123990767 0.00159563147 0.374391198 0.120784238 0.00420942623 0.376379192 0.121998727 0.00591762969 0.377828002 0.123205736 0.00701099588 0.378156006 0.121870868 0.00934671797 0.378852814 0.121920846 0.0117597412 0.379352808 0.117925785 0.0171040297 0.378898382 0.121328108 0.0133514162 0.379502416 0.121791959 0.0112871239 0.379508793 0.121877134 -0.0166222416 0.330716014 0.12949954 -0.0403899662 0.353095174 0.113802619 -0.0457414612 0.3838664 0.0896577761 -0.0341240577 0.379919201 0.0996506661 -0.0298390109 0.377802402 0.103232466 -0.0358570479 0.379824787 0.0996926278 -0.0666940808 0.366948009 0.0939253271 -0.031991981 0.378954411 0.101564869 -0.0277077053 0.376836777 0.105146877 0.0145942951 0.390176803 0.129079401 0.020870395 0.389725596 0.131579399 0.0184191689 0.391553611 0.127593204 0.0220454931 0.390608788 0.12361344 0.0205886699 0.391268015 0.128351942 0.0222885553 0.390704781 0.129283726 0.0238832477 0.389932007 0.130203113 0.0238418598 0.389901608 0.124512739 0.0247958805 0.389627218 0.127825916 0.0209796093 0.382632017 0.118161112 0.023041822 0.3845568 0.119048007 0.0255885106 0.38907519 0.125421226 0.024213288 0.387254387 0.119587176 0.0152902864 0.387052 0.127955347 0.0174924918 0.381127208 0.117934324 0.0174827836 0.379959196 0.119468309 -0.0263908487 0.373360783 0.133985505 -0.0542397276 0.365958393 0.117056474 -0.016737245 0.370672792 0.133345142 -0.067771323 0.36127919 0.108908266 -0.0694413483 0.360051185 0.105921119 -0.0156240612 0.370823979 0.135437936 -0.0152522726 0.368604779 0.13908188 -0.0100271488 0.379422396 0.136565357 -0.0131821716 0.370432019 0.139457285 -0.0107342387 0.376209617 0.142324626 -0.00925576035 0.376944005 0.143107012 0.00456722267 0.381731182 0.133370399 0.00544815464 0.379683197 0.13128908 0.00565381441 0.378934383 0.13601613 0.00392190833 0.380974412 0.137137786 0.00608993601 0.379066408 0.135328621 0.00221503782 0.382048815 0.138121068 0.00442364393 0.381888807 0.132414177 -0.00593506498 0.37703681 0.144734204 0.00169954111 0.378789604 0.13926962 -0.00343326968 0.378218412 0.143005386 -0.00704355678 0.377695203 0.144881323 0.00579208834 0.376975179 0.12823604 0.00615711976 0.377132803 0.130324721 0.00899787247 0.381092787 0.124658823 0.0102554876 0.382711202 0.124712773 0.0108068502 0.380473614 0.123262241 0.0065233591 0.378378391 0.125886723 0.00748240715 0.379125595 0.123973295 0.00923286565 0.379909605 0.123585433 0.0136575708 0.382787198 0.124891125 0.0141816325 0.381640792 0.124182537 0.0158793963 0.382355988 0.125449494 0.019688895 0.382384002 0.127778903 -0.00766342273 0.349360794 0.13073574 -0.00778303249 0.342758417 0.133142322 0.0016296109 0.356784821 0.132078692 0.00227035373 0.360383987 0.131465569 0.000847193645 0.363877594 0.12984179 0.00210455153 0.368668795 0.128519297 0.00377569906 0.373919189 0.127096698 0.00505896704 0.376608789 0.125076532 0.0156495087 0.379499197 0.122477323 0.0206350908 0.379923195 0.120637059 0.020260023 0.378889591 0.122519888 0.0173949134 0.379350394 0.123034984 0.0144435503 0.380576789 0.123429082 -0.0211032443 0.321060002 0.131099433 -0.0212866683 0.322362393 0.128328487 -0.0620570257 0.309050411 0.108996294 -0.0123712728 0.331200004 0.140387923 -0.0182538964 0.325808793 0.134469599 -0.00589697435 0.33879438 0.141553581 -0.0809825733 0.347811997 0.0843185186 -0.0620801374 0.379482388 0.0836166963 -0.0520261936 0.384576797 0.0866681114 -0.0457226485 0.385423183 0.0900494531 -0.0458049439 0.386226416 0.0908674225 -0.0460242033 0.386471182 0.0924724638 -0.0488618352 0.386651188 0.0912293345 -0.0548527054 0.385753602 0.0890736356 -0.0578354336 0.384612799 0.0882379487 -0.0607997626 0.3825984 0.0875729099 -0.0684020221 0.375224799 0.0843706056 -0.0760224015 0.365189582 0.0841174796 -0.0776849315 0.356464803 0.0918314159 0.025351217 0.387584805 0.132794693 0.0237547215 0.384351999 0.131618202 0.0180388708 0.387085587 0.129626513 0.025625864 0.388833612 0.130883276 0.0236202516 0.381703198 0.119760163 0.0203880724 0.381177604 0.11889606 0.0252570193 0.384315997 0.120054565 0.027996717 0.386204809 0.121578194 0.0271087941 0.38801682 0.126300931 0.0180238355 0.384910405 0.12843293 -0.0227189399 0.375749588 0.139025271 -0.0211341213 0.372231215 0.135701016 -0.0449830666 0.382222414 0.137047455 -0.0630362332 0.367506385 0.121062487 -0.0659706965 0.36394158 0.11628975 -0.018217193 0.371309608 0.136028409 -0.0701857507 0.357572794 0.108366713 -0.0696448311 0.358281612 0.10680303 -0.0709757954 0.354691982 0.106691718 -0.0727828667 0.354347199 0.100806907 -0.016455289 0.368757606 0.138916403 -0.0166980233 0.367041588 0.13916035 -0.0133873494 0.368968815 0.140295759 -0.0159614421 0.365931988 0.13969925 -0.012333083 0.370608807 0.144826889 -0.0117736878 0.373762399 0.143023044 -0.0131679242 0.367392778 0.142576694 -0.0126474751 0.367940009 0.146209791 -0.0113058779 0.374495983 0.14435786 -0.00997493975 0.374955177 0.145136714 -0.00823675748 0.375147998 0.146418527 0.00694456697 0.374848008 0.131510943 0.00770494901 0.373813599 0.132991791 0.00808323454 0.373459995 0.134483933 0.00603461498 0.376330376 0.13617 0.00372539437 0.377833605 0.137810782 -0.00721040973 0.374745607 0.146267742 0.00562551059 0.373960793 0.136352509 0.00320023601 0.373490393 0.137819812 -0.00241931621 0.374748796 0.142486885 -0.00587414717 0.374026418 0.145771384 0.00622429745 0.374375194 0.130049974 0.0042116032 0.371103197 0.129372612 0.0156455711 0.381363988 0.124527395 0.0158421081 0.380396008 0.123786487 0.0220774319 0.380265594 0.127565429 0.0204205457 0.383157611 0.129062891 0.0210471917 0.379882395 0.125281453 -0.00283966167 0.345500797 0.137110069 0.00561517524 0.355471194 0.134261549 0.00550235761 0.352971196 0.13575688 -0.00327841495 0.344262391 0.138656318 0.00393442763 0.357172012 0.132829338 0.00325209461 0.36475122 0.130901039 0.00436316524 0.360199213 0.132302836 0.0287916847 0.380620003 0.122461751 0.0254199076 0.378399193 0.124569446 0.0272951648 0.379354388 0.123225495 -0.0231752954 0.31742081 0.130688921 -0.0205871779 0.321687996 0.134091824 -0.0226945113 0.3177616 0.133775264 -0.0291242171 0.30798319 0.127070114 -0.0271425229 0.31025362 0.130092189 -0.0356238261 0.294575214 0.126672387 -0.0438840687 0.277319193 0.126646191 -0.0660871938 0.248459995 0.12215744 -0.0615748428 0.249689594 0.124658786 -0.0864477158 0.318513602 0.0914164558 -0.0794008598 0.268719196 0.111632645 -0.0748354569 0.256532788 0.115834199 -0.0839994624 0.285111189 0.105273366 -0.0850935951 0.293312788 0.10208635 -0.083496958 0.304145575 0.0974462032 -0.00767408637 0.338079989 0.143783092 -0.0140232611 0.33260718 0.14094238 -0.0220934842 0.325693607 0.13907218 -0.0194423255 0.324355215 0.139174297 -0.0181223322 0.323792815 0.138944834 -0.0117063066 0.335693598 0.141929954 -0.0149685778 0.327881575 0.139000058 -0.0183748882 0.324459195 0.136713371 -0.00138703454 0.344884008 0.142815709 -0.00313157169 0.345380783 0.147247031 -0.0744769499 0.36508882 0.0826399401 -0.0831816271 0.348985583 0.0849640742 -0.0699658617 0.372790396 0.0834860131 -0.0655965656 0.37719202 0.0838275924 -0.0603170544 0.38188079 0.0844752267 -0.057618957 0.383453608 0.0849101245 -0.055047594 0.38466081 0.0860249922 -0.0519861169 0.385616004 0.0874698609 -0.0488473065 0.38570559 0.0886438787 -0.0488213673 0.386395991 0.089562878 -0.0519216582 0.386224002 0.0884522572 -0.0612499192 0.381901592 0.0852345452 -0.0582740903 0.384042382 0.0857291967 -0.0776349977 0.349644005 0.0938074291 -0.0743880346 0.353162408 0.0975116715 -0.0812182203 0.343343198 0.0916517824 0.0284129828 0.385568798 0.132157326 0.0289275423 0.383744806 0.132637307 0.0257759281 0.380975991 0.131613314 0.0280457214 0.381108791 0.132208541 0.0273366105 0.387497604 0.131330132 0.0279968344 0.387197614 0.129210219 0.0285264049 0.386781603 0.127075627 0.0307858493 0.384215206 0.123975605 -0.0202120841 0.371933579 0.136962965 -0.0198634025 0.369988799 0.139902487 -0.0217098054 0.374243975 0.140596837 -0.0206688903 0.38187921 0.142973199 -0.0257501788 0.385353595 0.141961873 -0.0597532019 0.367956787 0.127556443 -0.0486746952 0.378130406 0.135807052 -0.0342970565 0.387088776 0.14850989 -0.0338335522 0.389725596 0.144397795 -0.0273143128 0.389125586 0.14358604 -0.064792417 0.361505598 0.122217163 -0.0704836994 0.356150389 0.108939342 -0.0683025792 0.358350396 0.115567893 -0.0658009574 0.355479211 0.104658283 -0.0704108402 0.35467279 0.108413778 -0.0194434691 0.367715985 0.139510036 -0.0188056678 0.365200013 0.138895199 -0.0145270927 0.364679217 0.140465334 -0.0169450119 0.363758415 0.13903603 -0.0122176483 0.368359208 0.148055017 -0.0152771818 0.362160802 0.1397122 -0.0122813508 0.362783998 0.149644047 -0.0122987367 0.365606397 0.149025872 -0.00907218177 0.368124813 0.150097713 0.00810147263 0.371899188 0.132499605 0.00703646336 0.372826397 0.131263524 0.00916219968 0.370100796 0.134208068 0.00860485528 0.370199203 0.134922266 0.00736063719 0.372974396 0.135641605 0.00492992578 0.369215995 0.137085527 0.00660926197 0.371179193 0.136045843 0.000480722112 0.372500002 0.140068293 0.00282480754 0.370712787 0.138365999 -0.00310449349 0.371935993 0.143561646 -0.00426989188 0.368898392 0.145724982 -0.00786897354 0.367721587 0.149858966 0.0253198054 0.379198402 0.129197031 0.0241488088 0.3787992 0.126424849 0.00232922635 0.348315209 0.138414308 0.00544170383 0.357488781 0.133258671 0.0106447237 0.35882479 0.135957584 0.00783359725 0.353755206 0.137317076 0.00665258942 0.361242414 0.133153677 0.00701401848 0.363864005 0.132617056 0.00830988307 0.368937612 0.132557213 0.00896643102 0.366464019 0.133091092 0.00759817893 0.370637596 0.131962761 0.0303949676 0.37860322 0.124572307 0.0286439974 0.378806382 0.123972237 0.0309692565 0.379513621 0.124323174 0.0292881858 0.377857596 0.125548005 0.0284684747 0.377909601 0.127069607 -0.0247597676 0.31409201 0.133445755 -0.0207451172 0.320491999 0.136376962 -0.0230643954 0.316858411 0.135943249 -0.0301721711 0.303961605 0.129362658 -0.0286687538 0.307075977 0.129585952 -0.0230516084 0.316670418 0.137972295 -0.0282476414 0.307317615 0.13258557 -0.0328531489 0.298240006 0.133325174 -0.0409354381 0.283351183 0.13361074 -0.0419139713 0.278386384 0.128805876 -0.0451624542 0.267209589 0.129383132 -0.0470186993 0.264292806 0.128915623 -0.0672417805 0.247452796 0.122460179 -0.0720552802 0.250729591 0.11876075 -0.0662090331 0.247088805 0.126104265 -0.0572889931 0.253202409 0.129430518 -0.0627992153 0.248641595 0.127665326 -0.0510336198 0.259414405 0.129337132 -0.087046355 0.31503281 0.0942329615 -0.0852370635 0.307634383 0.0958882943 -0.0867548957 0.314556003 0.092801556 -0.0788026899 0.265211195 0.113045983 -0.080355376 0.268869609 0.112258621 -0.0771744251 0.257035196 0.117425792 -0.0743479282 0.252315998 0.118710831 -0.084942922 0.293903202 0.103245236 -0.0831560045 0.281571984 0.108173892 -0.0854899809 0.30392319 0.0970617309 -0.0863079354 0.311371207 0.0963922217 -0.086071752 0.303835183 0.097811453 -0.0071161883 0.3450616 0.146758482 -0.0132430103 0.337032795 0.142185181 -0.0232649017 0.33575359 0.129665226 -0.0462436415 0.299036801 0.1228135 -0.0291010346 0.314688802 0.136061683 -0.0230861567 0.32109201 0.138514102 -0.0146648381 0.343303204 0.14111346 -0.0242103804 0.316988796 0.137922496 0.00512840925 0.349334389 0.146023497 -0.00843192451 0.352065593 0.151059166 0.00195153919 0.349591196 0.149819896 -0.0846689194 0.325907201 0.0936936662 -0.0760078132 0.348115206 0.0943628028 -0.0595208928 0.354455203 0.103921376 -0.0698491558 0.351375192 0.0972868577 -0.0723722652 0.342398405 0.0948993415 0.0294237342 0.384948015 0.131333247 0.0295441914 0.383756787 0.131999165 0.0292895809 0.381876796 0.132310063 0.0273621269 0.380232811 0.131681904 0.0293346066 0.380015194 0.131652802 0.0293260589 0.385539174 0.1293336 0.0298690069 0.385329604 0.127440557 0.0309917834 0.383810401 0.1277733 0.0316549204 0.383053601 0.125330433 0.0315775387 0.379149586 0.125390932 0.031415645 0.383423209 0.126356944 -0.022087466 0.369326383 0.141691059 -0.0214907005 0.372622401 0.142524198 -0.0199734531 0.381048799 0.144353852 -0.0164452959 0.389151216 0.144551426 -0.0207613483 0.39237839 0.144513607 -0.0624263734 0.358220816 0.123273581 -0.0578956082 0.364156008 0.128288627 -0.0471627153 0.377176791 0.137715966 -0.0450457484 0.371375203 0.132733479 -0.0264870804 0.389903188 0.155235276 -0.0254757125 0.369284809 0.143904224 -0.0238287095 0.38556242 0.15631938 -0.0241460651 0.375733614 0.148943797 -0.0192813892 0.395558387 0.152951688 -0.020424936 0.395341605 0.150934115 -0.0168932602 0.392849594 0.164664716 -0.0242788699 0.393444002 0.146055758 -0.0192548856 0.395521611 0.148655236 -0.0657166243 0.355175197 0.118069433 -0.0585188493 0.357584804 0.107874326 -0.0583587401 0.358950377 0.112697221 -0.0209439006 0.366006374 0.139671877 -0.0231203102 0.35589838 0.13193889 -0.0203160085 0.354173601 0.132584691 -0.00980975293 0.365445614 0.151057303 -0.0138258329 0.346152782 0.142238647 -0.0116462829 0.353921592 0.149881363 -0.00992497709 0.359464794 0.151359841 -0.0107962806 0.362756789 0.150979593 -0.00899128709 0.365348816 0.151249617 0.00984914042 0.366584778 0.133872449 0.00999122392 0.366959989 0.134439811 0.00829422195 0.367425591 0.135571167 -4.17826013e-05 0.369366407 0.141088694 0.00497138128 0.363173604 0.13856934 0.00866354816 0.36413759 0.135781139 -0.00582460593 0.36663118 0.148370311 -0.0021905934 0.367132783 0.144270882 -0.00798799004 0.365099996 0.150870636 0.0278555285 0.378443211 0.129035234 0.00720747327 0.350387216 0.141186997 0.00979004987 0.361488819 0.134316474 0.0108676655 0.358986378 0.136313617 0.0104058739 0.356799215 0.137424588 0.0108816745 0.361412793 0.135531336 0.0105940755 0.361237615 0.135104015 0.00990027469 0.354926407 0.138792455 0.0104820346 0.363695979 0.134407684 0.0308592096 0.377866387 0.125763953 0.0298371539 0.378229618 0.128511712 -0.0311911926 0.301477581 0.132279396 -0.029713029 0.304278404 0.132108584 -0.03192297 0.304271996 0.13721703 -0.0306785665 0.3038176 0.136866212 -0.0276814643 0.314110398 0.137230098 -0.0343736447 0.298448801 0.134855643 -0.0318439826 0.300987989 0.135094672 -0.0482403189 0.27980721 0.131682068 -0.0501460359 0.263137579 0.131261781 -0.0362685658 0.298579991 0.135872751 -0.0442077294 0.269764006 0.13173455 -0.0467271656 0.264447987 0.130223125 -0.0689559355 0.246661603 0.124763943 -0.0710047856 0.247708812 0.123147957 -0.0730284229 0.249188006 0.12155503 -0.0686099827 0.247423992 0.125937581 -0.0659555048 0.248088807 0.127344087 -0.0687333494 0.250828803 0.127186477 -0.0650564581 0.270709604 0.123132698 -0.0506688543 0.260123998 0.130556256 -0.0642838702 0.249693602 0.128349707 -0.0863776281 0.307453603 0.0959404707 -0.0785165355 0.262581587 0.116697967 -0.0753218532 0.253124803 0.121019989 -0.0753510669 0.252583206 0.119652964 -0.0837487951 0.290472001 0.106054299 -0.0308672059 0.347347975 0.124441259 -0.0221184585 0.345443994 0.129489735 -0.0764172003 0.259472013 0.12043722 -0.0518451184 0.342337608 0.112059228 -0.0364137515 0.302300811 0.134820879 -0.0331523679 0.3048096 0.136752188 -0.0253165681 0.317352802 0.137756765 0.00945070758 0.352885604 0.14227964 0.00755743403 0.351755977 0.145194575 -0.00527385157 0.356163204 0.152351424 -0.000499341229 0.353380799 0.150860906 0.00239592697 0.351692796 0.149796888 -0.0687701628 0.348026395 0.0962631106 -0.0370614156 0.356408805 0.121906884 0.0298866313 0.381875992 0.131660596 0.0307992902 0.380899996 0.130726978 0.030467296 0.38392961 0.129460141 0.0295610316 0.378938407 0.13013944 0.0303444639 0.380444795 0.131202489 0.0306431968 0.379788011 0.130122781 0.0309887044 0.382203221 0.129505113 0.0318945274 0.38171041 0.126734674 0.0309815444 0.378564 0.126968533 0.0316744857 0.379708797 0.12678203 -0.0232741944 0.37048161 0.143428624 -0.0206850246 0.375936002 0.144390464 -0.0208109114 0.376616806 0.147796705 -0.0143854646 0.386942387 0.146381453 -0.0192085691 0.380054384 0.146194607 -0.0137513122 0.390782386 0.145042092 -0.0133059425 0.389260799 0.145665661 -0.012684173 0.395217597 0.144051343 -0.00913496129 0.39273119 0.145050779 -0.0521223173 0.364223212 0.122943439 -0.0511666983 0.371203184 0.132799968 -0.0202006139 0.386751175 0.160324007 -0.0225364491 0.3757824 0.148512498 -0.02055097 0.382348001 0.155554578 -0.0137546882 0.395020008 0.166585848 -0.013655304 0.39710319 0.155548021 -0.0153893502 0.396769613 0.154062197 -0.0093102986 0.397468001 0.166385531 -0.0171633158 0.396435201 0.150952995 -0.0145963132 0.392172813 0.165985629 -0.0131492764 0.397287995 0.145369425 -0.0154870488 0.396817595 0.148600578 -0.02277188 0.350217581 0.129326075 -0.00922365207 0.362590402 0.151937187 -0.00795520935 0.359376788 0.152427182 0.0106110992 0.364023209 0.134904817 0.00286795222 0.3646456 0.139927223 0.00700651528 0.362164021 0.137500599 0.0052391449 0.360231996 0.139559388 0.00111266156 0.363304794 0.14217326 0.00898234826 0.361184001 0.136702001 0.00995460246 0.361506402 0.135919705 -0.00376685266 0.365054399 0.146996513 -0.00112763979 0.364187986 0.144346341 -0.00763271376 0.362423182 0.15152581 -0.00408882322 0.362835199 0.148552045 -0.00442711869 0.359056801 0.150717393 0.00816802587 0.357336789 0.139582112 0.00747025339 0.359548002 0.138443097 0.00858651754 0.3554416 0.140868843 0.00986380409 0.355341583 0.139923632 0.00999336131 0.355109602 0.139238775 0.0308644455 0.379104793 0.128590092 -0.0333746113 0.301288813 0.136553332 -0.0346892104 0.301760793 0.136422724 -0.0465220958 0.265424788 0.131189361 -0.0747614652 0.253584802 0.122459188 -0.0684120134 0.248475999 0.126908228 0.00733625097 0.353852808 0.143466547 0.00524052745 0.352744818 0.14648211 -0.00396728469 0.356187999 0.151716411 -0.00628987094 0.359364003 0.151962742 -0.000527262455 0.354616791 0.149835587 0.00269737584 0.35351038 0.147886589 0.031178534 0.380592793 0.129749924 0.0319140665 0.380892009 0.127561793 -0.018723391 0.381759197 0.153856501 -0.00898529403 0.389955997 0.146830276 -0.00639100419 0.390286386 0.151984036 -0.0137391435 0.386504799 0.148487538 -0.00880298298 0.39133358 0.145959005 -0.00543056382 0.396757603 0.141801298 -0.00710810814 0.393369585 0.14477025 -0.0177186225 0.383215189 0.156471968 -0.0141054485 0.390390396 0.165357158 -0.0109714884 0.392595202 0.166785091 -0.0080658393 0.398775995 0.158332244 -0.0124844005 0.397668004 0.154369622 -0.00997167733 0.398135185 0.156127989 -0.0117437216 0.398119986 0.15083757 -0.00125604426 0.398293614 0.164768219 0.000665350177 0.400795996 0.163652107 -0.0061359168 0.399527997 0.156892464 -0.0133917201 0.397594392 0.14899905 -0.0100214742 0.398524791 0.149961144 -0.00931505486 0.398442388 0.144415751 0.00328863319 0.358709604 0.14214015 0.000969192188 0.36063838 0.143507868 -0.00152077852 0.361520797 0.146031916 0.000880497741 0.357692808 0.145179793 0.00674097566 0.35567522 0.141983688 0.00475948537 0.354391217 0.145029932 0.00175453315 0.355254412 0.146679893 -0.0059474716 0.39145121 0.147411034 -0.00431551505 0.391496003 0.151307002 -0.00726426626 0.389403194 0.155132547 -0.00534946006 0.392656803 0.146403521 0.00365295936 0.3972224 0.138730466 -0.00562184956 0.39950639 0.143269643 -0.00277976971 0.399132788 0.1414662 -0.000764775381 0.398126394 0.139719561 0.00116026599 0.397516012 0.139281601 0.00223138114 0.394879997 0.144283623 -0.00801834743 0.390874386 0.161628261 0.000213574851 0.394156814 0.158621624 -0.00783056393 0.3988792 0.154610947 -0.00909726601 0.398699194 0.152044132 0.00250695692 0.395051986 0.1576543 0.00963540096 0.400684804 0.158899754 0.00296127191 0.403019994 0.15029639 0.00498420326 0.402908802 0.15866518 -0.00369592267 0.400867194 0.149771094 0.00859291106 0.403003216 0.158956289 -0.00814045873 0.398979187 0.146836638 -0.00731114764 0.399493575 0.148988932 0.00400697067 0.356351197 0.14345172 -0.00416530157 0.391983986 0.14850463 -0.00242524361 0.392416805 0.150451809 -0.00613000477 0.390895993 0.157912925 -0.00133228733 0.392962396 0.156048447 -0.000849471369 0.392810404 0.152611166 -0.00343104126 0.392071992 0.156876668 3.12544239e-06 0.39407599 0.145800009 0.00552628329 0.397678375 0.138136581 0.00445589982 0.395755202 0.142441094 -0.00384340272 0.399852008 0.142930582 -0.00128818012 0.402168781 0.146442518 -0.0041688839 0.400778413 0.146803603 -0.00284873438 0.4014768 0.146837473 0.00584917003 0.399720788 0.137950689 -0.000932348252 0.400395989 0.141835853 0.00417994428 0.395245582 0.146016747 0.000859482039 0.393877596 0.155177906 0.0131353177 0.399667978 0.15242365 0.0114366328 0.398647189 0.150386676 0.00132777565 0.393770397 0.151315495 0.00363915204 0.394787997 0.149710581 0.00604339736 0.395832002 0.147639349 0.00991726108 0.397722393 0.147946373 0.0146343941 0.401534408 0.154315308 0.014731532 0.400674403 0.15371035 0.00264255423 0.403156787 0.148238361 0.00493441848 0.403661609 0.14794229 0.0154100629 0.40509522 0.14561902 0.00733069377 0.40412721 0.144336 0.0158053208 0.40437758 0.152422979 0.000466918427 0.402790397 0.146272883 -0.000291258882 0.393429607 0.149133787 0.0112889055 0.400130391 0.137786791 0.00734631391 0.397824794 0.138354555 0.00690636551 0.396806389 0.140798897 0.00834370311 0.396766394 0.145526379 0.00873310771 0.3972224 0.142188668 -0.000518357905 0.401628792 0.143581793 0.0020774568 0.403255999 0.145319551 0.0115167126 0.402527213 0.139020264 0.0013759759 0.40193522 0.142806679 0.00369904307 0.403320789 0.143776894 0.0070022461 0.403956801 0.143533677 0.0149231125 0.400170386 0.150552362 0.0101680011 0.397343993 0.14384079 0.0183123816 0.402707994 0.15001525 0.00241815532 0.403360009 0.146065593 0.0123855695 0.403157592 0.139981747 0.017104283 0.404332012 0.151416481 0.0180692561 0.403360009 0.143256694 0.0185656212 0.403277606 0.146577358 0.00444527715 0.403691202 0.144589856 0.018088337 0.403720796 0.149985835 0.0133702224 0.402174383 0.138794437 0.0144648086 0.399643183 0.139769971 0.0146102477 0.401065588 0.139048561 0.0132791754 0.401079178 0.138331011 0.0111375973 0.397611201 0.142946571 0.0188308917 0.402297616 0.146646261 0.0148707675 0.399592787 0.146817863 0.0185563527 0.401784778 0.143269449 0.0133310482 0.398687214 0.144598335 0.0145823248 0.401862383 0.139142171 0.0167966653 0.402023196 0.140939906 0.0147881433 0.399288803 0.143186718 0.0167848337 0.400768787 0.141170844 </DataArray>
      </Points>
      <Verts>
        <DataArray type="Int32" Name="connectivity" format="ascii" RangeMin="" RangeMax="" />
        <DataArray type="Int32" Name="offsets" format="ascii" RangeMin="" RangeMax="" />
      </Verts>
      <Lines>
        <DataArray type="Int32" Name="connectivity" format="ascii" RangeMin="" RangeMax="" />
        <DataArray type="Int32" Name="offsets" format="ascii" RangeMin="" RangeMax="" />
      </Lines>
      <Strips>
        <DataArray type="Int32" Name="connectivity" format="ascii" RangeMin="" RangeMax="" />
        <DataArray type="Int32" Name="offsets" format="ascii" RangeMin="" RangeMax="" />
      </Strips>
      <Polys>
        <DataArray type="Int32" Name="connectivity" format="ascii" RangeMin="" RangeMax=""> 0 1 2 3 4 0 0 2 5 3 0 5 4 1 0 4 6 1 6 2 1 2 7 8 6 9 2 2 8 5 9 7 2 10 3 5 11 12 3 3 10 11 12 4 3 12 13 4 13 6 4 10 5 8 13 14 6 14 9 6 9 15 7 15 8 7 15 10 8 14 16 9 16 15 9 17 11 10 17 10 15 18 19 11 18 11 17 19 12 11 19 20 12 20 13 12 20 21 13 21 14 13 21 22 14 22 16 14 16 17 15 22 23 16 23 17 16 23 18 17 24 25 18 24 18 23 25 19 18 25 26 19 26 20 19 26 27 20 27 21 20 27 28 21 28 22 21 28 29 22 29 23 22 29 24 23 30 31 24 30 24 29 31 25 24 31 32 25 32 26 25 32 33 26 33 27 26 33 34 27 34 28 27 34 35 28 35 29 28 35 30 29 36 37 30 37 31 30 36 30 35 37 38 31 38 32 31 38 39 32 39 33 32 39 40 33 40 34 33 40 41 34 41 35 34 41 36 35 42 43 36 42 36 41 43 37 36 43 44 37 38 37 44 44 45 38 45 39 38 45 46 39 46 40 39 46 47 40 47 41 40 47 42 41 48 49 42 48 42 47 49 43 42 49 50 43 50 44 43 50 51 44 51 45 44 51 52 45 52 46 45 52 53 46 53 47 46 53 48 47 54 55 48 54 48 53 55 49 48 56 49 55 56 50 49 56 57 50 57 51 50 57 58 51 58 52 51 58 59 52 59 53 52 59 54 53 60 61 54 60 54 59 61 55 54 61 62 55 56 55 62 62 63 56 63 57 56 63 64 57 64 58 57 64 65 58 65 59 58 65 60 59 66 67 60 66 60 65 67 61 60 67 68 61 68 62 61 68 69 62 63 62 69 69 70 63 70 64 63 70 71 64 71 65 64 71 66 65 72 73 66 73 67 66 72 66 71 73 74 67 74 68 67 74 75 68 75 69 68 75 76 69 76 70 69 76 77 70 77 71 70 77 72 71 78 79 72 78 72 77 79 73 72 79 80 73 80 74 73 80 81 74 81 75 74 81 82 75 82 76 75 82 83 76 83 77 76 83 78 77 84 85 78 84 78 83 85 79 78 85 86 79 86 80 79 86 87 80 87 81 80 87 88 81 88 82 81 88 89 82 89 83 82 89 84 83 90 91 84 90 84 89 91 85 84 91 92 85 92 86 85 92 93 86 93 87 86 93 94 87 94 88 87 94 95 88 95 89 88 95 90 89 90 95 94 91 90 94 91 93 92 91 94 93 96 97 98 97 96 99 96 100 101 96 98 100 96 101 99 98 97 102 97 99 102 98 103 100 103 98 104 98 102 104 102 99 105 99 101 106 99 106 105 103 107 100 100 107 108 100 108 101 101 108 109 101 109 106 104 102 110 102 105 110 107 103 111 103 104 111 111 104 112 104 110 112 110 105 113 105 106 114 105 114 113 106 109 115 106 115 114 107 111 108 108 111 116 108 116 109 109 116 117 109 117 115 112 110 118 110 113 118 111 112 116 116 112 119 112 118 119 118 113 120 113 114 121 113 121 120 114 115 122 114 122 121 115 117 123 115 123 122 116 119 117 117 119 124 117 124 123 119 118 125 118 120 125 119 125 124 125 120 126 120 121 127 120 127 126 121 122 128 128 127 121 122 123 129 122 129 128 123 124 130 123 130 129 124 125 131 124 131 130 125 126 131 131 126 132 126 127 133 126 133 132 127 128 134 127 134 133 128 129 135 128 135 134 129 130 136 129 136 135 130 131 137 130 137 136 131 132 137 137 132 138 132 133 139 132 139 138 133 134 140 133 140 139 134 135 141 134 141 140 135 136 142 135 142 141 136 137 143 136 143 142 137 138 143 143 138 144 138 139 145 138 145 144 140 146 139 139 146 145 140 141 147 140 147 146 141 142 148 141 148 147 143 149 142 142 149 148 143 144 149 149 144 150 144 145 151 144 151 150 145 146 152 145 152 151 146 147 153 146 153 152 147 148 154 147 154 153 149 155 148 148 155 154 149 150 155 155 150 156 150 151 157 150 157 156 151 152 158 151 158 157 152 153 159 152 159 158 153 154 160 153 160 159 154 155 161 154 161 160 155 156 161 161 156 162 156 157 163 156 163 162 157 158 164 157 164 163 158 159 165 158 165 164 159 160 166 159 166 165 160 161 167 160 167 166 161 162 167 167 162 168 162 163 169 162 169 168 163 164 170 163 170 169 164 165 171 164 171 170 165 166 172 165 172 171 166 167 173 166 173 172 167 168 173 173 168 174 168 169 175 168 175 174 169 170 176 169 176 175 170 171 177 170 177 176 171 172 178 171 178 177 172 173 179 172 179 178 173 174 179 179 174 180 174 175 181 174 181 180 175 176 182 175 182 181 176 177 183 176 183 182 177 178 184 177 184 183 178 179 185 178 185 184 179 180 185 186 180 181 187 180 186 188 185 180 187 188 180 181 182 189 181 189 190 190 186 181 182 183 191 182 191 189 183 184 192 183 192 191 184 185 188 184 188 192 187 186 190 188 187 192 192 187 190 192 190 189 192 189 191 193 194 195 193 195 196 197 194 193 197 193 198 198 193 196 199 200 194 199 194 197 200 201 194 195 194 201 196 195 201 201 202 196 198 196 202 203 199 197 203 197 204 204 197 198 205 204 198 205 198 202 206 207 199 206 199 203 207 200 199 207 208 200 208 209 200 200 209 201 209 210 201 201 210 202 210 205 202 211 206 203 211 203 212 212 203 204 212 204 205 213 212 205 213 205 210 214 215 206 214 206 211 215 207 206 215 216 207 216 208 207 216 217 208 217 218 208 208 218 209 218 213 209 209 213 210 219 214 211 219 211 220 220 211 212 220 212 213 218 220 213 221 222 214 221 214 219 222 215 214 222 223 215 223 216 215 223 224 216 224 217 216 224 225 217 225 226 217 217 226 218 226 220 218 227 221 219 227 219 226 226 219 220 228 229 221 228 221 227 229 222 221 229 230 222 230 223 222 230 231 223 231 224 223 231 232 224 232 225 224 232 233 225 233 227 225 227 226 225 228 227 233 234 235 228 235 229 228 234 228 233 235 236 229 236 230 229 236 237 230 237 231 230 237 238 231 238 232 231 238 239 232 239 233 232 239 234 233 240 241 234 240 234 239 241 235 234 241 242 235 242 236 235 242 243 236 243 237 236 243 244 237 244 238 237 244 245 238 245 239 238 245 240 239 246 247 240 246 240 245 247 241 240 247 248 241 248 242 241 248 249 242 249 243 242 249 250 243 250 244 243 250 251 244 251 245 244 251 246 245 252 253 246 252 246 251 253 247 246 253 254 247 254 248 247 254 255 248 255 249 248 255 256 249 256 250 249 256 257 250 257 251 250 257 252 251 258 259 252 258 252 257 259 253 252 259 260 253 260 254 253 260 261 254 261 255 254 261 262 255 262 256 255 262 263 256 263 257 256 263 258 257 264 265 258 258 263 264 265 259 258 265 266 259 266 260 259 266 267 260 267 261 260 267 268 261 268 262 261 268 269 262 269 263 262 269 264 263 270 271 264 271 265 264 270 264 269 271 272 265 272 266 265 272 273 266 273 267 266 273 274 267 274 268 267 274 275 268 275 269 268 275 270 269 276 277 270 277 271 270 276 270 275 277 278 271 278 272 271 278 279 272 279 273 272 279 280 273 280 274 273 280 281 274 281 275 274 281 276 275 282 283 276 282 276 281 283 277 276 283 284 277 284 278 277 284 285 278 285 279 278 285 286 279 286 280 279 286 287 280 287 281 280 287 282 281 284 282 285 284 283 282 282 287 286 286 285 282 288 289 290 291 292 288 288 290 293 291 288 293 292 289 288 289 294 295 292 296 289 289 295 290 296 294 289 297 298 290 293 290 298 297 290 295 291 298 299 293 298 291 291 299 300 300 292 291 300 301 292 301 296 292 296 302 294 302 295 294 302 297 295 301 303 296 303 302 296 304 305 297 305 298 297 304 297 302 305 299 298 306 307 299 300 299 307 306 299 305 300 307 308 308 301 300 308 309 301 309 303 301 303 304 302 309 310 303 310 304 303 310 311 304 311 305 304 311 306 305 312 313 306 313 307 306 312 306 311 313 314 307 308 307 314 308 314 315 315 309 308 315 316 309 316 310 309 316 317 310 317 311 310 317 312 311 318 319 312 318 312 317 319 313 312 319 320 313 320 314 313 320 321 314 315 314 321 315 321 322 322 316 315 322 323 316 323 317 316 323 318 317 324 325 318 324 318 323 325 319 318 325 326 319 326 320 319 326 327 320 327 321 320 327 328 321 322 321 328 322 328 329 329 323 322 329 324 323 330 331 324 330 324 329 331 325 324 331 332 325 332 326 325 332 333 326 333 327 326 333 334 327 334 328 327 334 335 328 329 328 335 329 335 330 330 335 336 330 336 337 337 331 330 337 338 331 338 332 331 338 339 332 339 333 332 339 340 333 340 334 333 340 341 334 341 335 334 341 336 335 342 343 336 337 336 343 342 336 341 337 343 344 344 338 337 344 345 338 345 339 338 345 346 339 346 340 339 346 347 340 347 341 340 347 342 341 348 349 342 349 343 342 348 342 347 349 350 343 344 343 350 344 350 351 351 345 344 351 352 345 352 346 345 352 353 346 353 347 346 348 347 353 354 348 355 355 348 353 354 349 348 354 356 349 356 350 349 356 357 350 350 357 351 351 357 358 358 352 351 358 359 352 359 353 352 359 355 353 360 354 355 360 361 354 361 356 354 362 360 355 362 355 359 361 363 356 363 357 356 363 364 357 358 357 364 358 364 365 365 359 358 365 362 359 366 360 362 366 367 360 367 361 360 367 368 361 368 363 361 369 366 362 369 362 365 368 370 363 370 364 363 370 371 364 365 364 371 365 371 369 372 366 369 372 367 366 372 373 367 373 368 367 373 374 368 374 370 368 369 371 375 369 375 372 374 376 370 376 371 370 376 375 371 372 375 377 377 373 372 378 374 373 378 373 377 376 374 378 379 380 375 375 380 377 379 375 376 378 379 376 378 377 379 377 380 379 381 382 383 384 385 381 385 382 381 386 381 383 387 384 381 387 381 386 382 388 383 389 388 382 389 382 390 390 382 385 383 388 391 392 383 391 386 383 392 384 393 394 385 384 394 395 393 384 395 384 387 390 385 396 396 385 394 392 397 386 386 397 398 386 398 387 387 398 399 387 399 395 388 400 391 401 400 388 401 388 389 402 401 389 402 389 403 403 389 390 403 390 397 397 390 396 391 400 404 405 391 404 392 391 405 405 403 392 392 403 397 406 394 393 407 406 393 408 407 393 408 393 395 396 394 409 409 394 406 395 399 410 395 410 408 397 396 398 398 396 409 398 409 399 399 409 411 399 411 410 400 412 404 413 412 400 413 400 401 414 413 401 414 401 402 415 414 402 415 402 405 405 402 403 416 417 404 416 404 412 415 404 417 405 404 415 418 406 407 409 406 411 411 406 418 419 418 407 420 419 407 420 407 408 408 410 421 408 421 420 410 411 422 410 422 421 411 418 422 423 416 412 423 412 413 424 423 413 424 413 414 425 424 414 425 414 415 415 417 425 426 427 416 426 416 423 416 427 428 417 416 428 425 417 428 422 418 429 418 419 429 419 430 429 431 430 419 431 419 420 420 421 432 420 432 431 421 422 429 421 429 432 433 426 423 433 423 424 434 433 424 434 424 425 425 428 434 435 436 426 436 427 426 435 426 433 436 437 427 427 437 428 434 428 438 437 438 428 432 429 439 440 439 429 440 429 430 441 440 430 441 430 431 431 432 442 431 442 441 432 439 442 443 435 433 443 433 434 434 438 443 444 445 435 445 436 435 444 435 443 445 446 436 446 437 436 446 447 437 438 437 447 443 438 448 448 438 447 442 439 449 450 449 439 450 439 440 451 450 440 451 440 441 441 442 452 441 452 451 442 449 452 443 448 444 453 445 444 444 454 453 444 448 454 453 455 445 455 446 445 455 456 446 456 447 446 456 457 447 447 457 448 457 454 448 450 452 449 450 451 452 453 456 455 453 454 456 454 457 456 458 459 460 461 462 458 461 458 463 462 464 458 463 458 460 458 464 459 459 465 460 464 466 459 459 466 467 459 467 465 465 468 460 463 460 469 470 469 460 460 471 472 460 472 470 460 468 473 473 471 460 474 475 461 475 462 461 474 461 476 476 461 463 477 462 475 477 478 462 462 478 464 476 463 479 479 463 469 478 480 464 464 480 466 468 465 481 465 467 482 465 482 481 480 472 466 466 472 471 466 471 467 467 471 483 467 483 482 482 473 468 482 468 481 479 469 470 470 472 484 470 484 479 473 483 471 480 484 472 482 483 473 485 486 474 474 486 487 487 475 474 485 474 476 488 477 475 488 475 489 487 489 475 476 490 485 479 490 476 488 491 477 477 491 478 491 492 478 478 492 480 479 484 490 492 484 480 492 490 484 493 486 485 493 485 494 494 485 490 495 496 486 495 486 493 487 486 496 487 496 497 497 489 487 498 488 489 499 488 498 488 499 491 500 498 489 497 500 489 494 490 492 499 494 491 491 494 492 501 495 493 501 493 499 499 493 494 502 503 495 502 495 501 503 496 495 503 504 496 497 496 504 497 504 505 505 500 497 506 507 498 506 498 500 507 501 498 498 501 499 505 506 500 507 502 501 508 509 502 508 502 507 509 503 502 509 510 503 510 504 503 510 511 504 505 504 511 505 511 512 512 506 505 512 513 506 513 507 506 513 508 507 514 515 508 514 508 513 515 509 508 515 516 509 516 510 509 516 517 510 517 511 510 517 518 511 512 511 518 512 518 519 519 513 512 519 514 513 520 521 514 521 515 514 520 514 519 521 522 515 522 516 515 522 523 516 523 517 516 523 524 517 524 518 517 524 525 518 519 518 525 519 525 520 520 526 527 527 521 520 520 525 526 527 528 521 528 522 521 528 529 522 529 523 522 529 530 523 530 524 523 530 531 524 531 525 524 531 526 525 532 533 526 527 526 533 532 526 531 527 533 534 534 528 527 534 535 528 535 529 528 535 536 529 536 530 529 536 537 530 537 531 530 537 532 531 538 539 532 538 532 537 539 533 532 539 540 533 534 533 540 534 540 541 541 535 534 541 542 535 542 536 535 542 543 536 543 537 536 543 538 537 544 545 538 544 538 543 545 539 538 545 546 539 546 540 539 546 547 540 541 540 547 541 547 548 548 542 541 548 549 542 549 543 542 549 544 543 548 547 544 548 544 549 547 545 544 547 546 545 550 551 552 553 554 550 554 551 550 553 550 552 551 555 552 551 556 555 554 557 551 557 556 551 552 555 558 552 558 553 553 558 559 560 554 553 553 559 560 560 561 554 561 557 554 555 556 558 557 562 556 556 562 558 561 563 557 563 562 557 559 558 562 560 559 564 559 565 564 565 559 562 566 561 560 560 564 566 566 567 561 567 563 561 563 565 562 567 568 563 568 565 563 566 564 569 565 570 564 569 564 570 568 570 565 571 567 566 566 569 571 572 568 567 571 572 567 572 573 568 573 570 568 571 569 574 575 569 570 569 575 574 573 575 570 576 572 571 571 574 576 577 573 572 576 577 572 577 578 573 578 575 573 576 574 579 575 580 574 579 574 580 578 580 575 581 577 576 576 579 581 582 578 577 581 582 577 582 583 578 583 580 578 581 579 584 585 584 579 586 585 579 586 579 580 583 586 580 587 582 581 581 584 587 588 583 582 587 588 582 588 589 583 589 586 583 587 584 590 585 591 584 591 590 584 589 585 586 592 585 589 592 591 585 593 588 587 587 590 593 594 589 588 593 594 588 594 592 589 593 590 595 596 595 590 591 596 590 597 591 592 597 596 591 598 597 592 598 592 594 599 594 593 593 595 599 599 598 594 599 595 600 601 600 595 596 601 595 602 596 597 602 601 596 603 602 597 603 597 598 604 603 598 604 598 599 599 600 604 604 600 605 606 607 600 605 600 607 601 606 600 608 601 602 608 606 601 609 608 602 609 602 603 610 609 603 610 603 604 604 605 610 610 605 611 611 605 607 612 606 608 612 607 606 613 607 612 613 614 607 607 614 611 615 612 608 615 608 609 616 615 609 616 609 610 610 611 616 616 611 617 614 617 611 618 613 612 618 612 615 619 620 613 620 614 613 619 613 618 620 621 614 614 621 617 622 618 615 622 615 616 616 617 622 622 617 623 621 623 617 624 619 618 624 618 622 625 620 619 626 625 619 626 619 624 625 627 620 627 621 620 627 628 621 628 629 621 629 623 621 622 623 624 629 630 623 630 624 623 624 630 626 629 625 626 629 627 625 630 629 626 627 629 628 631 632 633 634 635 631 634 631 636 635 637 631 636 631 633 631 637 632 632 638 639 637 638 632 632 639 640 633 632 640 633 640 641 642 633 641 636 633 642 643 644 634 643 634 645 644 635 634 645 634 636 644 646 635 646 647 635 635 647 637 645 636 648 648 636 642 647 649 637 637 649 638 638 650 639 638 651 650 649 651 638 639 652 653 639 650 652 640 639 653 640 653 654 641 640 654 642 641 655 641 654 656 655 641 656 657 642 655 648 642 657 658 659 643 658 643 660 659 644 643 660 643 645 659 661 644 661 646 644 660 645 662 662 645 648 661 663 646 663 664 646 646 664 647 664 665 647 647 665 649 662 648 649 649 648 657 665 662 649 649 657 651 651 666 650 650 667 652 650 666 667 651 657 666 656 652 667 656 653 652 656 654 653 657 655 666 655 656 668 666 655 668 656 667 668 669 670 658 669 658 671 670 659 658 671 658 660 670 672 659 672 661 659 671 660 673 673 660 662 672 674 661 674 663 661 673 662 665 674 675 663 675 676 663 663 676 664 676 673 664 664 673 665 666 668 667 677 678 669 678 670 669 677 669 679 679 669 671 678 680 670 680 672 670 679 671 676 676 671 673 680 681 672 681 674 672 681 682 674 682 675 674 682 683 675 683 679 675 675 679 676 684 685 677 684 677 683 685 678 677 683 677 679 685 686 678 686 680 678 686 687 680 687 681 680 687 688 681 688 682 681 688 689 682 689 683 682 689 684 683 690 691 684 690 684 689 691 685 684 691 692 685 692 686 685 692 693 686 693 687 686 693 694 687 694 688 687 694 695 688 695 689 688 695 690 689 696 697 690 696 690 695 697 691 690 697 698 691 698 692 691 698 699 692 699 693 692 699 700 693 700 694 693 700 701 694 701 695 694 701 696 695 702 703 696 702 696 701 703 697 696 703 704 697 704 698 697 704 705 698 705 699 698 705 706 699 706 700 699 706 707 700 707 701 700 707 702 701 708 709 702 708 702 707 709 703 702 709 710 703 710 704 703 710 711 704 711 705 704 712 705 711 712 706 705 712 713 706 713 707 706 713 708 707 714 715 708 715 709 708 714 708 713 715 716 709 716 710 709 716 717 710 717 711 710 717 718 711 712 711 718 718 719 712 719 713 712 719 714 713 720 721 714 721 715 714 720 714 719 721 722 715 722 716 715 722 723 716 723 717 716 723 724 717 724 718 717 724 725 718 725 719 718 725 720 719 725 721 720 721 725 724 721 724 723 721 723 722 726 727 728 726 728 729 727 726 730 730 726 731 726 732 731 726 729 732 728 727 733 727 734 733 727 730 734 729 728 735 728 733 735 729 735 732 730 731 734 734 731 736 731 737 736 731 732 737 732 738 737 732 735 738 735 733 739 733 740 739 733 734 740 734 736 740 735 739 738 740 736 741 736 742 741 736 737 742 737 743 742 737 738 743 738 744 743 738 739 744 739 740 745 739 745 744 740 741 745 745 741 746 741 747 746 741 742 747 742 748 747 742 743 748 743 749 748 743 744 749 744 750 749 744 745 750 745 746 750 746 747 751 746 751 752 750 746 752 747 753 751 747 748 753 748 754 753 748 749 754 749 755 754 749 750 755 750 752 755 751 753 756 751 756 757 752 751 757 755 752 758 752 757 758 753 759 756 753 754 759 754 760 759 754 755 760 755 758 760 756 759 761 756 761 762 757 756 762 758 757 763 757 762 763 760 758 764 758 763 764 759 765 761 759 760 765 760 764 765 761 765 766 761 766 767 762 761 767 762 767 768 763 762 768 764 763 769 763 768 769 765 764 770 764 769 770 765 770 766 766 770 771 766 771 772 767 766 772 767 772 773 768 767 773 769 768 774 768 773 774 770 769 775 769 774 775 775 771 770 771 775 772 775 773 772 775 774 773 776 777 778 779 776 780 781 782 776 776 778 780 782 777 776 781 776 779 782 783 777 777 784 785 777 785 778 783 784 777 778 785 786 778 786 780 784 779 786 787 781 779 787 779 784 779 780 786 788 789 781 788 781 787 789 782 781 789 790 782 790 783 782 790 791 783 783 787 784 791 787 783 784 786 785 791 788 787 792 793 788 792 788 791 793 789 788 793 794 789 794 790 789 794 795 790 795 791 790 795 792 791 796 797 792 796 792 795 797 793 792 797 798 793 798 794 793 798 799 794 799 795 794 799 796 795 800 801 796 801 797 796 800 796 799 801 802 797 802 798 797 802 803 798 803 799 798 803 800 799 804 805 800 804 800 803 805 801 800 805 806 801 806 802 801 806 807 802 807 803 802 807 804 803 808 809 804 808 804 807 809 805 804 809 810 805 810 806 805 810 811 806 811 807 806 811 808 807 812 813 808 812 808 811 813 809 808 813 814 809 814 810 809 814 815 810 815 811 810 815 812 811 816 817 812 817 813 812 816 812 815 817 818 813 818 814 813 818 819 814 819 815 814 819 816 815 820 821 816 820 816 819 821 817 816 821 822 817 822 818 817 822 823 818 823 819 818 823 820 819 824 825 820 824 820 823 825 821 820 825 826 821 826 822 821 826 827 822 827 823 822 827 824 823 828 829 824 824 827 828 829 825 824 829 830 825 830 826 825 830 831 826 831 827 826 831 828 827 832 833 828 833 829 828 832 828 831 833 834 829 834 830 829 834 835 830 835 831 830 835 832 831 836 837 832 836 832 835 837 833 832 837 838 833 838 834 833 838 839 834 839 835 834 839 836 835 836 839 838 836 838 837 840 841 842 843 840 844 845 846 840 844 840 842 840 846 841 843 845 840 846 847 841 842 841 847 844 842 848 842 847 848 849 843 850 851 845 843 850 843 844 849 851 843 850 844 852 852 844 848 853 854 845 845 854 846 851 853 845 854 852 846 846 852 847 852 848 847 855 849 856 857 851 849 856 849 850 855 857 849 856 850 854 854 850 852 858 853 851 857 858 851 859 856 853 853 856 854 858 859 853 860 855 859 861 857 855 859 855 856 860 861 855 862 858 857 861 862 857 863 859 858 862 863 858 863 860 859 864 860 863 865 861 860 864 865 860 866 862 861 865 866 861 867 863 862 866 867 862 867 864 863 868 864 867 869 865 864 868 869 864 870 866 865 869 870 865 871 867 866 870 871 866 871 868 867 872 868 871 873 869 868 872 873 868 874 870 869 873 874 869 875 871 870 874 875 870 875 872 871 876 872 875 877 873 872 876 877 872 878 874 873 877 878 873 879 875 874 878 879 874 879 876 875 880 876 879 881 877 876 880 881 876 882 878 877 881 882 877 883 879 878 882 883 878 883 880 879 884 880 883 885 881 880 884 885 880 886 882 881 885 886 881 887 883 882 886 887 882 887 884 883 888 884 887 889 885 884 888 889 884 890 886 885 889 890 885 891 887 886 890 891 886 891 888 887 892 888 891 893 889 888 892 893 888 894 890 889 893 894 889 895 891 890 894 895 890 895 892 891 896 892 895 897 893 892 896 897 892 898 894 893 897 898 893 899 895 894 898 899 894 899 896 895 900 896 899 901 897 896 900 901 896 902 897 901 897 902 898 902 903 898 904 899 898 903 904 898 904 900 899 900 904 903 901 900 903 903 902 901 905 906 907 908 905 909 910 911 905 905 907 909 911 906 905 910 905 908 911 912 906 906 913 914 906 914 907 912 913 906 907 914 915 916 909 907 916 907 915 917 908 918 919 910 908 919 908 917 908 909 918 916 918 909 920 921 910 920 910 919 921 911 910 921 922 911 922 912 911 922 923 912 912 924 913 923 924 912 913 925 915 913 915 914 924 925 913 925 916 915 925 917 916 917 918 916 926 919 917 926 917 925 927 920 919 927 919 926 928 929 920 928 920 927 929 921 920 929 930 921 930 922 921 930 931 922 931 923 922 931 932 923 923 933 924 932 933 923 924 926 925 933 926 924 933 927 926 934 928 927 934 927 933 935 936 928 935 928 934 936 929 928 936 937 929 937 930 929 937 938 930 938 931 930 938 939 931 939 932 931 939 940 932 932 934 933 940 934 932 940 935 934 941 942 935 941 935 940 936 935 942 942 943 936 943 937 936 943 944 937 944 938 937 944 945 938 945 939 938 945 946 939 946 940 939 946 941 940 947 948 941 947 941 946 948 942 941 948 949 942 949 943 942 949 950 943 950 944 943 950 951 944 951 945 944 951 952 945 952 946 945 952 947 946 953 954 947 954 948 947 953 947 952 954 955 948 955 949 948 955 956 949 956 950 949 956 957 950 957 951 950 957 958 951 958 952 951 958 953 952 959 960 953 959 953 958 960 954 953 960 961 954 961 955 954 961 962 955 962 956 955 962 963 956 963 957 956 963 964 957 964 958 957 964 959 958 965 966 959 965 959 964 966 960 959 966 967 960 967 961 960 967 968 961 968 962 961 968 969 962 969 963 962 969 970 963 970 964 963 970 965 964 971 965 972 972 965 970 971 966 965 971 973 966 973 967 966 973 974 967 974 968 967 974 975 968 975 969 968 975 976 969 976 970 969 976 972 970 977 971 972 977 978 971 978 973 971 979 977 972 979 972 976 978 980 973 980 974 973 980 981 974 981 975 974 981 982 975 982 976 975 982 979 976 983 977 979 983 984 977 984 978 977 984 985 978 985 980 978 986 983 979 986 979 982 985 987 980 987 981 980 987 988 981 988 982 981 988 986 982 989 983 986 989 990 983 990 984 983 990 991 984 991 985 984 991 992 985 992 987 985 993 989 986 993 986 988 992 994 987 994 988 987 994 993 988 995 989 993 995 996 989 996 990 989 996 997 990 997 991 990 997 998 991 998 992 991 998 999 992 999 994 992 1000 995 993 1000 993 994 999 1000 994 995 1000 999 995 999 998 995 998 997 995 997 996 1001 1002 1003 1004 1001 1005 1006 1007 1001 1001 1003 1005 1007 1002 1001 1006 1001 1004 1007 1008 1002 1002 1009 1010 1002 1010 1003 1008 1009 1002 1003 1010 1011 1003 1011 1012 1003 1012 1013 1003 1013 1005 1014 1004 1013 1015 1006 1004 1015 1004 1014 1004 1005 1013 1016 1017 1006 1016 1006 1015 1017 1007 1006 1017 1018 1007 1018 1008 1007 1018 1019 1008 1008 1020 1009 1019 1020 1008 1009 1021 1011 1009 1011 1010 1020 1021 1009 1021 1012 1011 1021 1014 1012 1014 1013 1012 1022 1015 1014 1022 1014 1021 1023 1016 1015 1023 1015 1022 1024 1025 1016 1024 1016 1023 1025 1017 1016 1025 1026 1017 1026 1018 1017 1026 1027 1018 1027 1019 1018 1027 1028 1019 1019 1029 1020 1028 1029 1019 1020 1022 1021 1029 1022 1020 1029 1023 1022 1030 1024 1023 1030 1023 1029 1031 1032 1024 1031 1024 1030 1032 1025 1024 1032 1033 1025 1033 1026 1025 1033 1034 1026 1034 1027 1026 1034 1035 1027 1035 1028 1027 1035 1036 1028 1028 1030 1029 1036 1030 1028 1036 1031 1030 1037 1038 1031 1037 1031 1036 1038 1032 1031 1038 1039 1032 1039 1033 1032 1039 1040 1033 1040 1034 1033 1040 1041 1034 1041 1035 1034 1041 1042 1035 1042 1036 1035 1042 1037 1036 1043 1044 1037 1043 1037 1042 1044 1038 1037 1044 1045 1038 1045 1039 1038 1045 1046 1039 1046 1040 1039 1046 1047 1040 1047 1041 1040 1047 1048 1041 1048 1042 1041 1048 1043 1042 1049 1050 1043 1050 1044 1043 1049 1043 1048 1050 1051 1044 1051 1045 1044 1051 1052 1045 1052 1046 1045 1052 1053 1046 1053 1047 1046 1053 1054 1047 1054 1048 1047 1054 1049 1048 1055 1056 1049 1055 1049 1054 1056 1050 1049 1056 1057 1050 1057 1051 1050 1057 1058 1051 1058 1052 1051 1058 1059 1052 1059 1053 1052 1059 1060 1053 1060 1054 1053 1060 1055 1054 1061 1062 1055 1061 1055 1060 1062 1056 1055 1062 1063 1056 1063 1057 1056 1063 1064 1057 1064 1058 1057 1064 1065 1058 1065 1059 1058 1065 1066 1059 1066 1060 1059 1066 1061 1060 1067 1068 1061 1067 1061 1066 1068 1062 1061 1068 1069 1062 1069 1063 1062 1069 1070 1063 1070 1064 1063 1070 1071 1064 1071 1065 1064 1071 1072 1065 1072 1066 1065 1072 1067 1066 1073 1074 1067 1073 1067 1072 1074 1068 1067 1074 1075 1068 1075 1069 1068 1075 1076 1069 1076 1070 1069 1076 1077 1070 1077 1071 1070 1078 1071 1077 1078 1072 1071 1078 1073 1072 1079 1080 1073 1079 1073 1078 1080 1074 1073 1080 1081 1074 1081 1075 1074 1081 1082 1075 1082 1076 1075 1082 1083 1076 1083 1077 1076 1083 1084 1077 1084 1078 1077 1084 1079 1078 1085 1086 1079 1086 1080 1079 1085 1079 1084 1086 1087 1080 1087 1081 1080 1087 1088 1081 1088 1082 1081 1088 1089 1082 1089 1083 1082 1089 1090 1083 1090 1084 1083 1090 1085 1084 1091 1092 1085 1091 1085 1090 1092 1086 1085 1092 1093 1086 1093 1087 1086 1093 1094 1087 1094 1088 1087 1094 1095 1088 1095 1089 1088 1095 1096 1089 1096 1090 1089 1096 1091 1090 1091 1096 1093 1091 1093 1092 1093 1096 1095 1093 1095 1094 1097 1098 1099 1100 1097 1101 1102 1103 1097 1097 1099 1101 1103 1098 1097 1102 1097 1100 1103 1104 1098 1098 1105 1106 1098 1106 1099 1104 1105 1098 1099 1106 1107 1099 1107 1108 1099 1108 1109 1099 1109 1101 1110 1100 1109 1111 1102 1100 1100 1110 1111 1100 1101 1109 1112 1113 1102 1112 1102 1111 1113 1103 1102 1113 1114 1103 1114 1104 1103 1114 1115 1104 1104 1116 1105 1115 1116 1104 1105 1117 1107 1105 1107 1106 1116 1117 1105 1117 1108 1107 1117 1110 1108 1110 1109 1108 1118 1111 1110 1118 1110 1117 1119 1112 1111 1119 1111 1118 1120 1121 1112 1120 1112 1119 1121 1113 1112 1121 1122 1113 1122 1114 1113 1122 1123 1114 1123 1115 1114 1123 1124 1115 1115 1125 1116 1124 1125 1115 1116 1118 1117 1125 1118 1116 1125 1119 1118 1126 1120 1119 1126 1119 1125 1127 1128 1120 1127 1120 1126 1128 1121 1120 1128 1129 1121 1129 1122 1121 1129 1130 1122 1130 1123 1122 1130 1131 1123 1131 1124 1123 1131 1132 1124 1124 1126 1125 1132 1126 1124 1132 1127 1126 1133 1134 1127 1133 1127 1132 1134 1128 1127 1134 1135 1128 1135 1129 1128 1135 1136 1129 1136 1130 1129 1136 1137 1130 1137 1131 1130 1137 1138 1131 1138 1132 1131 1138 1133 1132 1139 1140 1133 1139 1133 1138 1140 1134 1133 1140 1141 1134 1141 1135 1134 1141 1142 1135 1142 1136 1135 1142 1143 1136 1143 1137 1136 1143 1144 1137 1144 1138 1137 1144 1139 1138 1145 1146 1139 1146 1140 1139 1145 1139 1144 1146 1147 1140 1147 1141 1140 1147 1148 1141 1148 1142 1141 1148 1149 1142 1149 1143 1142 1149 1150 1143 1150 1144 1143 1150 1145 1144 1151 1152 1145 1151 1145 1150 1152 1146 1145 1152 1153 1146 1153 1147 1146 1153 1154 1147 1154 1148 1147 1154 1155 1148 1155 1149 1148 1155 1156 1149 1156 1150 1149 1156 1151 1150 1157 1158 1151 1157 1151 1156 1158 1152 1151 1158 1159 1152 1159 1153 1152 1159 1160 1153 1160 1154 1153 1160 1161 1154 1161 1155 1154 1161 1162 1155 1162 1156 1155 1162 1157 1156 1163 1164 1157 1163 1157 1162 1164 1158 1157 1164 1165 1158 1159 1158 1165 1165 1166 1159 1166 1160 1159 1166 1167 1160 1167 1161 1160 1167 1168 1161 1168 1162 1161 1168 1163 1162 1169 1170 1163 1169 1163 1168 1170 1164 1163 1170 1171 1164 1171 1165 1164 1171 1172 1165 1172 1166 1165 1172 1173 1166 1173 1167 1166 1173 1174 1167 1174 1168 1167 1174 1169 1168 1175 1176 1169 1175 1169 1174 1176 1170 1169 1176 1177 1170 1177 1171 1170 1177 1178 1171 1178 1172 1171 1178 1179 1172 1179 1173 1172 1179 1180 1173 1180 1174 1173 1180 1175 1174 1181 1182 1175 1182 1176 1175 1181 1175 1180 1182 1183 1176 1183 1177 1176 1183 1184 1177 1184 1178 1177 1184 1185 1178 1185 1179 1178 1185 1186 1179 1186 1180 1179 1186 1181 1180 1187 1188 1181 1181 1186 1187 1188 1182 1181 1188 1189 1182 1189 1183 1182 1189 1190 1183 1190 1184 1183 1190 1191 1184 1191 1185 1184 1191 1192 1185 1192 1186 1185 1192 1187 1186 1188 1187 1190 1192 1191 1187 1187 1191 1190 1188 1190 1189 1193 1194 1195 1196 1197 1193 1196 1193 1198 1197 1199 1193 1193 1195 1198 1193 1199 1194 1199 1200 1194 1194 1201 1202 1194 1200 1201 1195 1194 1202 1198 1195 1203 1195 1202 1204 1203 1195 1204 1205 1196 1198 1206 1207 1196 1207 1197 1196 1206 1196 1205 1208 1209 1197 1207 1208 1197 1209 1210 1197 1199 1197 1210 1205 1198 1211 1211 1198 1203 1199 1210 1200 1200 1212 1201 1200 1213 1212 1210 1213 1200 1201 1214 1215 1202 1201 1215 1201 1212 1214 1202 1215 1216 1204 1202 1216 1203 1204 1217 1218 1203 1217 1211 1203 1218 1217 1204 1219 1204 1216 1219 1220 1205 1221 1220 1222 1205 1222 1206 1205 1221 1205 1223 1205 1211 1223 1224 1206 1222 1224 1225 1206 1225 1207 1206 1225 1226 1207 1226 1208 1207 1208 1227 1209 1226 1228 1208 1228 1227 1208 1227 1221 1209 1210 1209 1221 1210 1223 1213 1223 1210 1221 1223 1211 1218 1212 1229 1230 1212 1230 1214 1213 1229 1212 1213 1218 1229 1223 1218 1213 1214 1231 1232 1215 1214 1232 1214 1230 1231 1215 1232 1233 1216 1215 1233 1216 1233 1234 1219 1216 1234 1217 1219 1235 1229 1217 1235 1218 1217 1229 1219 1234 1236 1235 1219 1236 1237 1222 1220 1237 1220 1227 1227 1220 1221 1237 1224 1222 1238 1224 1237 1238 1239 1224 1239 1225 1224 1239 1240 1225 1240 1226 1225 1241 1228 1226 1240 1241 1226 1228 1237 1227 1242 1237 1228 1241 1242 1228 1229 1235 1230 1230 1243 1231 1230 1235 1243 1231 1244 1245 1232 1231 1245 1231 1243 1244 1232 1245 1246 1233 1232 1246 1233 1246 1247 1234 1233 1247 1234 1247 1248 1236 1234 1248 1235 1236 1243 1236 1248 1249 1243 1236 1249 1250 1238 1237 1250 1237 1242 1251 1239 1238 1252 1251 1238 1252 1238 1250 1251 1253 1239 1253 1240 1239 1253 1254 1240 1254 1241 1240 1254 1255 1241 1255 1242 1241 1250 1242 1255 1243 1249 1244 1244 1256 1257 1245 1244 1257 1244 1249 1256 1245 1257 1258 1246 1245 1258 1246 1258 1259 1247 1246 1259 1247 1259 1260 1248 1247 1260 1248 1260 1261 1249 1248 1261 1249 1261 1256 1262 1252 1250 1262 1250 1255 1263 1253 1251 1264 1263 1251 1264 1251 1252 1265 1264 1252 1265 1252 1262 1263 1266 1253 1266 1254 1253 1266 1267 1254 1267 1255 1254 1267 1268 1255 1268 1262 1255 1256 1269 1270 1257 1256 1270 1256 1261 1269 1257 1270 1271 1258 1257 1271 1258 1271 1272 1259 1258 1272 1259 1272 1273 1260 1259 1273 1261 1260 1273 1261 1273 1269 1268 1265 1262 1265 1266 1263 1263 1264 1265 1267 1265 1268 1265 1267 1266 1274 1270 1269 1275 1274 1269 1269 1276 1275 1273 1277 1269 1277 1276 1269 1278 1271 1270 1279 1278 1270 1270 1274 1279 1271 1280 1272 1271 1278 1280 1272 1281 1273 1280 1282 1272 1272 1282 1281 1273 1283 1284 1284 1277 1273 1281 1283 1273 1279 1274 1285 1275 1285 1274 1275 1276 1286 1285 1275 1286 1277 1286 1276 1277 1284 1287 1286 1277 1287 1280 1278 1288 1279 1288 1278 1288 1279 1285 1280 1289 1282 1289 1280 1288 1281 1290 1283 1281 1282 1290 1282 1289 1290 1283 1290 1287 1284 1283 1287 1288 1285 1289 1285 1286 1289 1286 1287 1289 1287 1290 1289 1291 1292 1293 1294 1295 1291 1293 1294 1291 1296 1297 1291 1295 1296 1291 1292 1291 1297 1292 1298 1299 1292 1299 1300 1292 1301 1298 1302 1301 1292 1302 1292 1297 1292 1300 1293 1300 1303 1293 1293 1304 1294 1293 1303 1304 1294 1304 1305 1294 1305 1306 1295 1294 1306 1307 1295 1308 1295 1306 1308 1307 1296 1295 1309 1297 1296 1303 1309 1296 1303 1296 1307 1310 1302 1297 1311 1297 1309 1312 1310 1297 1312 1297 1311 1298 1313 1314 1315 1313 1298 1315 1298 1301 1299 1298 1316 1298 1314 1316 1317 1318 1299 1299 1318 1319 1317 1299 1320 1300 1299 1319 1299 1316 1320 1300 1319 1321 1300 1321 1309 1300 1309 1303 1322 1315 1301 1322 1301 1302 1322 1302 1323 1324 1323 1302 1324 1302 1310 1303 1307 1304 1304 1307 1325 1304 1325 1305 1305 1325 1326 1305 1326 1327 1306 1305 1328 1329 1328 1305 1329 1305 1327 1308 1306 1330 1306 1328 1331 1306 1331 1330 1307 1308 1325 1326 1325 1308 1326 1308 1332 1308 1333 1332 1308 1330 1333 1309 1321 1334 1311 1309 1334 1335 1324 1310 1335 1310 1312 1336 1311 1337 1338 1311 1334 1338 1337 1311 1339 1312 1311 1339 1311 1336 1340 1335 1312 1340 1312 1339 1313 1341 1342 1313 1342 1317 1315 1341 1313 1313 1317 1343 1313 1343 1314 1314 1343 1344 1316 1314 1345 1314 1344 1345 1346 1341 1315 1322 1346 1315 1320 1316 1347 1316 1345 1347 1317 1342 1318 1317 1320 1343 1318 1342 1348 1318 1348 1349 1319 1318 1349 1319 1349 1350 1351 1321 1319 1351 1319 1350 1343 1320 1352 1320 1347 1352 1334 1321 1351 1353 1346 1322 1323 1353 1322 1323 1354 1353 1355 1354 1323 1355 1323 1324 1356 1355 1324 1356 1324 1335 1326 1332 1357 1327 1326 1358 1358 1326 1359 1357 1359 1326 1329 1327 1358 1332 1328 1329 1360 1328 1332 1360 1331 1328 1332 1329 1357 1357 1329 1361 1329 1358 1361 1333 1330 1362 1330 1331 1363 1330 1363 1362 1331 1360 1364 1331 1364 1363 1333 1360 1332 1360 1333 1365 1333 1362 1365 1334 1351 1366 1367 1334 1366 1334 1367 1368 1369 1338 1334 1334 1368 1369 1370 1356 1335 1370 1335 1340 1371 1336 1337 1372 1339 1336 1372 1336 1371 1373 1337 1338 1373 1374 1337 1374 1371 1337 1375 1338 1369 1375 1373 1338 1340 1339 1372 1372 1370 1340 1376 1377 1341 1376 1341 1378 1379 1342 1341 1377 1379 1341 1346 1378 1341 1348 1342 1380 1381 1380 1342 1379 1381 1342 1343 1352 1344 1345 1344 1382 1344 1352 1383 1344 1383 1382 1347 1345 1384 1345 1382 1384 1385 1378 1346 1353 1385 1346 1352 1347 1386 1347 1384 1386 1348 1380 1387 1387 1388 1348 1349 1348 1388 1349 1388 1389 1350 1349 1389 1350 1389 1390 1350 1390 1391 1350 1391 1351 1366 1351 1391 1352 1386 1383 1353 1392 1385 1393 1353 1354 1392 1353 1393 1394 1354 1355 1394 1393 1354 1395 1394 1355 1395 1355 1356 1395 1356 1370 1357 1361 1396 1357 1396 1359 1375 1397 1358 1375 1358 1398 1399 1358 1359 1398 1358 1399 1400 1358 1397 1400 1361 1358 1401 1402 1359 1399 1359 1402 1401 1359 1396 1360 1365 1364 1396 1361 1403 1361 1404 1405 1361 1405 1403 1400 1404 1361 1365 1362 1406 1362 1363 1407 1362 1407 1406 1363 1408 1407 1363 1364 1408 1364 1365 1409 1364 1409 1408 1365 1406 1409 1366 1391 1410 1411 1366 1410 1367 1366 1411 1412 1367 1411 1368 1367 1412 1368 1413 1369 1368 1412 1414 1368 1414 1413 1415 1371 1369 1416 1375 1369 1416 1369 1371 1369 1413 1415 1395 1370 1417 1370 1418 1417 1418 1370 1372 1374 1416 1371 1371 1415 1372 1419 1418 1372 1420 1372 1415 1420 1421 1372 1372 1421 1422 1372 1422 1423 1372 1423 1419 1398 1373 1375 1398 1374 1373 1399 1416 1374 1398 1399 1374 1402 1375 1416 1402 1397 1375 1376 1424 1425 1426 1424 1376 1376 1425 1377 1378 1426 1376 1377 1425 1427 1377 1427 1379 1378 1428 1426 1385 1428 1378 1381 1379 1429 1379 1427 1430 1379 1430 1429 1380 1431 1432 1433 1431 1380 1380 1432 1387 1433 1380 1381 1433 1381 1434 1381 1429 1434 1384 1382 1435 1382 1383 1436 1382 1436 1435 1383 1386 1437 1383 1437 1436 1386 1384 1438 1384 1435 1438 1439 1428 1385 1392 1439 1385 1386 1438 1437 1387 1432 1440 1387 1441 1388 1387 1440 1441 1388 1441 1442 1428 1388 1442 1443 1388 1428 1389 1388 1443 1444 1389 1443 1390 1389 1444 1390 1444 1445 1391 1390 1445 1446 1391 1445 1410 1391 1446 1447 1439 1392 1445 1444 1392 1448 1392 1444 1448 1447 1392 1392 1393 1445 1393 1394 1449 1450 1445 1393 1449 1450 1393 1394 1451 1449 1410 1394 1395 1451 1394 1446 1394 1410 1446 1410 1395 1452 1395 1417 1452 1401 1396 1453 1453 1396 1454 1396 1403 1454 1401 1397 1402 1401 1400 1397 1399 1402 1416 1455 1400 1401 1400 1456 1404 1455 1456 1400 1457 1458 1401 1453 1459 1401 1457 1401 1459 1455 1401 1458 1454 1403 1460 1403 1405 1461 1403 1461 1460 1404 1453 1462 1453 1404 1456 1404 1462 1405 1405 1462 1463 1405 1463 1461 1409 1406 1464 1406 1407 1465 1406 1465 1464 1407 1466 1465 1407 1408 1466 1408 1409 1467 1408 1467 1466 1409 1464 1467 1411 1410 1468 1469 1468 1410 1410 1452 1470 1469 1410 1470 1414 1411 1468 1412 1411 1414 1413 1414 1469 1423 1413 1470 1413 1421 1420 1413 1420 1415 1422 1421 1413 1423 1422 1413 1413 1469 1470 1414 1468 1471 1414 1471 1469 1418 1419 1417 1452 1417 1472 1417 1473 1472 1417 1419 1473 1470 1419 1423 1419 1470 1474 1419 1474 1473 1424 1475 1476 1477 1475 1424 1424 1476 1425 1426 1477 1424 1425 1476 1478 1425 1479 1480 1425 1478 1479 1427 1425 1480 1481 1477 1426 1482 1481 1426 1428 1482 1426 1427 1480 1433 1427 1433 1483 1427 1483 1430 1428 1442 1482 1443 1428 1439 1434 1429 1484 1429 1430 1485 1429 1485 1484 1430 1483 1486 1430 1486 1485 1431 1487 1488 1489 1487 1431 1431 1488 1432 1480 1489 1431 1480 1431 1433 1432 1488 1490 1432 1490 1440 1433 1434 1483 1483 1434 1491 1434 1484 1491 1438 1435 1492 1435 1436 1493 1435 1493 1492 1436 1437 1494 1436 1494 1493 1437 1438 1495 1437 1495 1494 1438 1492 1495 1496 1443 1439 1447 1496 1439 1440 1490 1497 1440 1497 1498 1441 1440 1499 1499 1440 1498 1442 1441 1499 1500 1442 1499 1501 1482 1442 1500 1501 1442 1496 1502 1443 1502 1444 1443 1502 1448 1444 1503 1446 1445 1450 1503 1445 1503 1451 1446 1504 1496 1447 1505 1504 1447 1505 1447 1448 1506 1448 1502 1506 1505 1448 1507 1450 1449 1508 1449 1451 1508 1507 1449 1509 1503 1450 1507 1509 1450 1510 1451 1503 1510 1508 1451 1470 1452 1511 1452 1472 1511 1456 1459 1453 1453 1454 1462 1462 1454 1512 1454 1460 1512 1455 1458 1513 1455 1513 1514 1455 1515 1456 1514 1515 1455 1515 1459 1456 1516 1517 1457 1518 1457 1515 1515 1457 1459 1518 1516 1457 1517 1458 1457 1517 1513 1458 1512 1460 1519 1460 1461 1520 1460 1520 1519 1461 1463 1521 1461 1521 1520 1462 1512 1463 1463 1512 1522 1463 1522 1521 1467 1464 1523 1464 1465 1524 1464 1524 1523 1465 1466 1525 1465 1525 1524 1466 1467 1526 1466 1526 1525 1467 1523 1526 1471 1468 1469 1470 1511 1474 1511 1472 1527 1472 1473 1527 1473 1474 1528 1473 1528 1527 1474 1511 1529 1474 1529 1530 1474 1530 1528 1475 1531 1532 1533 1531 1475 1475 1532 1476 1477 1533 1475 1476 1532 1534 1476 1534 1478 1535 1533 1477 1498 1535 1477 1498 1477 1481 1478 1534 1479 1479 1534 1536 1489 1479 1537 1480 1479 1489 1479 1536 1537 1499 1498 1481 1538 1539 1481 1539 1499 1481 1538 1481 1482 1501 1538 1482 1483 1491 1486 1491 1484 1540 1484 1485 1541 1484 1541 1540 1485 1486 1542 1485 1542 1541 1486 1491 1543 1486 1543 1542 1487 1544 1545 1546 1544 1487 1487 1545 1488 1546 1487 1489 1488 1545 1547 1488 1547 1490 1546 1489 1548 1489 1537 1548 1490 1547 1549 1497 1490 1549 1491 1540 1543 1495 1492 1550 1492 1493 1551 1492 1551 1550 1493 1494 1552 1493 1552 1551 1494 1495 1553 1494 1553 1552 1495 1550 1553 1504 1554 1496 1554 1502 1496 1555 1497 1549 1555 1556 1497 1497 1535 1498 1556 1535 1497 1539 1500 1499 1557 1500 1539 1557 1558 1500 1558 1501 1500 1559 1538 1501 1558 1559 1501 1554 1506 1502 1509 1510 1503 1560 1561 1504 1560 1504 1505 1561 1554 1504 1562 1505 1506 1562 1560 1505 1563 1506 1554 1563 1562 1506 1564 1509 1507 1565 1564 1507 1565 1507 1508 1566 1508 1510 1566 1565 1508 1567 1510 1509 1564 1567 1509 1567 1566 1510 1511 1568 1529 1527 1568 1511 1512 1519 1522 1517 1569 1513 1514 1513 1569 1514 1570 1515 1514 1569 1571 1571 1570 1514 1572 1518 1515 1572 1515 1570 1516 1573 1517 1574 1573 1516 1575 1574 1516 1575 1516 1518 1517 1576 1569 1577 1576 1517 1573 1578 1517 1578 1577 1517 1579 1575 1518 1579 1518 1572 1522 1519 1520 1522 1520 1521 1526 1523 1580 1523 1524 1581 1523 1581 1580 1524 1525 1582 1524 1582 1581 1525 1526 1583 1525 1583 1582 1526 1580 1583 1527 1584 1568 1528 1584 1527 1530 1584 1528 1529 1568 1585 1586 1530 1529 1586 1529 1585 1530 1587 1588 1587 1530 1586 1530 1588 1584 1531 1589 1590 1591 1589 1531 1531 1590 1532 1533 1591 1531 1532 1590 1592 1532 1592 1534 1593 1591 1533 1535 1593 1533 1534 1592 1594 1534 1594 1546 1534 1546 1595 1534 1595 1536 1535 1596 1593 1597 1596 1535 1556 1597 1535 1536 1595 1598 1537 1536 1599 1536 1598 1599 1548 1537 1600 1537 1599 1600 1559 1601 1538 1601 1539 1538 1601 1557 1539 1543 1540 1602 1540 1541 1603 1540 1603 1602 1541 1542 1604 1541 1604 1603 1542 1543 1605 1542 1605 1604 1543 1602 1605 1544 1606 1607 1544 1607 1545 1594 1606 1544 1594 1544 1546 1545 1607 1608 1545 1608 1547 1546 1548 1595 1549 1547 1608 1595 1548 1609 1548 1600 1609 1549 1608 1610 1549 1610 1611 1612 1555 1549 1612 1549 1596 1549 1611 1596 1553 1550 1551 1553 1551 1552 1561 1563 1554 1613 1555 1612 1613 1614 1555 1614 1556 1555 1615 1597 1556 1614 1615 1556 1616 1557 1601 1616 1617 1557 1617 1558 1557 1618 1559 1558 1617 1618 1558 1618 1619 1559 1619 1601 1559 1620 1621 1560 1620 1560 1562 1621 1561 1560 1621 1622 1561 1622 1563 1561 1623 1562 1563 1623 1620 1562 1622 1623 1563 1587 1567 1564 1588 1587 1564 1624 1564 1565 1588 1564 1624 1625 1565 1566 1626 1624 1565 1625 1626 1565 1566 1567 1587 1627 1566 1587 1627 1628 1566 1628 1625 1566 1568 1629 1585 1568 1584 1630 1568 1630 1629 1631 1569 1576 1571 1569 1632 1631 1632 1569 1571 1577 1570 1633 1570 1578 1570 1633 1572 1578 1570 1577 1634 1577 1571 1571 1632 1634 1633 1573 1572 1635 1572 1573 1635 1579 1572 1573 1633 1578 1574 1635 1573 1636 1637 1574 1636 1574 1575 1637 1635 1574 1638 1636 1575 1638 1575 1579 1576 1639 1631 1576 1577 1639 1634 1639 1577 1640 1579 1635 1640 1638 1579 1582 1583 1580 1582 1580 1581 1630 1584 1588 1641 1586 1585 1642 1585 1643 1643 1585 1629 1585 1642 1641 1587 1586 1644 1586 1630 1644 1645 1586 1641 1645 1646 1586 1646 1630 1586 1644 1627 1587 1588 1624 1647 1630 1588 1647 1589 1648 1649 1650 1648 1589 1589 1649 1651 1589 1651 1590 1652 1650 1589 1591 1652 1589 1590 1651 1653 1590 1653 1654 1590 1654 1592 1611 1652 1591 1593 1596 1591 1596 1611 1591 1592 1654 1655 1594 1592 1656 1592 1655 1656 1653 1594 1657 1594 1653 1606 1594 1656 1657 1595 1609 1598 1597 1612 1596 1658 1612 1597 1615 1658 1597 1599 1598 1659 1598 1609 1660 1598 1660 1659 1600 1599 1661 1599 1659 1661 1609 1600 1662 1600 1661 1662 1619 1616 1601 1605 1602 1663 1602 1603 1664 1602 1664 1663 1603 1604 1665 1603 1665 1664 1604 1605 1666 1604 1666 1665 1605 1663 1666 1653 1667 1606 1667 1607 1606 1607 1668 1669 1667 1668 1607 1607 1669 1670 1608 1607 1670 1608 1670 1671 1608 1671 1610 1609 1662 1660 1672 1610 1671 1672 1673 1610 1673 1611 1610 1611 1674 1652 1675 1674 1611 1673 1675 1611 1658 1613 1612 1676 1613 1658 1676 1677 1613 1677 1614 1613 1677 1678 1614 1678 1615 1614 1679 1658 1615 1678 1679 1615 1680 1616 1619 1680 1681 1616 1681 1617 1616 1682 1618 1617 1681 1682 1617 1682 1683 1618 1683 1619 1618 1683 1680 1619 1684 1685 1620 1684 1620 1623 1685 1621 1620 1685 1686 1621 1686 1622 1621 1686 1687 1622 1687 1623 1622 1687 1684 1623 1647 1624 1627 1627 1624 1688 1624 1626 1688 1689 1625 1628 1690 1626 1625 1689 1690 1625 1691 1688 1626 1690 1691 1626 1644 1647 1627 1627 1688 1628 1692 1628 1688 1692 1689 1628 1630 1693 1629 1629 1694 1695 1693 1694 1629 1643 1629 1696 1629 1695 1696 1630 1647 1644 1697 1693 1630 1646 1697 1630 1631 1639 1698 1631 1698 1699 1700 1632 1631 1700 1631 1699 1634 1632 1700 1698 1639 1634 1634 1700 1701 1698 1634 1701 1637 1640 1635 1637 1636 1638 1637 1638 1640 1702 1645 1641 1642 1694 1641 1702 1641 1693 1694 1693 1641 1642 1703 1695 1694 1642 1695 1642 1643 1703 1704 1643 1696 1703 1643 1704 1705 1645 1702 1706 1646 1645 1705 1706 1645 1707 1697 1646 1706 1707 1646 1708 1709 1648 1648 1710 1708 1648 1711 1710 1648 1709 1649 1712 1711 1648 1650 1712 1648 1649 1709 1713 1649 1713 1714 1651 1649 1714 1715 1712 1650 1674 1671 1650 1715 1650 1671 1674 1650 1652 1651 1714 1716 1653 1651 1716 1653 1716 1667 1654 1653 1717 1653 1657 1717 1654 1717 1655 1655 1717 1718 1656 1655 1719 1655 1718 1719 1657 1656 1720 1656 1719 1720 1717 1657 1721 1657 1720 1721 1679 1676 1658 1661 1659 1722 1659 1660 1723 1659 1723 1722 1660 1662 1724 1660 1724 1723 1662 1661 1725 1661 1722 1725 1662 1725 1724 1666 1663 1726 1663 1664 1727 1663 1727 1726 1664 1665 1728 1664 1728 1727 1665 1666 1729 1665 1729 1728 1666 1726 1729 1667 1730 1668 1716 1730 1667 1668 1731 1732 1668 1732 1733 1733 1734 1668 1668 1734 1669 1730 1731 1668 1669 1734 1735 1670 1669 1736 1669 1735 1736 1670 1715 1671 1670 1736 1715 1737 1672 1671 1737 1671 1674 1738 1672 1737 1738 1739 1672 1739 1673 1672 1740 1675 1673 1739 1740 1673 1675 1737 1674 1741 1737 1675 1740 1741 1675 1742 1676 1679 1742 1743 1676 1743 1677 1676 1743 1744 1677 1744 1678 1677 1745 1679 1678 1744 1745 1678 1745 1742 1679 1746 1680 1683 1746 1747 1680 1747 1681 1680 1748 1682 1681 1747 1748 1681 1748 1749 1682 1749 1683 1682 1749 1746 1683 1750 1751 1684 1751 1685 1684 1750 1684 1687 1751 1752 1685 1752 1686 1685 1752 1753 1686 1753 1687 1686 1753 1750 1687 1691 1692 1688 1754 1689 1692 1754 1755 1689 1756 1690 1689 1755 1756 1689 1756 1757 1690 1757 1691 1690 1754 1692 1691 1757 1754 1691 1697 1702 1693 1695 1703 1758 1695 1758 1759 1760 1695 1759 1696 1695 1760 1761 1704 1696 1696 1760 1761 1762 1702 1697 1707 1762 1697 1699 1698 1763 1763 1698 1701 1699 1763 1764 1764 1765 1699 1765 1700 1699 1701 1700 1766 1700 1765 1767 1700 1767 1766 1701 1766 1768 1763 1701 1768 1762 1705 1702 1703 1769 1770 1703 1770 1758 1703 1704 1769 1771 1704 1761 1704 1771 1772 1704 1772 1769 1773 1705 1762 1773 1774 1705 1774 1706 1705 1775 1707 1706 1774 1775 1706 1776 1762 1707 1775 1776 1707 1708 1777 1778 1710 1777 1708 1708 1779 1709 1708 1778 1779 1780 1713 1709 1780 1709 1781 1782 1709 1779 1782 1781 1709 1710 1783 1777 1783 1710 1784 1710 1711 1785 1710 1785 1784 1736 1735 1711 1785 1711 1735 1736 1711 1712 1715 1736 1712 1780 1731 1713 1714 1713 1731 1714 1731 1730 1716 1714 1730 1717 1721 1718 1719 1718 1786 1718 1721 1787 1718 1787 1786 1720 1719 1788 1719 1786 1788 1721 1720 1789 1720 1788 1789 1721 1789 1787 1725 1722 1790 1722 1723 1791 1722 1791 1790 1723 1724 1792 1723 1792 1791 1724 1725 1793 1724 1793 1792 1725 1790 1793 1727 1729 1726 1727 1728 1729 1780 1732 1731 1732 1794 1795 1732 1795 1733 1780 1794 1732 1733 1795 1796 1733 1796 1797 1733 1797 1734 1734 1797 1796 1734 1796 1798 1734 1798 1799 1735 1734 1800 1734 1799 1800 1785 1735 1800 1741 1738 1737 1801 1738 1741 1801 1802 1738 1802 1739 1738 1802 1803 1739 1803 1740 1739 1804 1741 1740 1803 1804 1740 1804 1801 1741 1805 1742 1745 1805 1806 1742 1806 1743 1742 1806 1807 1743 1807 1744 1743 1808 1745 1744 1807 1808 1744 1808 1805 1745 1809 1746 1749 1809 1810 1746 1810 1747 1746 1811 1748 1747 1810 1811 1747 1811 1812 1748 1812 1749 1748 1812 1809 1749 1750 1753 1752 1750 1752 1751 1813 1754 1757 1813 1814 1754 1814 1755 1754 1815 1756 1755 1814 1815 1755 1815 1816 1756 1816 1757 1756 1816 1813 1757 1758 1770 1817 1758 1817 1818 1759 1758 1818 1759 1819 1760 1759 1820 1819 1820 1759 1821 1759 1818 1821 1761 1760 1822 1823 1760 1819 1760 1772 1822 1760 1823 1772 1824 1771 1761 1761 1822 1824 1776 1773 1762 1764 1763 1825 1763 1826 1827 1763 1827 1825 1763 1768 1826 1764 1825 1828 1828 1829 1764 1829 1765 1764 1829 1767 1765 1766 1767 1830 1766 1830 1831 1768 1766 1831 1826 1767 1829 1767 1826 1832 1767 1832 1830 1768 1831 1833 1833 1826 1768 1769 1823 1819 1769 1820 1770 1769 1819 1820 1823 1769 1772 1770 1820 1834 1770 1834 1817 1835 1771 1824 1772 1771 1835 1836 1837 1772 1837 1822 1772 1772 1835 1836 1776 1775 1773 1775 1774 1773 1777 1838 1839 1783 1838 1777 1777 1839 1778 1839 1840 1778 1841 1778 1840 1841 1782 1778 1782 1779 1778 1780 1841 1840 1780 1840 1794 1841 1780 1842 1780 1781 1843 1780 1843 1842 1781 1782 1844 1781 1844 1843 1782 1841 1845 1782 1845 1844 1783 1846 1838 1783 1847 1846 1783 1798 1847 1798 1783 1799 1783 1784 1799 1848 1799 1784 1849 1848 1784 1849 1784 1785 1850 1785 1800 1850 1849 1785 1788 1786 1851 1786 1787 1852 1786 1852 1851 1787 1789 1853 1787 1853 1852 1789 1788 1854 1788 1851 1854 1789 1854 1853 1793 1790 1855 1790 1791 1856 1790 1856 1855 1791 1792 1857 1791 1857 1856 1792 1793 1858 1792 1858 1857 1793 1855 1858 1840 1859 1794 1859 1795 1794 1859 1860 1795 1796 1795 1860 1796 1860 1847 1796 1847 1798 1848 1861 1799 1861 1800 1799 1861 1850 1800 1862 1801 1804 1862 1863 1801 1863 1802 1801 1863 1864 1802 1864 1803 1802 1865 1804 1803 1864 1865 1803 1865 1862 1804 1866 1805 1808 1866 1867 1805 1867 1806 1805 1867 1868 1806 1868 1807 1806 1869 1808 1807 1868 1869 1807 1869 1866 1808 1812 1810 1809 1812 1811 1810 1870 1813 1816 1870 1871 1813 1871 1814 1813 1872 1815 1814 1871 1872 1814 1873 1816 1815 1872 1873 1815 1873 1870 1816 1817 1834 1874 1817 1874 1875 1818 1817 1875 1821 1818 1876 1818 1875 1876 1820 1821 1834 1834 1821 1877 1821 1876 1877 1824 1822 1837 1878 1835 1824 1824 1837 1878 1828 1825 1879 1825 1827 1880 1825 1880 1879 1826 1829 1827 1833 1832 1826 1827 1829 1881 1827 1881 1880 1828 1879 1882 1829 1828 1882 1829 1882 1881 1831 1830 1883 1830 1884 1883 1830 1832 1884 1831 1883 1885 1833 1831 1885 1886 1832 1833 1886 1884 1832 1833 1885 1886 1834 1877 1874 1887 1835 1878 1888 1836 1835 1888 1835 1887 1888 1889 1836 1889 1837 1836 1890 1878 1837 1890 1837 1889 1838 1860 1859 1846 1860 1838 1838 1859 1839 1839 1859 1840 1841 1842 1845 1845 1842 1891 1842 1843 1892 1842 1892 1891 1843 1844 1893 1843 1893 1892 1844 1845 1894 1844 1894 1893 1845 1891 1894 1846 1847 1860 1895 1896 1848 1896 1861 1848 1895 1848 1849 1897 1895 1849 1897 1849 1850 1898 1850 1861 1898 1897 1850 1854 1851 1899 1851 1852 1900 1851 1900 1899 1852 1853 1901 1852 1901 1900 1853 1854 1902 1853 1902 1901 1854 1899 1902 1858 1855 1856 1858 1856 1857 1896 1898 1861 1903 1862 1865 1903 1904 1862 1904 1863 1862 1904 1905 1863 1905 1864 1863 1906 1865 1864 1905 1906 1864 1906 1903 1865 1869 1867 1866 1869 1868 1867 1907 1908 1870 1907 1870 1873 1908 1871 1870 1909 1872 1871 1908 1909 1871 1910 1873 1872 1909 1910 1872 1910 1907 1873 1875 1874 1877 1876 1875 1877 1890 1887 1878 1882 1879 1911 1879 1880 1912 1879 1912 1911 1880 1881 1913 1880 1913 1912 1881 1882 1914 1881 1914 1913 1882 1911 1914 1883 1915 1916 1885 1883 1916 1883 1884 1915 1917 1884 1886 1917 1915 1884 1886 1885 1918 1885 1916 1918 1886 1918 1917 1919 1887 1890 1920 1921 1887 1919 1920 1887 1888 1887 1921 1922 1923 1888 1923 1889 1888 1888 1921 1922 1924 1890 1889 1924 1889 1923 1924 1919 1890 1894 1891 1925 1891 1892 1926 1891 1926 1925 1892 1893 1927 1892 1927 1926 1893 1894 1928 1893 1928 1927 1894 1925 1928 1929 1930 1895 1929 1895 1897 1930 1896 1895 1930 1931 1896 1931 1898 1896 1932 1897 1898 1932 1929 1897 1931 1932 1898 1902 1899 1933 1899 1900 1934 1899 1934 1933 1900 1901 1935 1900 1935 1934 1901 1902 1936 1901 1936 1935 1902 1933 1936 1937 1903 1906 1937 1938 1903 1938 1904 1903 1938 1939 1904 1939 1905 1904 1940 1906 1905 1939 1940 1905 1940 1937 1906 1908 1907 1910 1909 1908 1910 1914 1911 1941 1911 1912 1942 1911 1942 1941 1912 1913 1943 1912 1943 1942 1913 1944 1943 1913 1914 1944 1914 1941 1944 1916 1915 1945 1946 1915 1917 1946 1945 1915 1916 1945 1947 1918 1916 1947 1917 1918 1948 1917 1948 1946 1918 1947 1948 1949 1920 1919 1950 1949 1919 1950 1919 1924 1921 1920 1951 1951 1920 1952 1953 1952 1920 1949 1953 1920 1922 1921 1951 1954 1955 1922 1955 1923 1922 1922 1951 1954 1956 1952 1923 1955 1956 1923 1952 1924 1923 1957 1950 1924 1924 1952 1957 1928 1925 1958 1925 1926 1959 1925 1959 1958 1926 1927 1960 1926 1960 1959 1927 1928 1961 1927 1961 1960 1928 1958 1961 1962 1963 1929 1962 1929 1932 1963 1930 1929 1963 1964 1930 1964 1931 1930 1964 1965 1931 1965 1932 1931 1965 1962 1932 1936 1933 1934 1936 1934 1935 1940 1938 1937 1940 1939 1938 1944 1941 1966 1941 1942 1967 1941 1967 1966 1942 1943 1968 1942 1968 1967 1943 1944 1969 1943 1969 1968 1944 1966 1969 1947 1945 1946 1947 1946 1948 1970 1949 1950 1970 1971 1949 1971 1953 1949 1972 1970 1950 1972 1950 1957 1973 1954 1951 1956 1951 1952 1974 1973 1951 1974 1951 1956 1952 1953 1957 1957 1953 1975 1953 1971 1975 1976 1955 1954 1973 1976 1954 1977 1956 1955 1976 1977 1955 1977 1974 1956 1975 1972 1957 1961 1958 1978 1958 1959 1979 1958 1979 1978 1959 1960 1980 1959 1980 1979 1960 1961 1981 1960 1981 1980 1961 1978 1981 1982 1983 1962 1982 1962 1965 1983 1963 1962 1983 1984 1963 1984 1964 1963 1984 1985 1964 1985 1965 1964 1985 1982 1965 1967 1969 1966 1967 1968 1969 1986 1987 1970 1986 1970 1972 1987 1971 1970 1975 1971 1988 1971 1987 1988 1989 1972 1975 1989 1986 1972 1990 1973 1974 1991 1976 1973 1990 1991 1973 1992 1974 1977 1992 1990 1974 1988 1989 1975 1993 1977 1976 1991 1993 1976 1993 1992 1977 1981 1978 1994 1978 1979 1995 1978 1995 1994 1979 1980 1996 1979 1996 1995 1980 1981 1997 1980 1997 1996 1981 1994 1997 1998 1999 1982 1999 1983 1982 1998 1982 1985 1999 2000 1983 2000 1984 1983 2000 2001 1984 2001 1985 1984 2001 1998 1985 2002 1987 1986 2003 2002 1986 2003 1986 1989 1988 1987 2004 1987 2002 2004 2005 1989 1988 2005 1988 2004 2005 2003 1989 2006 1990 1992 2007 1991 1990 2006 2007 1990 2008 1993 1991 2007 2008 1991 2009 2006 1992 2009 1992 1993 2008 2009 1993 1995 1997 1994 1995 1996 1997 2001 1999 1998 2001 2000 1999 2004 2002 2003 2005 2004 2003 2010 2006 2009 2011 2007 2006 2010 2011 2006 2012 2008 2007 2011 2012 2007 2013 2009 2008 2012 2013 2008 2013 2010 2009 2011 2010 2013 2011 2013 2012 2014 2015 2016 2017 2018 2014 2017 2014 2019 2018 2015 2014 2019 2014 2020 2014 2016 2020 2018 2021 2015 2021 2022 2015 2015 2022 2023 2015 2023 2016 2016 2023 2020 2024 2025 2017 2024 2017 2026 2025 2018 2017 2026 2017 2019 2025 2027 2018 2027 2021 2018 2019 2028 2026 2019 2029 2028 2019 2020 2029 2023 2029 2020 2027 2030 2021 2030 2031 2021 2021 2031 2022 2031 2032 2022 2022 2032 2033 2022 2033 2023 2023 2033 2029 2034 2035 2024 2035 2025 2024 2034 2024 2036 2036 2024 2026 2035 2037 2025 2037 2027 2025 2036 2026 2038 2038 2026 2028 2037 2039 2027 2039 2030 2027 2038 2028 2032 2032 2028 2040 2028 2029 2040 2033 2040 2029 2039 2041 2030 2041 2042 2030 2030 2042 2031 2042 2038 2031 2031 2038 2032 2032 2040 2033 2043 2044 2034 2043 2034 2045 2044 2035 2034 2045 2034 2036 2046 2037 2035 2044 2046 2035 2045 2036 2042 2042 2036 2038 2046 2047 2037 2047 2039 2037 2047 2048 2039 2048 2041 2039 2048 2049 2041 2049 2045 2041 2041 2045 2042 2050 2051 2043 2050 2043 2049 2051 2044 2043 2049 2043 2045 2051 2052 2044 2052 2046 2044 2052 2053 2046 2053 2047 2046 2053 2054 2047 2054 2048 2047 2054 2055 2048 2055 2049 2048 2055 2050 2049 2056 2057 2050 2057 2051 2050 2056 2050 2055 2057 2058 2051 2058 2052 2051 2058 2059 2052 2059 2053 2052 2059 2060 2053 2060 2054 2053 2060 2061 2054 2061 2055 2054 2061 2056 2055 2062 2063 2056 2062 2056 2061 2063 2057 2056 2063 2064 2057 2064 2058 2057 2064 2065 2058 2065 2059 2058 2065 2066 2059 2066 2060 2059 2066 2061 2060 2066 2062 2061 2067 2068 2062 2068 2069 2062 2069 2063 2062 2062 2066 2070 2070 2067 2062 2069 2071 2063 2071 2064 2063 2071 2072 2064 2072 2065 2064 2072 2070 2065 2070 2066 2065 2073 2067 2070 2073 2074 2067 2068 2067 2074 2075 2069 2068 2075 2068 2074 2075 2076 2069 2076 2071 2069 2077 2073 2070 2077 2070 2072 2076 2078 2071 2078 2072 2071 2078 2077 2072 2079 2080 2073 2079 2073 2077 2080 2074 2073 2080 2081 2074 2075 2074 2081 2081 2082 2075 2082 2076 2075 2082 2083 2076 2083 2078 2076 2084 2079 2077 2084 2077 2078 2083 2084 2078 2085 2086 2079 2085 2079 2084 2086 2080 2079 2086 2087 2080 2087 2081 2080 2087 2088 2081 2088 2082 2081 2088 2089 2082 2089 2083 2082 2089 2090 2083 2090 2084 2083 2090 2085 2084 2091 2092 2085 2091 2085 2090 2092 2086 2085 2092 2093 2086 2093 2087 2086 2093 2094 2087 2094 2088 2087 2094 2095 2088 2095 2089 2088 2095 2096 2089 2096 2090 2089 2096 2091 2090 2097 2098 2091 2097 2091 2096 2098 2092 2091 2098 2099 2092 2093 2092 2099 2094 2093 2099 2099 2100 2094 2100 2095 2094 2100 2101 2095 2101 2096 2095 2101 2097 2096 2102 2103 2097 2102 2097 2101 2103 2098 2097 2103 2104 2098 2104 2099 2098 2105 2106 2099 2106 2100 2099 2104 2105 2099 2106 2107 2100 2107 2101 2100 2107 2102 2101 2106 2103 2102 2106 2102 2107 2106 2104 2103 2106 2105 2104 2108 2109 2110 2108 2111 2112 2108 2112 2109 2113 2114 2108 2108 2110 2115 2114 2111 2108 2113 2108 2115 2116 2117 2109 2116 2109 2112 2117 2110 2109 2117 2118 2110 2118 2115 2110 2114 2119 2111 2119 2112 2111 2119 2116 2112 2118 2113 2115 2120 2121 2113 2120 2113 2118 2121 2114 2113 2121 2122 2114 2119 2114 2122 2123 2124 2116 2123 2116 2119 2124 2117 2116 2124 2125 2117 2125 2118 2117 2125 2120 2118 2122 2123 2119 2126 2127 2120 2126 2120 2125 2127 2121 2120 2127 2128 2121 2128 2122 2121 2128 2129 2122 2129 2123 2122 2129 2130 2123 2130 2124 2123 2130 2131 2124 2131 2125 2124 2131 2126 2125 2132 2133 2126 2132 2126 2131 2133 2127 2126 2133 2134 2127 2134 2128 2127 2134 2135 2128 2135 2129 2128 2135 2136 2129 2136 2130 2129 2136 2137 2130 2137 2131 2130 2137 2132 2131 2138 2139 2132 2138 2132 2137 2139 2133 2132 2139 2140 2133 2140 2134 2133 2140 2141 2134 2141 2135 2134 2141 2142 2135 2142 2136 2135 2142 2143 2136 2143 2137 2136 2143 2138 2137 2144 2145 2138 2144 2138 2143 2145 2139 2138 2145 2146 2139 2146 2140 2139 2146 2147 2140 2141 2140 2147 2147 2148 2141 2148 2142 2141 2148 2149 2142 2149 2143 2142 2149 2144 2143 2150 2151 2144 2151 2145 2144 2150 2144 2149 2151 2152 2145 2152 2146 2145 2152 2153 2146 2153 2147 2146 2153 2154 2147 2154 2148 2147 2154 2155 2148 2155 2149 2148 2155 2150 2149 2156 2157 2150 2156 2150 2155 2157 2151 2150 2157 2158 2151 2158 2152 2151 2158 2159 2152 2159 2153 2152 2159 2160 2153 2160 2154 2153 2160 2161 2154 2161 2155 2154 2161 2156 2155 2162 2156 2163 2163 2156 2161 2162 2157 2156 2162 2164 2157 2164 2158 2157 2164 2165 2158 2165 2159 2158 2165 2166 2159 2166 2160 2159 2166 2167 2160 2167 2161 2160 2167 2163 2161 2162 2163 2168 2168 2169 2162 2169 2164 2162 2170 2168 2163 2170 2163 2167 2169 2171 2164 2171 2165 2164 2171 2172 2165 2172 2166 2165 2172 2173 2166 2173 2167 2166 2173 2170 2167 2174 2168 2170 2174 2175 2168 2169 2168 2175 2175 2176 2169 2176 2171 2169 2177 2174 2170 2177 2170 2173 2176 2178 2171 2178 2172 2171 2178 2179 2172 2179 2173 2172 2179 2177 2173 2180 2174 2177 2180 2181 2174 2181 2175 2174 2181 2182 2175 2176 2175 2182 2182 2183 2176 2183 2178 2176 2184 2180 2177 2184 2177 2179 2183 2185 2178 2185 2179 2178 2185 2184 2179 2186 2180 2184 2186 2187 2180 2187 2181 2180 2187 2188 2181 2188 2182 2181 2188 2189 2182 2189 2183 2182 2189 2190 2183 2190 2185 2183 2191 2186 2184 2191 2184 2185 2190 2191 2185 2192 2186 2191 2192 2193 2186 2193 2187 2186 2193 2194 2187 2194 2188 2187 2194 2195 2188 2195 2189 2188 2195 2196 2189 2190 2189 2196 2197 2191 2190 2196 2197 2190 2197 2192 2191 2198 2192 2197 2198 2199 2192 2199 2193 2192 2199 2200 2193 2200 2194 2193 2200 2201 2194 2201 2195 2194 2201 2202 2195 2202 2196 2195 2197 2196 2203 2202 2203 2196 2203 2198 2197 2203 2199 2198 2200 2199 2203 2202 2200 2203 2202 2201 2200 2204 2205 2206 2204 2207 2208 2204 2208 2205 2209 2210 2204 2209 2204 2206 2210 2207 2204 2211 2212 2205 2211 2205 2208 2212 2206 2205 2212 2209 2206 2210 2213 2207 2213 2208 2207 2213 2211 2208 2214 2215 2209 2214 2209 2212 2215 2210 2209 2215 2216 2210 2216 2213 2210 2217 2218 2211 2218 2212 2211 2217 2211 2213 2218 2214 2212 2216 2217 2213 2219 2220 2214 2219 2214 2218 2220 2215 2214 2220 2221 2215 2221 2216 2215 2221 2222 2216 2222 2217 2216 2222 2223 2217 2223 2218 2217 2223 2219 2218 2224 2225 2219 2225 2220 2219 2224 2219 2223 2225 2226 2220 2226 2221 2220 2226 2227 2221 2227 2222 2221 2227 2228 2222 2228 2223 2222 2228 2224 2223 2229 2230 2224 2229 2224 2228 2230 2225 2224 2230 2231 2225 2231 2226 2225 2231 2232 2226 2232 2227 2226 2232 2233 2227 2233 2228 2227 2233 2229 2228 2234 2235 2229 2234 2229 2233 2235 2230 2229 2235 2236 2230 2236 2231 2230 2236 2237 2231 2237 2232 2231 2237 2238 2232 2238 2233 2232 2238 2234 2233 2239 2240 2234 2239 2234 2238 2240 2235 2234 2240 2241 2235 2241 2236 2235 2241 2242 2236 2242 2237 2236 2242 2243 2237 2243 2238 2237 2243 2239 2238 2244 2245 2239 2244 2239 2243 2245 2240 2239 2245 2246 2240 2246 2241 2240 2246 2247 2241 2247 2242 2241 2247 2248 2242 2248 2243 2242 2248 2244 2243 2249 2250 2244 2249 2244 2248 2250 2245 2244 2251 2246 2245 2252 2251 2245 2250 2252 2245 2246 2251 2253 2253 2247 2246 2253 2254 2247 2254 2248 2247 2254 2249 2248 2249 2252 2250 2249 2254 2253 2249 2253 2252 2251 2252 2253 2255 2256 2257 2255 2258 2259 2260 2261 2255 2255 2259 2256 2260 2255 2257 2261 2258 2255 2256 2262 2257 2263 2264 2256 2263 2256 2259 2264 2262 2256 2265 2260 2257 2265 2257 2262 2261 2266 2258 2266 2259 2258 2266 2263 2259 2267 2268 2260 2268 2261 2260 2267 2260 2265 2268 2269 2261 2269 2266 2261 2264 2265 2262 2270 2271 2263 2270 2263 2266 2271 2264 2263 2271 2272 2264 2272 2265 2264 2272 2267 2265 2269 2270 2266 2273 2274 2267 2273 2267 2272 2274 2268 2267 2274 2275 2268 2275 2269 2268 2275 2276 2269 2276 2270 2269 2276 2277 2270 2277 2271 2270 2277 2278 2271 2278 2272 2271 2278 2273 2272 2279 2280 2273 2279 2273 2278 2280 2274 2273 2280 2281 2274 2281 2275 2274 2281 2282 2275 2282 2276 2275 2282 2283 2276 2283 2277 2276 2283 2284 2277 2284 2278 2277 2284 2279 2278 2285 2286 2279 2285 2279 2284 2286 2280 2279 2286 2287 2280 2287 2281 2280 2287 2288 2281 2288 2282 2281 2288 2289 2282 2289 2283 2282 2289 2290 2283 2290 2284 2283 2290 2285 2284 2291 2292 2285 2291 2285 2290 2292 2286 2285 2292 2293 2286 2293 2287 2286 2293 2294 2287 2294 2288 2287 2294 2295 2288 2295 2289 2288 2295 2296 2289 2296 2290 2289 2296 2291 2290 2297 2298 2291 2297 2291 2296 2298 2292 2291 2298 2299 2292 2299 2293 2292 2299 2300 2293 2300 2294 2293 2300 2301 2294 2301 2295 2294 2301 2302 2295 2302 2296 2295 2302 2297 2296 2303 2304 2297 2304 2298 2297 2303 2297 2302 2304 2305 2298 2305 2299 2298 2305 2306 2299 2306 2300 2299 2306 2307 2300 2307 2301 2300 2307 2308 2301 2308 2302 2301 2308 2303 2302 2309 2310 2303 2309 2303 2308 2310 2304 2303 2310 2311 2304 2311 2305 2304 2311 2312 2305 2312 2306 2305 2312 2313 2306 2313 2307 2306 2313 2314 2307 2314 2308 2307 2314 2309 2308 2315 2316 2309 2315 2309 2314 2316 2310 2309 2316 2317 2310 2317 2311 2310 2317 2318 2311 2318 2312 2311 2318 2319 2312 2319 2313 2312 2319 2320 2313 2320 2314 2313 2320 2315 2314 2321 2322 2315 2321 2315 2320 2322 2316 2315 2322 2323 2316 2323 2317 2316 2323 2324 2317 2324 2318 2317 2324 2325 2318 2325 2319 2318 2325 2326 2319 2326 2320 2319 2321 2320 2326 2327 2328 2321 2327 2321 2326 2328 2322 2321 2328 2329 2322 2329 2323 2322 2329 2330 2323 2330 2324 2323 2330 2331 2324 2331 2325 2324 2331 2332 2325 2332 2326 2325 2332 2327 2326 2333 2334 2327 2333 2327 2332 2334 2328 2327 2334 2335 2328 2335 2329 2328 2335 2336 2329 2336 2330 2329 2336 2337 2330 2337 2331 2330 2337 2338 2331 2338 2332 2331 2338 2333 2332 2339 2340 2333 2340 2334 2333 2339 2333 2338 2340 2341 2334 2341 2335 2334 2341 2342 2335 2342 2336 2335 2342 2343 2336 2343 2337 2336 2343 2344 2337 2344 2338 2337 2344 2339 2338 2345 2339 2346 2346 2339 2344 2345 2340 2339 2345 2347 2340 2347 2341 2340 2347 2348 2341 2348 2342 2341 2348 2349 2342 2349 2343 2342 2349 2350 2343 2350 2344 2343 2350 2346 2344 2350 2345 2346 2348 2347 2345 2348 2345 2350 2348 2350 2349 2351 2352 2353 2354 2351 2355 2351 2354 2356 2351 2353 2355 2351 2356 2352 2352 2356 2357 2352 2357 2353 2355 2353 2358 2353 2357 2359 2353 2359 2358 2356 2354 2360 2354 2355 2360 2360 2355 2361 2355 2358 2361 2356 2360 2357 2357 2360 2362 2357 2362 2359 2361 2358 2363 2358 2359 2364 2358 2364 2363 2359 2362 2365 2359 2365 2364 2360 2361 2362 2362 2361 2366 2361 2363 2366 2362 2366 2365 2366 2363 2367 2363 2364 2368 2363 2368 2367 2364 2365 2369 2364 2369 2368 2365 2366 2370 2365 2370 2369 2366 2367 2370 2370 2367 2371 2367 2368 2372 2367 2372 2371 2368 2369 2373 2368 2373 2372 2369 2370 2374 2369 2374 2373 2370 2371 2374 2374 2371 2375 2371 2372 2376 2371 2376 2375 2372 2373 2377 2372 2377 2376 2373 2374 2378 2373 2378 2377 2374 2375 2378 2378 2375 2379 2375 2376 2380 2375 2380 2379 2376 2377 2381 2376 2381 2380 2377 2378 2382 2377 2382 2381 2378 2379 2382 2382 2379 2383 2379 2380 2384 2379 2384 2383 2380 2381 2385 2380 2385 2384 2381 2382 2386 2381 2386 2385 2382 2383 2386 2386 2383 2387 2383 2384 2388 2383 2388 2387 2384 2385 2389 2384 2389 2388 2385 2386 2390 2385 2390 2389 2386 2387 2390 2390 2387 2391 2387 2388 2392 2387 2392 2391 2388 2389 2393 2388 2393 2392 2389 2390 2394 2389 2394 2393 2390 2391 2394 2394 2391 2395 2391 2392 2396 2391 2396 2395 2392 2393 2397 2392 2397 2396 2393 2394 2398 2393 2398 2397 2394 2395 2398 2398 2395 2399 2395 2396 2400 2395 2400 2399 2396 2397 2401 2396 2401 2400 2397 2398 2402 2397 2402 2401 2398 2399 2402 2402 2399 2403 2399 2400 2404 2399 2404 2403 2400 2401 2405 2400 2405 2404 2401 2402 2406 2401 2406 2405 2402 2403 2406 2406 2403 2407 2403 2404 2408 2403 2408 2407 2404 2405 2409 2404 2409 2408 2405 2406 2410 2405 2410 2409 2406 2407 2410 2410 2407 2411 2407 2408 2412 2407 2412 2411 2408 2409 2413 2408 2413 2412 2409 2410 2414 2409 2414 2413 2410 2411 2414 2413 2414 2411 2413 2411 2412 2415 2416 2417 2418 2415 2419 2415 2417 2420 2415 2418 2416 2419 2415 2420 2416 2421 2422 2418 2423 2416 2417 2416 2422 2416 2423 2421 2420 2417 2424 2417 2422 2425 2424 2417 2425 2419 2423 2418 2419 2424 2423 2419 2420 2424 2421 2426 2427 2423 2428 2421 2422 2421 2427 2421 2428 2426 2422 2427 2429 2425 2422 2429 2423 2424 2428 2424 2425 2428 2425 2429 2430 2428 2425 2430 2426 2431 2432 2428 2430 2426 2427 2426 2432 2426 2430 2431 2427 2432 2433 2429 2427 2433 2429 2433 2434 2430 2429 2434 2430 2434 2431 2431 2435 2436 2432 2431 2436 2431 2434 2435 2432 2436 2437 2433 2432 2437 2433 2437 2438 2434 2433 2438 2434 2438 2435 2435 2439 2440 2436 2435 2440 2435 2438 2439 2436 2440 2441 2437 2436 2441 2437 2441 2442 2438 2437 2442 2438 2442 2439 2439 2443 2444 2440 2439 2444 2439 2442 2443 2440 2444 2445 2441 2440 2445 2441 2445 2446 2442 2441 2446 2442 2446 2443 2443 2447 2448 2444 2443 2448 2443 2446 2447 2444 2448 2449 2445 2444 2449 2445 2449 2450 2446 2445 2450 2446 2450 2447 2447 2451 2452 2448 2447 2452 2447 2450 2451 2448 2452 2453 2449 2448 2453 2449 2453 2454 2450 2449 2454 2450 2454 2451 2451 2455 2456 2452 2451 2456 2451 2454 2455 2452 2456 2457 2453 2452 2457 2453 2457 2458 2454 2453 2458 2454 2458 2455 2455 2459 2460 2456 2455 2460 2455 2458 2459 2456 2460 2461 2457 2456 2461 2457 2461 2462 2458 2457 2462 2458 2462 2459 2459 2463 2464 2460 2459 2464 2459 2462 2463 2460 2464 2465 2461 2460 2465 2461 2465 2466 2462 2461 2466 2462 2466 2463 2463 2467 2468 2464 2463 2468 2463 2466 2467 2464 2468 2469 2465 2464 2469 2465 2469 2470 2466 2465 2470 2466 2470 2467 2467 2471 2472 2468 2467 2472 2467 2470 2471 2468 2472 2473 2469 2468 2473 2469 2473 2474 2470 2469 2474 2470 2474 2471 2471 2475 2476 2472 2471 2476 2471 2474 2475 2472 2476 2477 2473 2472 2477 2473 2477 2478 2474 2473 2478 2474 2478 2475 2477 2476 2475 2475 2478 2477 2479 2480 2481 2482 2479 2483 2484 2480 2479 2479 2481 2483 2484 2479 2482 2480 2485 2486 2484 2485 2480 2480 2486 2481 2483 2481 2487 2481 2486 2488 2481 2488 2487 2489 2482 2490 2482 2483 2490 2484 2482 2489 2490 2483 2491 2483 2487 2491 2485 2484 2492 2484 2489 2493 2484 2493 2492 2485 2492 2486 2486 2492 2494 2486 2494 2488 2491 2487 2495 2487 2488 2496 2487 2496 2495 2488 2494 2497 2488 2497 2496 2489 2490 2493 2493 2490 2498 2490 2491 2498 2498 2491 2499 2491 2495 2499 2492 2493 2500 2492 2500 2494 2493 2498 2500 2494 2500 2501 2494 2501 2497 2499 2495 2502 2495 2496 2503 2495 2503 2502 2496 2497 2504 2496 2504 2503 2497 2501 2505 2497 2505 2504 2500 2498 2506 2498 2499 2506 2506 2499 2507 2499 2502 2507 2500 2506 2501 2501 2506 2508 2501 2508 2505 2507 2502 2509 2502 2503 2510 2502 2510 2509 2503 2504 2511 2503 2511 2510 2504 2505 2512 2504 2512 2511 2505 2508 2513 2505 2513 2512 2506 2507 2508 2508 2507 2514 2507 2509 2514 2508 2514 2513 2514 2509 2515 2509 2510 2516 2509 2516 2515 2511 2517 2510 2510 2517 2516 2511 2512 2518 2511 2518 2517 2512 2513 2519 2512 2519 2518 2513 2514 2520 2513 2520 2519 2514 2515 2520 2520 2515 2521 2515 2516 2522 2515 2522 2521 2516 2517 2523 2516 2523 2522 2517 2518 2524 2517 2524 2523 2518 2519 2525 2518 2525 2524 2519 2520 2526 2519 2526 2525 2520 2521 2526 2526 2521 2527 2521 2522 2528 2521 2528 2527 2522 2523 2529 2522 2529 2528 2523 2524 2530 2523 2530 2529 2524 2525 2531 2524 2531 2530 2525 2526 2532 2525 2532 2531 2526 2527 2532 2532 2527 2533 2527 2528 2534 2527 2534 2533 2528 2529 2535 2528 2535 2534 2529 2530 2536 2529 2536 2535 2530 2531 2537 2530 2537 2536 2531 2532 2538 2531 2538 2537 2532 2533 2538 2538 2533 2539 2533 2534 2540 2533 2540 2539 2534 2535 2541 2534 2541 2540 2535 2536 2542 2535 2542 2541 2536 2537 2543 2536 2543 2542 2537 2538 2544 2537 2544 2543 2538 2539 2544 2544 2539 2545 2539 2540 2546 2539 2546 2545 2540 2541 2547 2540 2547 2546 2541 2542 2548 2541 2548 2547 2542 2543 2549 2542 2549 2548 2543 2544 2550 2543 2550 2549 2544 2545 2550 2550 2545 2551 2545 2546 2552 2545 2552 2551 2546 2547 2553 2553 2552 2546 2547 2548 2554 2547 2554 2553 2548 2549 2555 2548 2555 2554 2549 2550 2556 2549 2556 2555 2550 2551 2556 2556 2551 2557 2551 2552 2558 2551 2558 2557 2552 2553 2559 2552 2559 2558 2553 2554 2560 2553 2560 2559 2554 2555 2561 2554 2561 2560 2555 2556 2562 2555 2562 2561 2556 2557 2562 2562 2557 2563 2557 2558 2564 2557 2564 2563 2558 2559 2565 2558 2565 2564 2559 2560 2566 2559 2566 2565 2560 2561 2567 2560 2567 2566 2561 2562 2568 2561 2568 2567 2562 2563 2568 2568 2563 2569 2563 2564 2570 2563 2570 2569 2564 2565 2571 2564 2571 2570 2565 2566 2572 2565 2572 2571 2566 2567 2573 2566 2573 2572 2567 2568 2574 2567 2574 2573 2568 2569 2574 2574 2569 2570 2574 2570 2571 2571 2572 2573 2574 2571 2573 2575 2576 2577 2578 2575 2579 2575 2578 2580 2575 2577 2579 2575 2580 2581 2575 2581 2576 2576 2582 2583 2581 2582 2576 2576 2583 2577 2579 2577 2584 2577 2583 2585 2577 2585 2584 2580 2578 2586 2578 2579 2586 2586 2579 2587 2579 2584 2587 2581 2580 2588 2580 2586 2588 2582 2581 2589 2581 2588 2589 2582 2589 2583 2583 2589 2590 2583 2590 2585 2587 2584 2591 2584 2585 2592 2584 2592 2591 2585 2590 2593 2585 2593 2592 2588 2586 2594 2586 2587 2594 2594 2587 2595 2587 2591 2595 2589 2588 2596 2588 2594 2596 2589 2596 2590 2590 2596 2597 2590 2597 2593 2595 2591 2598 2591 2592 2599 2591 2599 2598 2592 2593 2600 2592 2600 2599 2593 2597 2601 2593 2601 2600 2596 2594 2602 2594 2595 2602 2602 2595 2603 2595 2598 2603 2596 2602 2597 2597 2602 2604 2597 2604 2601 2603 2598 2605 2598 2599 2606 2598 2606 2605 2599 2600 2607 2599 2607 2606 2600 2601 2608 2600 2608 2607 2601 2604 2609 2601 2609 2608 2602 2603 2604 2604 2603 2610 2603 2605 2610 2604 2610 2609 2610 2605 2611 2605 2606 2612 2605 2612 2611 2606 2607 2613 2606 2613 2612 2607 2608 2614 2607 2614 2613 2608 2609 2615 2608 2615 2614 2609 2610 2616 2609 2616 2615 2610 2611 2616 2616 2611 2617 2611 2612 2618 2611 2618 2617 2612 2613 2619 2612 2619 2618 2613 2614 2620 2613 2620 2619 2614 2615 2621 2614 2621 2620 2615 2616 2622 2615 2622 2621 2616 2617 2622 2622 2617 2623 2617 2618 2624 2617 2624 2623 2618 2619 2625 2618 2625 2624 2619 2620 2626 2619 2626 2625 2620 2621 2627 2620 2627 2626 2621 2622 2628 2621 2628 2627 2622 2623 2628 2628 2623 2629 2623 2624 2630 2623 2630 2629 2624 2625 2631 2624 2631 2630 2625 2626 2632 2625 2632 2631 2626 2627 2633 2626 2633 2632 2627 2628 2634 2627 2634 2633 2628 2629 2634 2634 2629 2635 2629 2630 2636 2629 2636 2635 2630 2631 2637 2630 2637 2636 2631 2632 2638 2631 2638 2637 2632 2633 2639 2632 2639 2638 2633 2634 2640 2633 2640 2639 2634 2635 2640 2640 2635 2641 2635 2636 2642 2635 2642 2641 2636 2637 2643 2636 2643 2642 2637 2638 2644 2637 2644 2643 2638 2639 2645 2638 2645 2644 2639 2640 2646 2639 2646 2645 2640 2641 2646 2646 2641 2647 2641 2642 2648 2641 2648 2647 2642 2643 2649 2642 2649 2648 2643 2644 2650 2643 2650 2649 2644 2645 2651 2644 2651 2650 2645 2646 2652 2652 2651 2645 2646 2647 2652 2652 2647 2653 2647 2648 2654 2647 2654 2653 2648 2649 2655 2648 2655 2654 2649 2650 2656 2649 2656 2655 2650 2651 2657 2650 2657 2656 2651 2652 2658 2651 2658 2657 2652 2653 2658 2658 2653 2659 2653 2654 2660 2653 2660 2659 2654 2655 2661 2654 2661 2660 2655 2656 2662 2655 2662 2661 2656 2657 2663 2656 2663 2662 2657 2658 2664 2657 2664 2663 2658 2659 2664 2664 2659 2665 2659 2660 2666 2659 2666 2665 2660 2661 2667 2660 2667 2666 2661 2662 2668 2661 2668 2667 2662 2663 2669 2662 2669 2668 2663 2664 2670 2663 2670 2669 2664 2665 2670 2665 2666 2667 2665 2667 2670 2669 2670 2667 2669 2667 2668 2671 2672 2673 2674 2671 2675 2671 2674 2676 2671 2673 2675 2671 2676 2677 2671 2677 2672 2672 2678 2679 2677 2678 2672 2672 2679 2673 2675 2673 2680 2673 2679 2681 2673 2681 2680 2676 2674 2682 2674 2675 2682 2682 2675 2683 2675 2680 2683 2677 2676 2684 2676 2682 2684 2678 2677 2685 2677 2684 2685 2678 2685 2679 2679 2685 2686 2679 2686 2681 2683 2680 2687 2680 2681 2688 2680 2688 2687 2681 2686 2689 2681 2689 2688 2682 2690 2684 2682 2683 2690 2690 2683 2691 2683 2687 2691 2685 2684 2692 2684 2690 2692 2685 2692 2686 2686 2692 2693 2686 2693 2689 2691 2687 2694 2687 2688 2695 2687 2695 2694 2688 2689 2696 2688 2696 2695 2689 2693 2697 2689 2697 2696 2692 2690 2698 2690 2691 2698 2698 2691 2699 2691 2694 2699 2692 2698 2693 2693 2698 2700 2693 2700 2697 2699 2694 2701 2694 2695 2702 2694 2702 2701 2695 2696 2703 2695 2703 2702 2696 2697 2704 2696 2704 2703 2697 2700 2705 2697 2705 2704 2698 2699 2700 2700 2699 2706 2699 2701 2706 2700 2706 2705 2706 2701 2707 2701 2702 2708 2701 2708 2707 2702 2703 2709 2702 2709 2708 2703 2704 2710 2703 2710 2709 2704 2705 2711 2704 2711 2710 2705 2706 2712 2705 2712 2711 2706 2707 2712 2712 2707 2713 2707 2708 2714 2707 2714 2713 2708 2709 2715 2708 2715 2714 2709 2710 2716 2709 2716 2715 2710 2711 2717 2710 2717 2716 2711 2712 2718 2711 2718 2717 2712 2713 2718 2718 2713 2719 2713 2714 2720 2713 2720 2719 2714 2715 2721 2714 2721 2720 2715 2716 2722 2715 2722 2721 2716 2717 2723 2716 2723 2722 2717 2718 2724 2717 2724 2723 2718 2719 2724 2724 2719 2725 2719 2720 2726 2719 2726 2725 2720 2721 2727 2720 2727 2726 2721 2722 2728 2721 2728 2727 2722 2723 2729 2722 2729 2728 2723 2724 2730 2723 2730 2729 2724 2725 2730 2730 2725 2731 2725 2726 2732 2725 2732 2731 2726 2727 2733 2726 2733 2732 2727 2728 2734 2727 2734 2733 2728 2729 2735 2728 2735 2734 2729 2730 2736 2729 2736 2735 2730 2731 2736 2736 2731 2737 2731 2732 2738 2731 2738 2737 2732 2733 2739 2732 2739 2738 2733 2734 2740 2733 2740 2739 2734 2735 2741 2734 2741 2740 2735 2736 2742 2735 2742 2741 2736 2737 2742 2742 2737 2743 2737 2738 2744 2737 2744 2743 2738 2739 2745 2738 2745 2744 2739 2740 2746 2739 2746 2745 2740 2741 2747 2740 2747 2746 2741 2742 2748 2741 2748 2747 2742 2743 2748 2748 2743 2749 2743 2744 2750 2743 2750 2749 2744 2745 2751 2744 2751 2750 2745 2746 2752 2745 2752 2751 2746 2747 2753 2746 2753 2752 2747 2748 2754 2747 2754 2753 2748 2749 2754 2754 2749 2755 2749 2750 2756 2749 2756 2755 2750 2751 2757 2750 2757 2756 2751 2752 2758 2751 2758 2757 2752 2753 2759 2752 2759 2758 2753 2754 2760 2760 2759 2753 2754 2755 2760 2760 2755 2761 2755 2756 2762 2755 2762 2761 2757 2763 2756 2756 2763 2762 2757 2758 2764 2757 2764 2763 2758 2759 2765 2758 2765 2764 2759 2760 2766 2759 2766 2765 2760 2761 2766 2766 2761 2764 2761 2762 2763 2761 2763 2764 2766 2764 2765 2767 2768 2769 2769 2770 2767 2768 2767 2771 2767 2772 2771 2770 2772 2767 2773 2769 2768 2774 2768 2775 2768 2776 2777 2768 2777 2775 2768 2771 2776 2778 2768 2774 2778 2773 2768 2779 2780 2769 2781 2779 2769 2770 2769 2780 2769 2773 2781 2782 2772 2770 2780 2782 2770 2771 2783 2776 2771 2772 2784 2771 2785 2783 2771 2786 2785 2771 2787 2786 2771 2784 2787 2788 2784 2772 2788 2772 2789 2782 2789 2772 2781 2773 2790 2791 2790 2773 2773 2792 2791 2773 2793 2792 2773 2794 2793 2795 2794 2773 2773 2778 2795 2775 2796 2774 2778 2774 2796 2796 2775 2797 2775 2777 2798 2775 2798 2797 2777 2776 2799 2776 2800 2799 2801 2776 2783 2800 2776 2801 2798 2777 2799 2795 2778 2802 2802 2778 2803 2778 2796 2803 2779 2804 2780 2781 2790 2779 2779 2790 2805 2806 2804 2779 2806 2779 2805 2782 2780 2807 2804 2807 2780 2782 2808 2809 2810 2789 2782 2808 2782 2807 2811 2782 2809 2810 2782 2811 2801 2783 2812 2783 2785 2812 2784 2813 2787 2784 2814 2813 2814 2784 2788 2815 2785 2816 2785 2786 2817 2817 2818 2785 2785 2818 2816 2819 2785 2815 2785 2819 2812 2817 2786 2787 2820 2787 2813 2821 2817 2787 2821 2787 2822 2787 2820 2823 2822 2787 2823 2824 2788 2789 2814 2788 2824 2825 2789 2810 2789 2825 2824 2826 2790 2791 2805 2790 2826 2791 2827 2826 2828 2791 2829 2827 2791 2828 2792 2829 2791 2793 2829 2792 2793 2830 2831 2831 2832 2793 2829 2793 2832 2833 2834 2793 2835 2833 2793 2835 2793 2794 2830 2793 2834 2835 2794 2836 2837 2836 2794 2794 2838 2837 2795 2838 2794 2804 2839 2795 2795 2802 2804 2795 2837 2838 2839 2837 2795 2840 2796 2797 2840 2841 2796 2803 2796 2841 2842 2840 2797 2797 2798 2842 2800 2842 2798 2800 2798 2799 2842 2800 2801 2812 2842 2801 2807 2804 2802 2808 2807 2802 2803 2843 2802 2802 2844 2845 2844 2802 2843 2802 2846 2808 2845 2846 2802 2841 2843 2803 2847 2804 2806 2804 2847 2839 2848 2806 2805 2805 2849 2850 2849 2805 2826 2805 2851 2852 2850 2851 2805 2853 2848 2805 2805 2852 2853 2847 2806 2848 2808 2846 2809 2809 2854 2811 2855 2809 2846 2854 2809 2855 2810 2811 2856 2857 2810 2856 2857 2858 2810 2858 2825 2810 2811 2859 2860 2854 2859 2811 2856 2811 2860 2842 2812 2861 2819 2862 2812 2812 2862 2861 2820 2813 2863 2813 2814 2864 2813 2864 2865 2863 2813 2865 2824 2825 2814 2864 2814 2825 2815 2816 2821 2866 2815 2867 2821 2867 2815 2819 2815 2866 2816 2818 2821 2817 2821 2818 2819 2866 2868 2869 2870 2819 2869 2819 2868 2870 2862 2819 2871 2820 2863 2823 2820 2871 2872 2821 2873 2821 2872 2867 2821 2874 2873 2822 2874 2821 2874 2822 2875 2822 2876 2875 2871 2822 2823 2877 2822 2871 2876 2822 2877 2825 2878 2864 2878 2825 2858 2826 2879 2880 2879 2826 2827 2826 2880 2881 2826 2881 2849 2827 2882 2883 2884 2879 2827 2885 2886 2827 2882 2827 2886 2883 2884 2827 2885 2827 2887 2828 2887 2827 2828 2829 2888 2888 2887 2828 2829 2889 2890 2891 2829 2890 2888 2829 2891 2829 2832 2889 2830 2892 2831 2892 2830 2893 2830 2834 2893 2831 2892 2894 2894 2832 2831 2894 2889 2832 2893 2834 2833 2833 2895 2893 2833 2835 2896 2837 2833 2896 2897 2895 2833 2897 2833 2837 2835 2836 2896 2896 2836 2837 2837 2839 2897 2853 2839 2847 2898 2839 2853 2839 2898 2897 2841 2840 2899 2840 2842 2899 2841 2900 2843 2900 2841 2899 2901 2842 2861 2899 2842 2901 2900 2902 2843 2903 2904 2843 2905 2906 2843 2843 2907 2844 2902 2903 2843 2904 2905 2843 2843 2908 2907 2906 2908 2843 2844 2909 2845 2844 2910 2909 2907 2910 2844 2911 2845 2909 2846 2845 2911 2846 2912 2855 2912 2846 2913 2913 2846 2914 2846 2911 2914 2848 2853 2847 2849 2851 2850 2849 2881 2915 2849 2915 2851 2852 2851 2916 2851 2915 2917 2851 2917 2916 2918 2919 2852 2853 2852 2920 2919 2920 2852 2852 2916 2918 2853 2920 2898 2912 2854 2855 2854 2912 2859 2857 2856 2921 2860 2921 2856 2922 2857 2923 2857 2922 2858 2857 2921 2923 2922 2878 2858 2860 2859 2924 2859 2912 2925 2859 2925 2924 2860 2926 2921 2924 2926 2860 2861 2862 2901 2870 2901 2862 2863 2865 2871 2865 2864 2927 2878 2928 2864 2864 2928 2927 2871 2865 2929 2927 2929 2865 2930 2866 2867 2868 2866 2930 2867 2908 2930 2867 2931 2908 2872 2931 2867 2930 2869 2868 2869 2906 2870 2869 2930 2906 2932 2901 2870 2870 2905 2904 2870 2904 2932 2870 2906 2905 2871 2929 2933 2871 2934 2877 2933 2934 2871 2935 2872 2873 2935 2931 2872 2875 2873 2874 2935 2873 2875 2875 2877 2936 2937 2935 2875 2875 2876 2877 2936 2937 2875 2934 2938 2877 2938 2939 2877 2877 2939 2936 2878 2922 2928 2940 2880 2879 2879 2941 2942 2879 2942 2940 2941 2879 2884 2880 2943 2944 2943 2880 2940 2944 2945 2880 2881 2880 2945 2915 2881 2946 2881 2945 2946 2947 2883 2882 2886 2948 2882 2948 2949 2882 2882 2949 2947 2884 2883 2941 2883 2947 2941 2885 2950 2886 2951 2885 2887 2952 2950 2885 2952 2885 2951 2953 2948 2886 2954 2953 2886 2886 2950 2954 2887 2888 2951 2888 2891 2894 2888 2894 2955 2888 2955 2951 2894 2890 2889 2891 2890 2894 2955 2894 2892 2955 2892 2956 2893 2957 2892 2892 2958 2956 2958 2892 2957 2893 2895 2957 2895 2897 2959 2960 2958 2895 2961 2962 2895 2963 2964 2895 2963 2895 2962 2959 2961 2895 2895 2965 2966 2967 2965 2895 2967 2895 2964 2968 2960 2895 2968 2895 2966 2958 2957 2895 2897 2898 2959 2919 2898 2920 2898 2919 2918 2959 2898 2918 2901 2900 2899 2902 2900 2901 2901 2932 2902 2902 2932 2903 2932 2904 2903 2906 2930 2908 2908 2931 2907 2907 2969 2970 2907 2931 2969 2907 2971 2910 2907 2970 2971 2910 2971 2909 2911 2909 2971 2972 2914 2911 2971 2973 2911 2972 2911 2973 2912 2913 2974 2974 2925 2912 2974 2913 2975 2975 2913 2972 2913 2914 2972 2946 2917 2915 2959 2918 2916 2916 2917 2961 2961 2959 2916 2961 2917 2946 2923 2921 2926 2923 2976 2922 2922 2977 2927 2927 2928 2922 2976 2977 2922 2978 2976 2923 2926 2978 2923 2979 2924 2980 2978 2926 2924 2978 2924 2979 2924 2925 2980 2980 2925 2974 2977 2929 2927 2929 2981 2933 2929 2977 2976 2929 2976 2981 2969 2931 2935 2981 2934 2933 2934 2981 2938 2935 2937 2969 2936 2939 2982 2982 2983 2936 2983 2937 2936 2983 2969 2937 2981 2939 2938 2981 2982 2939 2964 2943 2940 2940 2942 2964 2984 2942 2941 2941 2985 2984 2985 2941 2986 2941 2987 2986 2941 2947 2987 2984 2964 2942 2943 2964 2944 2964 2963 2944 2963 2945 2944 2963 2962 2945 2946 2945 2962 2962 2961 2946 2988 2985 2947 2989 2947 2949 2989 2988 2947 2985 2987 2947 2948 2953 2990 2948 2991 2949 2990 2991 2948 2991 2989 2949 2950 2952 2992 2954 2950 2992 2951 2955 2993 2993 2952 2951 2992 2952 2993 2953 2994 2990 2953 2954 2994 2992 2995 2954 2994 2954 2995 2993 2955 2956 2956 2996 2993 2958 2996 2956 2958 2960 2996 2960 2968 2997 2997 2996 2960 2964 2998 2967 2984 2998 2964 2965 2999 2966 3000 2965 2984 2984 2965 3001 3000 2999 2965 2965 2967 2998 2965 2998 3001 3002 2968 2966 3003 2966 2999 3002 2966 3003 2968 3002 3004 2968 3004 2997 2970 2969 2973 2969 2983 3005 3005 2973 2969 2970 2973 2971 3005 2975 2972 3005 2972 2973 2975 2980 2974 3005 2980 2975 2976 2978 2979 2979 2981 2976 2979 2980 3005 2979 3005 2981 2981 3006 2982 2981 3005 3006 2983 2982 3006 2983 3006 3005 3007 2984 2985 3007 3000 2984 3001 2998 2984 2985 2986 2987 2985 2988 3007 2989 3008 2988 3000 2988 3008 3000 3007 2988 3008 2989 3009 2991 3010 2989 2989 3010 3009 3011 2990 3004 3012 2990 3013 3014 2991 2990 2990 2995 3015 2994 2995 2990 2990 3015 3004 2990 3011 3013 2990 3012 3014 2991 3014 3010 3016 2995 2992 2993 3016 2992 3016 2993 2996 3016 3015 2995 3016 2996 2997 3015 3016 2997 2997 3004 3015 3017 2999 3000 3017 3003 2999 3008 3018 3000 3019 3017 3000 3019 3000 3018 3002 3020 3021 3020 3002 3022 3022 3002 3023 3023 3002 3017 3003 3017 3002 3002 3021 3004 3004 3021 3011 3009 3024 3008 3018 3008 3024 3009 3010 3025 3025 3024 3009 3014 3026 3010 3010 3026 3025 3011 3027 3013 3021 3027 3011 3013 3028 3012 3028 3014 3012 3027 3028 3013 3026 3014 3028 3029 3023 3017 3019 3029 3017 3024 3029 3018 3019 3018 3029 3020 3027 3021 3027 3020 3028 3028 3020 3030 3022 3030 3020 3023 3030 3022 3023 3029 3026 3023 3026 3030 3026 3024 3025 3029 3024 3026 3028 3030 3026 3031 3032 3033 3033 3034 3031 3031 3035 3036 3031 3036 3037 3035 3031 3034 3037 3038 3031 3032 3031 3038 3039 3032 3040 3041 3042 3032 3039 3041 3032 3042 3043 3032 3043 3033 3032 3040 3032 3044 3032 3038 3044 3043 3045 3033 3033 3045 3034 3034 3045 3046 3034 3046 3035 3047 3035 3046 3035 3047 3048 3035 3048 3036 3036 3049 3037 3050 3049 3036 3036 3048 3051 3050 3036 3051 3049 3038 3037 3038 3049 3052 3052 3053 3038 3053 3054 3038 3054 3055 3038 3038 3055 3056 3056 3044 3038 3057 3039 3058 3040 3058 3039 3059 3041 3039 3057 3059 3039 3058 3040 3044 3060 3042 3041 3060 3041 3059 3060 3061 3042 3042 3062 3043 3062 3042 3063 3063 3042 3061 3064 3045 3043 3062 3065 3043 3065 3066 3043 3066 3067 3043 3067 3064 3043 3068 3044 3056 3069 3044 3068 3069 3058 3044 3045 3064 3070 3071 3045 3070 3045 3071 3046 3072 3073 3046 3046 3071 3074 3047 3046 3073 3072 3046 3075 3075 3046 3074 3068 3048 3047 3068 3047 3073 3051 3048 3076 3077 3076 3048 3056 3077 3048 3048 3068 3056 3052 3049 3078 3078 3049 3050 3050 3051 3079 3080 3081 3050 3078 3050 3081 3082 3083 3050 3050 3083 3080 3050 3079 3084 3084 3082 3050 3079 3051 3076 3078 3085 3052 3086 3052 3087 3087 3052 3085 3052 3086 3053 3053 3086 3054 3088 3089 3054 3054 3090 3088 3090 3054 3086 3054 3091 3092 3054 3092 3093 3055 3054 3093 3091 3054 3089 3094 3055 3093 3055 3094 3095 3095 3096 3055 3055 3096 3056 3096 3095 3056 3056 3095 3077 3057 3097 3098 3098 3059 3057 3057 3058 3097 3058 3099 3097 3099 3058 3069 3059 3098 3061 3060 3059 3061 3063 3061 3098 3100 3062 3063 3100 3065 3062 3063 3098 3100 3067 3101 3064 3101 3102 3064 3070 3064 3102 3103 3065 3104 3105 3066 3065 3065 3106 3105 3103 3106 3065 3104 3065 3107 3100 3107 3065 3067 3066 3105 3101 3067 3108 3067 3105 3109 3110 3067 3109 3111 3108 3067 3111 3067 3110 3068 3112 3069 3113 3114 3068 3112 3068 3114 3073 3115 3068 3068 3115 3113 3069 3112 3099 3071 3070 3116 3116 3070 3102 3074 3071 3117 3116 3117 3071 3075 3118 3072 3072 3115 3073 3115 3072 3119 3119 3072 3118 3120 3075 3074 3120 3074 3121 3074 3122 3121 3074 3117 3122 3123 3124 3075 3075 3124 3118 3123 3075 3120 3076 3077 3084 3076 3084 3079 3084 3077 3125 3126 3077 3095 3126 3125 3077 3127 3128 3078 3085 3078 3128 3129 3127 3078 3081 3129 3078 3080 3083 3081 3130 3129 3081 3083 3130 3081 3082 3131 3132 3133 3083 3082 3134 3082 3084 3082 3134 3131 3132 3133 3082 3135 3130 3083 3133 3135 3083 3125 3134 3084 3136 3137 3085 3085 3128 3138 3085 3139 3140 3139 3085 3137 3085 3138 3136 3141 3085 3140 3085 3141 3087 3142 3143 3086 3142 3086 3144 3144 3086 3145 3145 3086 3087 3143 3090 3086 3087 3141 3145 3146 3147 3088 3088 3147 3089 3088 3090 3146 3148 3089 3147 3148 3091 3089 3090 3143 3146 3092 3091 3148 3148 3149 3092 3150 3093 3092 3150 3092 3095 3092 3149 3126 3095 3092 3126 3150 3094 3093 3095 3094 3150 3151 3097 3099 3151 3098 3097 3152 3100 3098 3152 3098 3153 3153 3098 3151 3112 3154 3099 3151 3099 3154 3100 3155 3107 3152 3155 3100 3156 3101 3108 3157 3102 3101 3158 3157 3101 3158 3101 3156 3102 3117 3116 3117 3102 3157 3109 3103 3104 3109 3106 3103 3159 3104 3160 3104 3159 3109 3160 3104 3107 3106 3109 3105 3161 3160 3107 3107 3162 3163 3161 3107 3163 3107 3155 3162 3156 3108 3164 3164 3108 3111 3165 3109 3166 3159 3166 3109 3165 3167 3109 3109 3167 3110 3168 3110 3167 3168 3169 3110 3111 3110 3164 3164 3110 3170 3170 3110 3169 3112 3171 3154 3112 3172 3173 3112 3174 3175 3114 3176 3112 3112 3173 3171 3112 3175 3172 3176 3177 3112 3112 3177 3174 3113 3178 3114 3178 3113 3179 3179 3113 3115 3178 3180 3114 3114 3180 3176 3119 3181 3115 3182 3115 3181 3183 3115 3182 3183 3179 3115 3157 3184 3117 3122 3117 3184 3119 3118 3181 3124 3181 3118 3185 3120 3121 3120 3185 3123 3186 3121 3187 3122 3187 3121 3186 3185 3121 3122 3184 3187 3188 3124 3123 3185 3189 3123 3123 3189 3188 3190 3181 3124 3188 3190 3124 3134 3125 3131 3132 3131 3125 3191 3125 3126 3132 3125 3191 3191 3126 3149 3192 3193 3127 3128 3127 3194 3194 3127 3193 3127 3195 3192 3195 3127 3129 3196 3197 3128 3194 3196 3128 3138 3128 3197 3198 3129 3130 3198 3195 3129 3130 3135 3198 3133 3132 3191 3199 3135 3133 3133 3191 3199 3198 3135 3199 3137 3136 3200 3197 3136 3138 3197 3200 3136 3137 3201 3139 3137 3202 3201 3200 3202 3137 3139 3201 3203 3139 3204 3140 3139 3203 3205 3205 3204 3139 3141 3140 3206 3140 3204 3207 3206 3140 3207 3206 3145 3141 3143 3142 3146 3146 3142 3144 3146 3144 3145 3208 3146 3145 3206 3208 3145 3147 3146 3208 3209 3147 3208 3147 3210 3148 3209 3211 3147 3210 3147 3211 3210 3149 3148 3149 3211 3212 3149 3213 3199 3149 3214 3215 3213 3149 3215 3149 3199 3191 3216 3217 3149 3149 3217 3218 3214 3149 3218 3149 3212 3219 3216 3149 3219 3149 3210 3211 3151 3154 3153 3153 3155 3152 3155 3153 3162 3162 3153 3220 3153 3154 3171 3171 3220 3153 3164 3158 3156 3221 3157 3158 3157 3222 3184 3221 3222 3157 3223 3158 3164 3158 3223 3221 3159 3160 3224 3224 3177 3159 3177 3225 3159 3159 3225 3166 3224 3160 3161 3161 3163 3224 3172 3175 3162 3220 3172 3162 3175 3174 3162 3162 3174 3163 3174 3224 3163 3226 3223 3164 3170 3227 3164 3164 3227 3226 3165 3166 3228 3167 3165 3168 3168 3165 3228 3166 3225 3228 3229 3170 3168 3168 3228 3230 3170 3169 3168 3168 3230 3229 3170 3231 3227 3170 3232 3231 3229 3232 3170 3173 3220 3171 3173 3172 3220 3177 3224 3174 3176 3225 3177 3233 3234 3176 3234 3225 3176 3180 3235 3176 3235 3233 3176 3178 3235 3180 3235 3178 3179 3179 3183 3236 3179 3237 3235 3237 3179 3236 3238 3182 3181 3181 3190 3238 3239 3182 3238 3236 3182 3239 3236 3183 3182 3222 3187 3184 3189 3185 3186 3187 3240 3186 3186 3240 3241 3186 3241 3189 3221 3242 3187 3187 3222 3221 3187 3242 3240 3243 3188 3244 3188 3189 3241 3244 3188 3241 3243 3190 3188 3238 3190 3243 3192 3215 3214 3192 3214 3193 3192 3195 3215 3194 3193 3214 3214 3196 3194 3195 3213 3215 3213 3195 3198 3197 3196 3245 3196 3214 3245 3245 3246 3197 3247 3197 3246 3247 3248 3197 3248 3200 3197 3198 3199 3213 3200 3246 3249 3202 3200 3250 3200 3249 3250 3200 3248 3246 3251 3203 3201 3202 3252 3201 3201 3252 3251 3202 3250 3252 3251 3253 3203 3253 3205 3203 3254 3207 3204 3254 3204 3205 3205 3255 3254 3255 3205 3253 3256 3208 3206 3206 3207 3256 3256 3207 3254 3209 3208 3256 3256 3257 3209 3209 3257 3211 3257 3212 3211 3258 3219 3212 3212 3257 3258 3218 3259 3214 3214 3259 3245 3216 3219 3260 3216 3261 3217 3261 3216 3262 3262 3216 3260 3245 3217 3263 3264 3217 3245 3217 3261 3263 3259 3218 3217 3264 3259 3217 3265 3260 3219 3258 3265 3219 3221 3223 3242 3226 3266 3223 3240 3242 3223 3266 3240 3223 3228 3225 3234 3226 3227 3266 3231 3266 3227 3234 3230 3228 3267 3232 3229 3229 3268 3267 3229 3230 3268 3230 3234 3268 3231 3232 3266 3232 3267 3266 3237 3234 3233 3235 3237 3233 3269 3268 3234 3234 3237 3269 3236 3239 3269 3237 3236 3269 3238 3243 3239 3239 3243 3269 3244 3241 3240 3240 3266 3244 3269 3243 3244 3266 3269 3244 3246 3245 3270 3245 3263 3270 3245 3259 3264 3248 3247 3246 3270 3249 3246 3249 3271 3250 3271 3249 3263 3249 3270 3263 3272 3250 3271 3250 3273 3252 3272 3273 3250 3265 3251 3274 3275 3251 3276 3251 3252 3277 3278 3255 3251 3251 3255 3253 3265 3278 3251 3275 3274 3251 3277 3276 3251 3273 3277 3252 3254 3255 3279 3254 3279 3256 3255 3278 3279 3257 3256 3279 3258 3257 3279 3258 3279 3278 3278 3265 3258 3280 3281 3260 3282 3260 3281 3283 3260 3282 3284 3260 3283 3260 3284 3262 3265 3280 3260 3263 3261 3284 3261 3262 3284 3263 3285 3271 3263 3284 3286 3285 3263 3286 3274 3280 3265 3267 3287 3266 3287 3269 3266 3287 3267 3268 3269 3287 3268 3271 3288 3272 3288 3271 3285 3289 3273 3272 3272 3288 3289 3273 3290 3277 3289 3290 3273 3275 3291 3274 3274 3291 3280 3276 3292 3275 3275 3292 3291 3276 3277 3292 3292 3277 3290 3280 3291 3281 3292 3281 3291 3293 3281 3292 3281 3293 3282 3282 3293 3283 3290 3294 3283 3284 3283 3294 3293 3290 3283 3284 3294 3286 3285 3294 3288 3294 3285 3286 3289 3288 3290 3290 3288 3294 3290 3293 3292 3295 3296 3297 3298 3295 3297 3295 3299 3296 3295 3298 3300 3300 3299 3295 3297 3296 3301 3301 3296 3302 3299 3303 3296 3303 3299 3296 3296 3303 3302 3301 3304 3297 3297 3305 3298 3304 3305 3297 3306 3298 3307 3308 3300 3298 3298 3306 3308 3298 3305 3307 3303 3299 3309 3310 3309 3299 3300 3310 3299 3309 3310 3299 3299 3310 3300 3300 3311 3310 3312 3311 3300 3312 3300 3308 3304 3301 3313 3313 3301 3302 3314 3302 3315 3302 3316 3315 3302 3303 3316 3313 3302 3314 3309 3316 3303 3305 3304 3317 3304 3313 3317 3317 3318 3305 3307 3305 3318 3307 3319 3306 3320 3306 3321 3322 3308 3306 3306 3320 3323 3306 3323 3322 3306 3319 3321 3319 3307 3324 3307 3318 3324 3325 3312 3308 3326 3308 3322 3326 3325 3308 3327 3309 3310 3328 3316 3309 3328 3309 3327 3310 3329 3327 3330 3310 3311 3329 3310 3330 3311 3331 3330 3312 3331 3311 3312 3332 3331 3333 3312 3325 3334 3332 3312 3334 3312 3333 3313 3335 3317 3313 3336 3337 3313 3337 3338 3339 3313 3314 3336 3313 3339 3338 3335 3313 3315 3339 3314 3340 3339 3315 3315 3341 3340 3342 3341 3315 3315 3316 3343 3315 3343 3344 3342 3315 3344 3316 3328 3345 3345 3343 3316 3335 3318 3317 3324 3318 3346 3335 3346 3318 3324 3347 3319 3319 3348 3321 3348 3319 3347 3321 3349 3320 3350 3351 3320 3350 3320 3352 3351 3323 3320 3320 3349 3352 3348 3349 3321 3322 3323 3326 3351 3326 3323 3346 3347 3324 3325 3326 3333 3326 3353 3354 3326 3355 3353 3326 3356 3333 3354 3356 3326 3355 3326 3351 3329 3357 3327 3327 3357 3328 3357 3358 3328 3328 3358 3345 3329 3359 3357 3359 3329 3330 3330 3360 3359 3331 3360 3330 3331 3332 3360 3361 3362 3332 3361 3332 3334 3360 3332 3362 3333 3361 3334 3363 3361 3333 3363 3333 3364 3364 3333 3354 3354 3333 3356 3365 3335 3338 3365 3346 3335 3336 3366 3337 3336 3367 3368 3336 3368 3369 3336 3339 3370 3336 3370 3371 3369 3366 3336 3371 3367 3336 3372 3373 3337 3338 3337 3373 3337 3366 3372 3373 3365 3338 3370 3339 3340 3370 3340 3341 3342 3374 3341 3371 3341 3374 3370 3341 3371 3374 3342 3375 3342 3344 3375 3376 3377 3343 3376 3343 3345 3344 3343 3377 3375 3344 3377 3378 3376 3345 3345 3358 3378 3379 3380 3346 3379 3346 3381 3365 3381 3346 3346 3380 3347 3380 3382 3347 3382 3383 3347 3347 3383 3348 3348 3383 3352 3352 3349 3348 3384 3351 3350 3350 3385 3384 3386 3385 3350 3350 3387 3386 3350 3352 3387 3355 3351 3384 3383 3388 3352 3352 3389 3387 3389 3352 3388 3353 3390 3354 3353 3391 3392 3392 3390 3353 3391 3353 3355 3354 3392 3364 3354 3390 3392 3393 3355 3386 3355 3393 3394 3355 3394 3395 3391 3355 3395 3384 3385 3355 3355 3385 3386 3357 3359 3396 3396 3358 3357 3396 3378 3358 3397 3396 3359 3397 3359 3360 3362 3397 3360 3398 3362 3361 3361 3399 3400 3361 3400 3401 3401 3398 3361 3363 3399 3361 3397 3362 3402 3398 3402 3362 3399 3363 3403 3404 3363 3405 3363 3404 3406 3363 3364 3405 3407 3403 3363 3407 3363 3406 3408 3409 3364 3410 3408 3364 3410 3364 3392 3364 3411 3405 3409 3411 3364 3373 3381 3365 3412 3372 3366 3412 3366 3369 3374 3368 3367 3374 3367 3371 3368 3413 3414 3413 3368 3415 3412 3368 3416 3368 3412 3369 3368 3417 3415 3374 3417 3368 3414 3416 3368 3373 3372 3418 3372 3419 3418 3372 3412 3419 3373 3420 3421 3421 3422 3373 3418 3420 3373 3381 3373 3422 3417 3374 3423 3424 3374 3375 3374 3424 3423 3424 3375 3377 3377 3376 3424 3376 3378 3424 3378 3396 3425 3425 3424 3378 3379 3382 3380 3426 3379 3381 3379 3426 3427 3428 3429 3379 3379 3427 3428 3429 3382 3379 3381 3422 3426 3382 3430 3383 3429 3430 3382 3383 3430 3388 3431 3432 3386 3432 3393 3386 3386 3433 3431 3387 3433 3386 3434 3387 3435 3389 3435 3387 3387 3434 3436 3436 3433 3387 3430 3437 3388 3437 3438 3388 3388 3438 3389 3439 3389 3440 3389 3438 3440 3389 3439 3441 3389 3441 3435 3391 3442 3392 3442 3391 3395 3392 3442 3410 3393 3432 3443 3443 3394 3393 3395 3394 3442 3444 3442 3394 3444 3394 3443 3425 3396 3445 3445 3396 3397 3402 3445 3397 3402 3398 3401 3400 3399 3446 3403 3446 3399 3447 3400 3448 3401 3400 3447 3400 3446 3448 3447 3402 3401 3449 3450 3402 3449 3402 3451 3452 3445 3402 3452 3402 3450 3451 3402 3447 3403 3448 3446 3453 3448 3403 3453 3403 3407 3405 3454 3404 3404 3455 3456 3456 3406 3404 3404 3454 3457 3458 3459 3404 3455 3404 3459 3404 3457 3458 3460 3405 3461 3405 3462 3454 3405 3411 3463 3405 3463 3461 3462 3405 3460 3407 3406 3456 3464 3407 3456 3407 3465 3453 3407 3464 3465 3466 3409 3408 3408 3410 3467 3408 3468 3469 3408 3469 3466 3467 3468 3408 3409 3470 3411 3471 3470 3409 3471 3409 3466 3410 3442 3444 3410 3472 3467 3473 3472 3410 3410 3444 3474 3410 3474 3473 3463 3411 3470 3412 3416 3475 3412 3476 3477 3475 3476 3412 3412 3478 3419 3477 3478 3412 3413 3479 3414 3479 3413 3480 3413 3415 3480 3414 3479 3481 3481 3416 3414 3480 3415 3482 3482 3415 3417 3481 3475 3416 3483 3417 3484 3417 3423 3484 3483 3482 3417 3418 3419 3485 3485 3420 3418 3478 3485 3419 3420 3486 3421 3487 3420 3485 3488 3420 3487 3486 3420 3488 3486 3422 3421 3486 3426 3422 3489 3423 3490 3424 3490 3423 3489 3484 3423 3424 3449 3490 3449 3424 3425 3449 3425 3445 3486 3427 3426 3486 3428 3427 3429 3428 3491 3492 3491 3428 3428 3486 3492 3493 3494 3429 3494 3430 3429 3429 3491 3493 3494 3437 3430 3432 3431 3495 3431 3496 3497 3497 3495 3431 3496 3431 3433 3432 3495 3443 3496 3433 3436 3498 3434 3435 3434 3498 3436 3435 3441 3498 3499 3496 3436 3500 3501 3436 3498 3502 3436 3501 3499 3436 3436 3503 3500 3502 3503 3436 3494 3438 3437 3438 3504 3440 3504 3438 3494 3440 3505 3439 3439 3506 3507 3507 3441 3439 3439 3505 3506 3504 3505 3440 3502 3498 3441 3502 3441 3507 3495 3444 3443 3444 3495 3508 3444 3508 3474 3445 3452 3449 3447 3509 3451 3448 3509 3447 3453 3510 3448 3510 3509 3448 3511 3490 3449 3512 3511 3449 3512 3449 3513 3452 3450 3449 3451 3509 3449 3513 3449 3514 3509 3514 3449 3510 3453 3515 3465 3515 3453 3516 3454 3462 3457 3454 3516 3455 3517 3456 3518 3455 3519 3455 3459 3519 3455 3518 3517 3456 3517 3464 3520 3457 3516 3458 3457 3520 3520 3459 3458 3520 3519 3459 3460 3461 3521 3520 3460 3522 3460 3523 3522 3462 3460 3520 3521 3523 3460 3461 3463 3524 3461 3524 3521 3462 3520 3516 3525 3524 3463 3470 3525 3463 3464 3526 3465 3526 3464 3517 3526 3515 3465 3466 3469 3527 3527 3471 3466 3468 3467 3528 3467 3472 3529 3467 3529 3530 3467 3530 3528 3468 3531 3469 3532 3533 3468 3532 3468 3528 3468 3533 3531 3469 3531 3527 3470 3471 3521 3521 3525 3470 3471 3527 3534 3471 3534 3521 3473 3529 3472 3473 3474 3535 3529 3473 3530 3473 3535 3536 3473 3536 3530 3537 3538 3474 3474 3508 3537 3538 3535 3474 3539 3475 3540 3541 3475 3481 3475 3541 3540 3476 3475 3542 3543 3542 3475 3475 3539 3544 3475 3544 3543 3476 3542 3477 3477 3542 3545 3546 3477 3545 3547 3478 3477 3547 3477 3546 3547 3548 3478 3478 3549 3485 3548 3549 3478 3550 3481 3479 3551 3550 3479 3479 3480 3551 3480 3482 3551 3541 3481 3550 3551 3482 3552 3482 3553 3552 3554 3482 3483 3553 3482 3554 3484 3555 3483 3554 3483 3555 3484 3556 3557 3484 3557 3558 3556 3484 3489 3558 3555 3484 3559 3487 3485 3485 3549 3559 3486 3488 3492 3487 3559 3560 3487 3560 3561 3487 3562 3488 3561 3562 3487 3488 3563 3492 3563 3488 3564 3564 3488 3565 3566 3565 3488 3566 3488 3562 3489 3490 3567 3568 3489 3567 3489 3569 3556 3489 3568 3569 3567 3490 3570 3570 3490 3511 3563 3493 3491 3563 3491 3492 3494 3493 3571 3572 3571 3493 3572 3493 3563 3571 3504 3494 3508 3495 3497 3496 3499 3497 3501 3497 3499 3501 3500 3497 3573 3497 3500 3573 3574 3497 3497 3575 3508 3497 3574 3575 3500 3576 3573 3576 3500 3503 3502 3507 3503 3576 3503 3507 3504 3577 3578 3504 3578 3505 3504 3571 3577 3505 3578 3579 3505 3579 3506 3506 3580 3507 3506 3579 3580 3581 3507 3580 3507 3581 3576 3537 3508 3582 3508 3575 3582 3514 3509 3510 3510 3583 3514 3510 3584 3583 3585 3510 3515 3585 3584 3510 3570 3511 3586 3511 3512 3587 3511 3587 3586 3587 3512 3513 3513 3588 3589 3590 3513 3514 3591 3513 3590 3588 3513 3591 3587 3513 3589 3514 3583 3592 3514 3593 3594 3590 3514 3594 3593 3514 3592 3526 3595 3515 3595 3585 3515 3595 3526 3517 3517 3596 3595 3518 3596 3517 3519 3597 3518 3598 3518 3599 3518 3598 3596 3599 3518 3597 3600 3519 3520 3597 3519 3601 3519 3600 3601 3520 3522 3602 3602 3600 3520 3521 3524 3525 3521 3534 3603 3521 3603 3604 3605 3521 3604 3521 3605 3523 3522 3605 3602 3523 3605 3522 3527 3531 3606 3534 3527 3607 3527 3608 3609 3606 3608 3527 3609 3607 3527 3530 3532 3528 3530 3610 3565 3530 3565 3566 3530 3566 3532 3530 3536 3610 3531 3560 3606 3531 3533 3560 3532 3562 3533 3566 3562 3532 3561 3560 3533 3561 3533 3562 3534 3607 3603 3535 3538 3611 3611 3536 3535 3612 3610 3536 3612 3536 3611 3538 3537 3611 3537 3612 3611 3613 3614 3537 3615 3537 3614 3615 3616 3537 3612 3537 3616 3613 3537 3582 3617 3539 3540 3617 3544 3539 3541 3617 3540 3550 3618 3541 3617 3541 3618 3543 3545 3542 3619 3543 3620 3621 3545 3543 3621 3543 3619 3543 3544 3620 3617 3620 3544 3545 3621 3546 3546 3622 3547 3621 3622 3546 3548 3547 3608 3608 3547 3622 3559 3548 3606 3548 3559 3549 3548 3608 3606 3550 3623 3624 3551 3625 3550 3550 3626 3627 3628 3550 3627 3618 3550 3628 3550 3624 3626 3623 3550 3625 3625 3551 3629 3552 3630 3551 3551 3630 3629 3552 3631 3630 3632 3552 3553 3631 3552 3632 3633 3632 3553 3553 3554 3558 3553 3558 3557 3557 3634 3553 3634 3633 3553 3554 3555 3558 3556 3634 3557 3634 3556 3635 3636 3635 3556 3556 3637 3636 3638 3637 3556 3556 3639 3638 3640 3639 3556 3641 3640 3556 3641 3556 3569 3606 3560 3559 3564 3572 3563 3564 3565 3642 3564 3643 3644 3644 3572 3564 3643 3564 3616 3642 3616 3564 3642 3565 3610 3645 3567 3570 3567 3646 3568 3567 3645 3646 3568 3646 3647 3568 3647 3648 3648 3569 3568 3649 3569 3648 3650 3641 3569 3650 3569 3649 3570 3586 3651 3645 3570 3652 3570 3651 3652 3577 3571 3572 3577 3572 3644 3653 3573 3654 3573 3655 3656 3576 3657 3573 3573 3657 3654 3655 3573 3653 3656 3574 3573 3574 3656 3614 3614 3613 3574 3582 3574 3613 3575 3574 3582 3576 3658 3657 3581 3658 3576 3578 3577 3644 3659 3578 3644 3579 3578 3659 3659 3580 3579 3660 3581 3580 3659 3661 3580 3580 3661 3660 3581 3660 3658 3583 3662 3592 3583 3584 3662 3584 3585 3662 3585 3595 3662 3586 3663 3651 3586 3587 3663 3589 3664 3587 3587 3664 3663 3588 3665 3589 3666 3588 3591 3588 3666 3665 3664 3589 3665 3590 3667 3591 3594 3667 3590 3591 3668 3666 3667 3668 3591 3662 3593 3592 3594 3593 3669 3669 3593 3670 3593 3662 3670 3669 3671 3594 3671 3667 3594 3672 3595 3596 3662 3595 3672 3598 3672 3596 3601 3673 3597 3597 3674 3599 3675 3597 3673 3674 3597 3675 3599 3676 3598 3677 3598 3678 3598 3677 3672 3598 3676 3678 3674 3676 3599 3601 3600 3602 3602 3679 3601 3601 3680 3673 3679 3680 3601 3605 3679 3602 3603 3681 3682 3603 3682 3604 3603 3607 3681 3683 3605 3604 3604 3682 3683 3683 3684 3605 3684 3679 3605 3681 3607 3609 3608 3622 3609 3609 3622 3685 3685 3681 3609 3610 3612 3642 3612 3616 3642 3614 3656 3686 3687 3614 3686 3615 3614 3687 3688 3643 3615 3643 3616 3615 3688 3615 3687 3618 3689 3617 3620 3617 3690 3691 3617 3689 3617 3691 3690 3618 3628 3692 3689 3618 3692 3620 3693 3619 3685 3621 3619 3619 3694 3685 3693 3694 3619 3690 3693 3620 3621 3685 3622 3623 3695 3624 3696 3623 3625 3623 3696 3697 3697 3695 3623 3698 3626 3624 3699 3698 3624 3624 3695 3699 3700 3696 3625 3701 3700 3625 3702 3625 3703 3625 3702 3701 3625 3629 3704 3705 3625 3706 3707 3706 3625 3708 3707 3625 3709 3708 3625 3625 3704 3709 3703 3625 3705 3627 3626 3710 3710 3626 3711 3626 3698 3711 3628 3627 3712 3713 3714 3627 3627 3715 3713 3627 3716 3715 3712 3627 3717 3627 3710 3716 3627 3714 3717 3692 3628 3718 3712 3719 3628 3718 3628 3719 3630 3720 3629 3629 3721 3704 3629 3720 3640 3629 3640 3721 3722 3723 3630 3724 3722 3630 3630 3725 3724 3631 3725 3630 3720 3630 3723 3631 3726 3727 3725 3631 3727 3728 3726 3631 3631 3632 3728 3728 3632 3633 3633 3729 3728 3729 3633 3634 3634 3635 3729 3635 3730 3729 3730 3635 3636 3636 3727 3730 3637 3727 3636 3731 3637 3732 3637 3731 3727 3637 3638 3732 3638 3639 3732 3639 3640 3723 3639 3723 3722 3732 3639 3722 3721 3640 3641 3723 3640 3720 3733 3734 3641 3650 3733 3641 3735 3721 3641 3641 3734 3735 3643 3688 3644 3644 3736 3659 3688 3736 3644 3645 3652 3737 3646 3645 3738 3737 3738 3645 3646 3739 3740 3740 3647 3646 3738 3739 3646 3648 3647 3649 3740 3649 3647 3649 3741 3742 3650 3649 3742 3740 3741 3649 3650 3742 3733 3664 3651 3663 3743 3651 3664 3744 3651 3743 3651 3745 3652 3651 3744 3745 3746 3737 3652 3652 3747 3746 3748 3747 3652 3749 3652 3745 3749 3748 3652 3654 3750 3653 3653 3751 3655 3751 3653 3750 3657 3752 3654 3752 3750 3654 3753 3656 3655 3754 3753 3655 3751 3754 3655 3686 3656 3753 3752 3657 3658 3752 3658 3755 3755 3658 3660 3659 3756 3757 3659 3758 3661 3757 3758 3659 3659 3736 3756 3759 3660 3661 3759 3755 3660 3760 3759 3661 3661 3761 3762 3758 3761 3661 3661 3763 3760 3661 3762 3763 3662 3672 3764 3764 3670 3662 3765 3664 3766 3765 3743 3664 3665 3766 3664 3666 3767 3665 3767 3766 3665 3768 3666 3668 3768 3767 3666 3667 3671 3668 3769 3668 3671 3768 3668 3769 3770 3671 3669 3669 3771 3772 3772 3770 3669 3771 3669 3670 3771 3670 3764 3671 3773 3769 3770 3773 3671 3774 3672 3677 3764 3672 3774 3673 3775 3776 3673 3776 3675 3673 3777 3775 3778 3777 3673 3673 3680 3778 3674 3776 3676 3776 3674 3675 3678 3676 3776 3678 3779 3677 3677 3780 3774 3780 3677 3779 3781 3779 3678 3776 3781 3678 3684 3778 3679 3679 3778 3680 3681 3685 3782 3782 3682 3681 3783 3683 3682 3783 3682 3782 3784 3683 3783 3784 3684 3683 3778 3684 3784 3685 3694 3785 3785 3786 3685 3787 3788 3685 3787 3685 3786 3782 3685 3788 3753 3789 3686 3686 3789 3687 3687 3790 3688 3789 3790 3687 3756 3736 3688 3756 3688 3791 3790 3791 3688 3792 3689 3692 3691 3689 3792 3690 3793 3693 3794 3793 3690 3794 3690 3691 3795 3691 3792 3691 3795 3794 3718 3792 3692 3693 3793 3694 3694 3793 3794 3694 3794 3785 3796 3695 3697 3796 3699 3695 3700 3797 3696 3696 3797 3798 3798 3697 3696 3799 3796 3697 3800 3799 3697 3800 3697 3798 3698 3699 3801 3698 3801 3711 3699 3796 3802 3801 3699 3802 3803 3804 3700 3700 3805 3803 3804 3797 3700 3805 3700 3701 3806 3805 3701 3702 3807 3701 3807 3806 3701 3702 3703 3808 3808 3809 3702 3810 3811 3702 3809 3810 3702 3812 3702 3811 3807 3702 3812 3705 3813 3703 3703 3813 3808 3721 3814 3704 3709 3704 3815 3814 3816 3704 3816 3815 3704 3817 3705 3706 3705 3817 3818 3819 3813 3705 3819 3705 3818 3820 3817 3706 3820 3706 3707 3707 3708 3821 3707 3821 3822 3820 3707 3822 3708 3709 3823 3708 3824 3825 3825 3821 3708 3823 3824 3708 3709 3815 3823 3710 3711 3716 3711 3801 3716 3826 3712 3717 3826 3719 3712 3713 3827 3714 3828 3829 3713 3713 3830 3828 3831 3830 3713 3831 3713 3715 3827 3713 3832 3713 3829 3832 3714 3827 3717 3831 3715 3716 3716 3799 3833 3716 3833 3831 3716 3802 3799 3801 3802 3716 3717 3827 3826 3718 3834 3792 3834 3718 3719 3826 3835 3719 3836 3719 3835 3836 3834 3719 3735 3837 3721 3814 3721 3837 3732 3722 3724 3731 3732 3724 3724 3725 3731 3731 3725 3727 3726 3730 3727 3729 3730 3726 3729 3726 3728 3838 3734 3733 3733 3742 3839 3733 3839 3840 3733 3840 3838 3735 3734 3838 3841 3735 3838 3837 3735 3841 3738 3737 3842 3843 3842 3737 3844 3737 3746 3844 3843 3737 3842 3845 3738 3845 3739 3738 3739 3741 3740 3741 3739 3845 3846 3742 3741 3741 3845 3846 3742 3846 3847 3847 3839 3742 3848 3743 3765 3744 3743 3848 3744 3848 3849 3850 3744 3849 3744 3850 3745 3745 3850 3749 3746 3747 3844 3844 3747 3851 3748 3852 3747 3851 3747 3853 3854 3747 3855 3854 3853 3747 3747 3852 3855 3748 3856 3857 3858 3852 3748 3748 3857 3858 3749 3859 3748 3860 3748 3859 3856 3748 3860 3850 3859 3749 3861 3750 3752 3751 3750 3861 3754 3751 3861 3752 3862 3861 3863 3752 3755 3862 3752 3863 3753 3754 3864 3753 3864 3789 3861 3865 3754 3866 3754 3865 3864 3754 3866 3863 3755 3759 3756 3791 3757 3867 3758 3757 3757 3791 3867 3867 3761 3758 3760 3863 3759 3868 3863 3760 3868 3760 3763 3762 3761 3869 3761 3867 3870 3761 3871 3869 3870 3871 3761 3869 3763 3762 3868 3763 3869 3872 3771 3764 3872 3764 3774 3766 3873 3765 3874 3875 3765 3874 3765 3873 3875 3848 3765 3767 3853 3766 3853 3873 3766 3853 3767 3768 3853 3768 3876 3877 3876 3768 3768 3878 3877 3769 3878 3768 3879 3769 3773 3878 3769 3879 3835 3773 3770 3770 3772 3835 3771 3880 3772 3771 3872 3880 3835 3772 3881 3772 3880 3881 3826 3827 3773 3826 3773 3835 3827 3832 3773 3832 3879 3773 3780 3872 3774 3882 3776 3775 3883 3775 3884 3775 3883 3885 3775 3885 3882 3775 3777 3884 3781 3776 3882 3777 3778 3784 3784 3886 3777 3777 3887 3884 3777 3886 3888 3888 3887 3777 3781 3889 3779 3780 3779 3889 3780 3890 3872 3889 3891 3780 3780 3892 3890 3891 3892 3780 3885 3781 3882 3781 3893 3889 3781 3885 3893 3788 3783 3782 3783 3788 3787 3783 3787 3894 3784 3783 3894 3886 3784 3894 3794 3895 3785 3895 3786 3785 3894 3787 3786 3895 3894 3786 3789 3896 3790 3789 3864 3896 3896 3791 3790 3896 3867 3791 3834 3897 3792 3795 3792 3897 3794 3898 3899 3795 3898 3794 3794 3899 3900 3794 3900 3901 3895 3794 3901 3902 3795 3897 3795 3902 3898 3796 3799 3802 3804 3903 3797 3798 3797 3904 3903 3904 3797 3904 3800 3798 3799 3905 3906 3799 3906 3907 3907 3833 3799 3799 3904 3905 3800 3904 3799 3803 3908 3804 3909 3910 3803 3911 3803 3910 3803 3912 3909 3803 3911 3908 3912 3803 3805 3913 3804 3908 3903 3804 3913 3805 3806 3912 3806 3807 3914 3914 3912 3806 3807 3812 3914 3808 3915 3916 3916 3809 3808 3917 3808 3813 3915 3808 3917 3916 3918 3809 3809 3919 3810 3918 3919 3809 3920 3811 3810 3810 3919 3920 3921 3811 3922 3811 3923 3812 3921 3909 3811 3909 3923 3811 3920 3922 3811 3914 3812 3923 3813 3819 3917 3924 3814 3825 3825 3814 3837 3816 3814 3924 3823 3815 3924 3924 3815 3816 3817 3820 3818 3818 3820 3925 3818 3925 3926 3927 3818 3926 3819 3818 3927 3819 3927 3917 3820 3822 3925 3928 3821 3825 3822 3821 3928 3925 3822 3928 3823 3924 3824 3824 3924 3825 3837 3928 3825 3877 3829 3828 3921 3929 3828 3928 3837 3828 3928 3828 3929 3828 3910 3921 3828 3837 3930 3930 3877 3828 3910 3828 3911 3931 3911 3828 3828 3830 3931 3879 3829 3877 3879 3832 3829 3931 3830 3932 3907 3932 3830 3831 3933 3830 3933 3907 3830 3831 3833 3933 3907 3933 3833 3834 3934 3935 3934 3834 3836 3935 3897 3834 3936 3836 3835 3936 3835 3881 3836 3937 3934 3936 3937 3836 3837 3841 3930 3838 3938 3841 3840 3938 3838 3930 3938 3839 3840 3839 3938 3839 3877 3930 3847 3876 3839 3876 3877 3839 3841 3938 3930 3845 3842 3939 3842 3843 3939 3843 3844 3940 3940 3939 3843 3851 3940 3844 3845 3939 3846 3939 3847 3846 3876 3847 3939 3848 3941 3849 3848 3942 3941 3942 3848 3875 3850 3849 3943 3943 3849 3944 3849 3941 3944 3850 3945 3859 3946 3945 3850 3850 3943 3946 3876 3939 3851 3940 3851 3939 3853 3876 3851 3852 3947 3855 3852 3858 3947 3853 3854 3948 3948 3873 3853 3949 3854 3855 3948 3854 3949 3947 3949 3855 3856 3950 3857 3951 3856 3860 3856 3951 3950 3952 3858 3857 3950 3953 3857 3857 3953 3954 3857 3954 3952 3858 3952 3955 3858 3955 3947 3860 3859 3956 3945 3956 3859 3860 3956 3957 3951 3860 3957 3862 3865 3861 3862 3863 3868 3868 3958 3862 3958 3865 3862 3896 3864 3959 3864 3866 3959 3866 3865 3958 3960 3866 3958 3959 3866 3960 3867 3896 3870 3960 3868 3869 3868 3960 3958 3869 3871 3960 3896 3959 3870 3959 3871 3870 3959 3960 3871 3880 3872 3890 3874 3873 3948 3942 3875 3874 3874 3961 3942 3874 3948 3961 3879 3877 3878 3962 3881 3880 3890 3962 3880 3936 3881 3963 3962 3963 3881 3884 3964 3883 3965 3885 3883 3965 3883 3964 3887 3964 3884 3966 3885 3965 3893 3885 3966 3886 3900 3888 3901 3900 3886 3894 3901 3886 3888 3964 3887 3888 3900 3899 3888 3899 3964 3889 3893 3967 3967 3891 3889 3962 3890 3892 3967 3892 3891 3963 3962 3892 3963 3892 3968 3892 3967 3968 3893 3966 3967 3895 3901 3894 3935 3902 3897 3898 3969 3899 3898 3902 3969 3964 3899 3970 3899 3971 3972 3899 3972 3970 3899 3969 3971 3902 3935 3969 3904 3903 3905 3903 3913 3905 3973 3906 3905 3905 3913 3973 3974 3906 3973 3907 3906 3932 3974 3932 3906 3973 3908 3911 3913 3908 3973 3910 3909 3921 3909 3975 3923 3909 3912 3975 3911 3974 3973 3974 3911 3931 3975 3912 3914 3923 3975 3914 3915 3918 3916 3915 3917 3976 3976 3918 3915 3917 3927 3926 3976 3917 3926 3976 3977 3918 3918 3977 3919 3919 3977 3920 3920 3977 3922 3929 3921 3922 3977 3976 3922 3929 3922 3976 3928 3929 3925 3926 3925 3929 3929 3976 3926 3932 3974 3931 3978 3935 3934 3978 3934 3979 3937 3979 3934 3972 3971 3935 3972 3935 3978 3969 3935 3971 3936 3963 3980 3936 3980 3937 3937 3980 3981 3937 3981 3979 3982 3983 3941 3984 3982 3941 3941 3942 3984 3983 3944 3941 3942 3961 3984 3946 3943 3944 3985 3946 3944 3985 3944 3983 3956 3945 3986 3986 3945 3987 3945 3946 3987 3946 3985 3987 3947 3988 3949 3947 3955 3989 3947 3989 3988 3948 3949 3961 3988 3961 3949 3990 3953 3950 3950 3951 3990 3991 3990 3951 3991 3951 3957 3992 3955 3952 3952 3954 3992 3954 3953 3993 3994 3953 3995 3953 3994 3993 3995 3953 3990 3954 3996 3992 3997 3998 3954 3997 3954 3993 3996 3954 3998 3989 3955 3992 3956 3991 3957 3991 3956 3999 3999 3956 4000 3986 4000 3956 3988 3984 3961 3968 3980 3963 3965 3964 3970 4001 3965 3970 3968 3966 3965 3965 4002 3968 3965 4001 4002 3967 3966 3968 4003 3980 3968 4003 3968 4002 3970 3972 4001 4001 3972 3978 4001 3978 4004 3978 3979 4004 4004 3979 3981 4003 3981 3980 3981 4003 4004 3982 4005 3983 3982 3988 4006 3982 3984 3988 4005 3982 4006 3983 4007 3985 4005 4007 3983 3985 4008 3987 4007 4008 3985 4009 3986 3987 3986 4010 4011 3986 4012 4010 3986 4011 4000 3986 4013 4012 3986 4009 4013 3987 4014 4009 4008 4014 3987 3989 4015 3988 4015 4006 3988 3989 3992 4015 3994 3995 3990 3990 4016 3994 3991 3999 3990 3990 3999 4016 4017 4015 3992 3992 3996 4017 4018 3997 3993 3993 3994 4018 3994 4016 4018 3996 4019 4020 3996 4020 4017 3996 3998 4019 3998 3997 4021 4021 3997 4018 4022 3998 4023 3998 4021 4023 4022 4024 3998 4019 3998 4024 3999 4000 4025 4016 3999 4026 4025 4026 3999 4025 4000 4011 4004 4002 4001 4003 4002 4004 4005 4027 4007 4005 4028 4027 4006 4028 4005 4006 4015 4029 4030 4006 4031 4029 4032 4006 4006 4032 4031 4006 4030 4028 4007 4027 4008 4027 4033 4008 4008 4033 4014 4034 4013 4009 4034 4009 4035 4014 4035 4009 4011 4010 4036 4012 4037 4010 4037 4038 4010 4038 4036 4010 4011 4036 4039 4011 4040 4026 4011 4026 4025 4011 4041 4040 4039 4041 4011 4012 4013 4037 4013 4034 4037 4035 4014 4042 4014 4033 4042 4015 4017 4031 4015 4032 4029 4031 4032 4015 4018 4016 4021 4016 4026 4021 4017 4020 4043 4017 4043 4031 4044 4020 4019 4045 4019 4046 4019 4045 4044 4046 4019 4024 4047 4020 4044 4048 4049 4020 4049 4043 4020 4050 4048 4020 4020 4047 4051 4020 4051 4050 4052 4023 4021 4021 4026 4040 4021 4039 4053 4021 4053 4052 4041 4039 4021 4040 4041 4021 4023 4054 4022 4022 4055 4056 4022 4056 4057 4022 4054 4055 4057 4024 4022 4052 4054 4023 4024 4057 4046 4033 4027 4028 4058 4028 4030 4033 4028 4058 4031 4043 4030 4030 4049 4058 4049 4030 4043 4049 4048 4033 4049 4033 4058 4042 4033 4048 4059 4037 4034 4059 4034 4060 4061 4034 4035 4060 4034 4061 4050 4062 4035 4050 4035 4042 4063 4035 4062 4061 4035 4063 4036 4038 4064 4064 4039 4036 4065 4037 4059 4038 4037 4066 4067 4066 4037 4067 4037 4068 4037 4065 4068 4038 4066 4064 4039 4064 4069 4039 4069 4053 4048 4050 4042 4070 4044 4045 4070 4047 4044 4045 4046 4071 4045 4071 4070 4071 4046 4057 4047 4070 4072 4072 4051 4047 4050 4051 4062 4072 4062 4051 4052 4053 4073 4073 4055 4052 4055 4054 4052 4053 4069 4073 4055 4074 4056 4055 4068 4074 4075 4055 4073 4068 4055 4075 4056 4076 4057 4077 4056 4078 4076 4056 4077 4056 4074 4078 4076 4079 4057 4079 4071 4057 4065 4059 4080 4081 4059 4060 4059 4081 4082 4059 4082 4083 4059 4083 4080 4060 4061 4063 4063 4084 4060 4081 4060 4084 4062 4072 4063 4072 4084 4063 4069 4064 4067 4067 4064 4066 4068 4065 4074 4074 4065 4080 4069 4067 4075 4075 4067 4068 4073 4069 4075 4085 4070 4071 4086 4087 4070 4086 4070 4085 4070 4087 4088 4070 4088 4072 4085 4071 4079 4072 4088 4084 4074 4080 4078 4077 4079 4076 4078 4086 4077 4086 4085 4077 4085 4079 4077 4078 4080 4089 4078 4090 4086 4078 4089 4090 4080 4083 4089 4081 4084 4088 4081 4088 4091 4091 4092 4081 4092 4082 4081 4090 4089 4082 4090 4082 4092 4083 4082 4089 4087 4086 4091 4086 4090 4092 4086 4092 4091 4091 4088 4087 4093 4094 4095 4093 4096 4097 4093 4095 4098 4098 4099 4093 4093 4099 4096 4097 4094 4093 4094 4100 4095 4101 4094 4097 4094 4102 4100 4094 4100 4102 4101 4102 4094 4103 4098 4095 4095 4100 4103 4104 4096 4099 4105 4097 4096 4104 4105 4096 4101 4097 4105 4106 4098 4107 4098 4103 4108 4108 4107 4098 4106 4099 4098 4099 4109 4104 4109 4099 4106 4110 4100 4102 4100 4110 4111 4100 4111 4103 4100 4111 4110 4103 4111 4100 4112 4101 4113 4112 4114 4101 4114 4102 4101 4113 4101 4105 4102 4114 4110 4111 4115 4103 4103 4115 4116 4108 4103 4116 4104 4109 4117 4104 4117 4105 4118 4119 4105 4120 4118 4105 4113 4105 4121 4121 4105 4119 4105 4117 4120 4122 4106 4123 4107 4123 4106 4122 4109 4106 4124 4107 4125 4107 4108 4126 4127 4125 4107 4126 4127 4107 4124 4123 4107 4108 4116 4128 4126 4108 4129 4108 4128 4129 4130 4109 4122 4109 4130 4117 4111 4110 4131 4110 4114 4132 4131 4110 4132 4131 4133 4111 4115 4111 4134 4134 4111 4133 4112 4121 4135 4135 4136 4112 4112 4136 4137 4138 4114 4112 4139 4138 4112 4139 4112 4137 4113 4121 4112 4140 4132 4114 4114 4138 4140 4134 4141 4115 4115 4141 4116 4141 4142 4116 4128 4116 4143 4116 4142 4144 4143 4116 4144 4120 4117 4145 4117 4130 4145 4118 4146 4119 4118 4147 4148 4147 4118 4120 4148 4146 4118 4149 4150 4119 4151 4149 4119 4152 4121 4119 4153 4152 4119 4119 4146 4151 4119 4150 4153 4120 4145 4147 4135 4121 4152 4123 4154 4122 4122 4154 4130 4124 4155 4123 4154 4123 4155 4125 4156 4124 4124 4156 4155 4125 4157 4158 4159 4125 4158 4125 4127 4157 4159 4156 4125 4129 4127 4126 4127 4129 4157 4143 4129 4128 4160 4161 4129 4161 4162 4129 4143 4163 4129 4129 4163 4160 4157 4129 4162 4130 4164 4165 4166 4130 4165 4130 4166 4145 4154 4164 4130 4131 4167 4133 4132 4167 4131 4132 4168 4167 4140 4168 4132 4167 4169 4133 4134 4133 4169 4169 4170 4134 4134 4170 4141 4136 4135 4152 4136 4171 4137 4171 4136 4153 4153 4136 4152 4172 4137 4171 4172 4139 4137 4138 4173 4174 4140 4138 4174 4173 4138 4139 4173 4139 4172 4140 4174 4175 4175 4168 4140 4170 4142 4141 4142 4176 4177 4144 4142 4177 4176 4142 4170 4144 4177 4143 4143 4177 4178 4179 4143 4178 4160 4143 4179 4163 4143 4160 4145 4166 4147 4146 4148 4180 4151 4146 4180 4181 4148 4147 4182 4183 4147 4147 4184 4182 4147 4183 4181 4184 4147 4166 4181 4185 4148 4185 4180 4148 4186 4187 4149 4188 4149 4187 4189 4149 4180 4151 4180 4149 4188 4190 4149 4149 4190 4171 4150 4149 4171 4149 4189 4186 4153 4150 4171 4154 4191 4164 4154 4192 4191 4155 4192 4154 4159 4192 4155 4155 4156 4159 4158 4157 4193 4193 4157 4162 4193 4194 4158 4158 4194 4195 4195 4196 4158 4196 4159 4158 4159 4197 4192 4196 4198 4159 4197 4159 4198 4179 4199 4160 4199 4200 4160 4160 4200 4161 4199 4201 4161 4161 4200 4199 4162 4161 4201 4195 4162 4202 4203 4202 4162 4204 4203 4162 4204 4162 4201 4162 4194 4193 4195 4194 4162 4164 4191 4165 4166 4165 4205 4206 4205 4165 4165 4207 4208 4208 4206 4165 4165 4191 4207 4205 4184 4166 4209 4169 4167 4167 4168 4209 4168 4175 4209 4169 4209 4210 4170 4169 4210 4170 4210 4176 4211 4171 4190 4172 4171 4212 4211 4212 4171 4173 4172 4212 4212 4174 4173 4212 4175 4174 4213 4209 4175 4175 4212 4213 4177 4176 4214 4215 4176 4210 4176 4215 4214 4216 4217 4177 4218 4216 4177 4177 4214 4218 4177 4217 4178 4219 4178 4217 4220 4178 4221 4222 4221 4178 4220 4179 4178 4178 4219 4223 4222 4178 4223 4179 4224 4225 4179 4225 4226 4199 4179 4226 4220 4227 4179 4179 4227 4224 4228 4189 4180 4229 4230 4180 4180 4230 4228 4185 4231 4180 4180 4231 4229 4232 4185 4181 4181 4183 4232 4182 4184 4233 4182 4233 4183 4232 4183 4234 4234 4183 4235 4235 4183 4233 4184 4205 4233 4185 4232 4231 4236 4237 4186 4186 4237 4187 4186 4189 4236 4238 4187 4237 4238 4188 4187 4239 4188 4238 4190 4188 4239 4189 4228 4236 4240 4190 4241 4240 4211 4190 4190 4239 4241 4192 4242 4191 4191 4242 4207 4197 4242 4192 4195 4243 4244 4195 4202 4243 4244 4245 4195 4195 4245 4196 4246 4196 4247 4196 4246 4198 4248 4247 4196 4196 4245 4248 4197 4249 4242 4197 4250 4249 4198 4250 4197 4251 4198 4252 4251 4250 4198 4253 4252 4198 4246 4253 4198 4226 4254 4199 4199 4254 4201 4204 4201 4254 4255 4243 4202 4202 4203 4255 4254 4203 4204 4203 4254 4256 4255 4203 4256 4205 4206 4233 4206 4208 4233 4207 4257 4258 4207 4242 4257 4258 4259 4207 4259 4208 4207 4208 4259 4260 4260 4233 4208 4261 4209 4213 4210 4209 4261 4210 4261 4215 4262 4211 4263 4211 4262 4212 4211 4240 4263 4262 4264 4212 4213 4212 4264 4261 4213 4264 4218 4214 4215 4215 4265 4264 4266 4215 4264 4218 4215 4267 4215 4261 4268 4265 4215 4268 4267 4215 4266 4269 4217 4216 4270 4216 4267 4267 4216 4218 4270 4269 4216 4217 4269 4219 4269 4270 4219 4219 4270 4271 4223 4219 4271 4272 4220 4273 4221 4274 4220 4274 4275 4220 4276 4227 4220 4272 4276 4220 4273 4220 4275 4277 4278 4221 4221 4222 4277 4279 4274 4221 4221 4280 4281 4280 4221 4278 4281 4279 4221 4277 4222 4223 4277 4223 4282 4271 4283 4223 4283 4282 4223 4227 4284 4224 4225 4224 4285 4224 4284 4286 4285 4224 4286 4287 4226 4225 4288 4289 4225 4285 4288 4225 4225 4289 4287 4256 4254 4226 4287 4290 4226 4226 4290 4291 4292 4256 4226 4291 4292 4226 4284 4227 4276 4293 4228 4294 4236 4228 4295 4293 4295 4228 4296 4228 4230 4228 4296 4297 4298 4294 4228 4297 4298 4228 4299 4296 4229 4229 4296 4230 4299 4229 4300 4229 4231 4301 4300 4229 4301 4231 4302 4301 4232 4303 4231 4231 4303 4302 4232 4234 4304 4304 4303 4232 4260 4235 4233 4305 4304 4234 4306 4305 4234 4235 4307 4234 4234 4307 4306 4260 4308 4235 4309 4235 4308 4310 4235 4309 4235 4310 4311 4307 4235 4311 4237 4236 4312 4312 4236 4295 4237 4312 4313 4313 4238 4237 4313 4239 4238 4314 4239 4313 4314 4315 4239 4241 4239 4316 4316 4239 4315 4317 4318 4240 4319 4317 4240 4241 4320 4240 4263 4240 4318 4240 4320 4319 4320 4241 4316 4242 4249 4257 4321 4244 4243 4255 4321 4243 4322 4323 4244 4244 4321 4322 4245 4244 4323 4248 4245 4323 4246 4247 4324 4324 4253 4246 4248 4324 4247 4248 4323 4325 4248 4326 4327 4248 4328 4324 4248 4325 4326 4327 4329 4248 4248 4329 4328 4249 4250 4257 4251 4330 4250 4257 4250 4330 4251 4331 4330 4252 4331 4251 4332 4333 4252 4252 4253 4332 4333 4331 4252 4253 4324 4328 4332 4253 4328 4255 4256 4321 4334 4321 4256 4292 4334 4256 4335 4258 4257 4257 4330 4335 4258 4335 4336 4308 4258 4336 4259 4258 4308 4260 4259 4308 4264 4268 4261 4337 4262 4338 4338 4262 4263 4339 4262 4337 4264 4262 4339 4338 4263 4340 4318 4341 4263 4341 4340 4263 4264 4339 4342 4343 4264 4342 4264 4265 4268 4264 4344 4266 4345 4264 4343 4264 4345 4344 4266 4344 4267 4267 4344 4270 4270 4346 4271 4270 4344 4346 4347 4271 4346 4271 4347 4283 4348 4276 4272 4349 4272 4273 4349 4348 4272 4350 4273 4351 4350 4352 4273 4351 4273 4275 4273 4352 4349 4275 4274 4353 4353 4274 4279 4353 4351 4275 4276 4348 4354 4276 4354 4284 4282 4355 4277 4277 4355 4278 4356 4278 4357 4356 4280 4278 4355 4357 4278 4353 4279 4351 4351 4279 4281 4280 4356 4351 4281 4280 4351 4283 4358 4282 4355 4282 4358 4283 4347 4358 4349 4286 4284 4284 4354 4349 4359 4288 4285 4285 4286 4359 4360 4359 4286 4349 4360 4286 4361 4287 4289 4362 4290 4287 4363 4362 4287 4361 4363 4287 4359 4364 4288 4288 4364 4289 4289 4365 4366 4361 4289 4366 4364 4365 4289 4290 4362 4291 4367 4292 4291 4363 4291 4362 4368 4367 4291 4363 4368 4291 4292 4369 4370 4370 4334 4292 4292 4367 4369 4293 4371 4295 4293 4294 4371 4294 4298 4371 4295 4372 4312 4372 4295 4371 4296 4299 4297 4373 4297 4374 4297 4299 4375 4374 4297 4375 4373 4298 4297 4298 4373 4371 4300 4375 4299 4301 4376 4300 4300 4376 4375 4377 4301 4302 4376 4301 4377 4378 4302 4304 4303 4304 4302 4378 4377 4302 4304 4305 4378 4378 4305 4364 4305 4365 4364 4365 4305 4306 4307 4365 4306 4365 4307 4366 4366 4307 4311 4308 4336 4309 4379 4310 4309 4380 4381 4309 4309 4336 4380 4382 4309 4381 4309 4382 4379 4383 4310 4379 4310 4383 4363 4311 4310 4363 4366 4311 4363 4384 4385 4312 4312 4386 4313 4387 4388 4312 4387 4312 4389 4389 4312 4372 4388 4384 4312 4386 4312 4385 4390 4313 4386 4313 4391 4314 4390 4391 4313 4391 4392 4314 4315 4314 4393 4393 4314 4392 4315 4393 4394 4319 4316 4315 4317 4319 4315 4315 4395 4317 4315 4394 4395 4319 4320 4316 4317 4395 4318 4396 4318 4395 4318 4396 4397 4397 4398 4318 4318 4398 4399 4399 4400 4318 4318 4400 4401 4318 4401 4402 4341 4318 4402 4322 4321 4334 4322 4325 4323 4325 4322 4326 4322 4327 4326 4327 4322 4403 4322 4404 4403 4334 4405 4322 4405 4404 4322 4403 4406 4327 4329 4327 4406 4329 4332 4328 4332 4329 4406 4407 4408 4330 4331 4407 4330 4408 4335 4330 4409 4407 4331 4333 4409 4331 4410 4332 4411 4332 4410 4333 4406 4411 4332 4410 4409 4333 4412 4334 4370 4412 4405 4334 4336 4335 4408 4380 4336 4408 4413 4414 4337 4414 4339 4337 4415 4337 4416 4337 4338 4416 4415 4413 4337 4340 4417 4338 4417 4416 4338 4418 4342 4339 4414 4418 4339 4419 4417 4340 4420 4419 4340 4340 4341 4420 4420 4341 4421 4341 4402 4422 4421 4341 4422 4343 4342 4418 4423 4424 4343 4345 4343 4425 4425 4343 4426 4426 4343 4424 4423 4343 4418 4346 4344 4345 4427 4428 4345 4429 4430 4345 4429 4345 4425 4427 4345 4430 4345 4428 4346 4428 4431 4346 4347 4346 4432 4346 4431 4432 4347 4433 4358 4347 4432 4433 4354 4348 4349 4434 4360 4349 4435 4434 4349 4435 4349 4436 4352 4436 4349 4437 4350 4351 4437 4436 4350 4350 4436 4352 4351 4438 4437 4351 4356 4438 4355 4358 4433 4433 4439 4355 4355 4439 4357 4440 4356 4441 4357 4441 4356 4440 4438 4356 4442 4357 4443 4439 4443 4357 4441 4357 4442 4378 4364 4359 4444 4359 4360 4445 4377 4359 4359 4377 4378 4359 4444 4445 4434 4444 4360 4361 4366 4363 4383 4368 4363 4446 4369 4367 4367 4368 4446 4368 4383 4447 4446 4368 4447 4446 4370 4369 4446 4447 4370 4370 4448 4449 4448 4370 4450 4370 4382 4450 4382 4370 4447 4412 4370 4449 4371 4451 4372 4452 4371 4373 4451 4371 4453 4452 4453 4371 4454 4389 4372 4454 4372 4451 4373 4455 4452 4374 4455 4373 4374 4375 4456 4456 4457 4374 4374 4457 4455 4376 4456 4375 4445 4376 4377 4456 4376 4445 4379 4447 4383 4379 4382 4447 4380 4407 4458 4380 4459 4381 4458 4460 4380 4380 4460 4459 4380 4408 4407 4450 4381 4459 4450 4382 4381 4384 4461 4385 4384 4388 4462 4384 4462 4463 4463 4461 4384 4386 4385 4464 4465 4464 4385 4385 4461 4465 4386 4464 4466 4386 4466 4467 4468 4386 4469 4467 4469 4386 4470 4390 4386 4471 4386 4472 4386 4471 4473 4386 4473 4474 4386 4474 4475 4475 4470 4386 4472 4386 4468 4476 4387 4389 4387 4477 4478 4478 4479 4387 4479 4480 4387 4481 4387 4476 4482 4388 4387 4480 4482 4387 4481 4477 4387 4483 4388 4482 4483 4462 4388 4484 4389 4454 4389 4485 4476 4485 4389 4484 4390 4486 4391 4470 4487 4390 4401 4486 4390 4487 4401 4390 4391 4488 4489 4391 4489 4490 4490 4491 4391 4391 4491 4392 4488 4391 4486 4492 4493 4392 4492 4392 4491 4392 4493 4494 4494 4393 4392 4394 4393 4494 4494 4495 4394 4395 4394 4495 4495 4396 4395 4495 4496 4396 4397 4396 4496 4496 4492 4397 4397 4492 4398 4497 4398 4498 4492 4498 4398 4497 4399 4398 4497 4400 4399 4488 4401 4400 4489 4488 4400 4489 4400 4497 4402 4401 4487 4486 4401 4488 4402 4499 4500 4402 4500 4422 4402 4487 4501 4501 4499 4402 4502 4403 4503 4504 4505 4403 4403 4506 4406 4502 4506 4403 4503 4403 4505 4403 4404 4504 4448 4504 4404 4404 4449 4448 4449 4404 4412 4412 4404 4405 4506 4507 4406 4406 4507 4411 4458 4407 4409 4409 4410 4458 4410 4411 4508 4410 4509 4458 4508 4509 4410 4507 4508 4411 4510 4413 4511 4511 4413 4512 4413 4510 4414 4512 4413 4513 4415 4514 4413 4514 4513 4413 4510 4418 4414 4415 4515 4516 4515 4415 4416 4516 4517 4415 4415 4517 4518 4514 4415 4519 4415 4518 4519 4520 4416 4417 4416 4520 4515 4521 4522 4417 4417 4419 4521 4417 4522 4520 4418 4511 4423 4510 4511 4418 4421 4419 4420 4419 4421 4521 4523 4524 4421 4523 4421 4422 4421 4524 4521 4500 4523 4422 4525 4423 4511 4423 4525 4424 4426 4424 4526 4525 4526 4424 4426 4527 4425 4425 4527 4429 4526 4528 4426 4426 4528 4527 4427 4430 4529 4427 4529 4428 4529 4431 4428 4429 4530 4531 4531 4430 4429 4429 4527 4530 4532 4430 4531 4532 4529 4430 4529 4432 4431 4529 4433 4432 4439 4433 4533 4533 4433 4529 4534 4535 4434 4435 4534 4434 4535 4444 4434 4435 4436 4536 4536 4534 4435 4436 4537 4536 4437 4538 4436 4436 4538 4537 4437 4438 4440 4440 4538 4437 4439 4533 4443 4441 4539 4440 4539 4540 4440 4440 4540 4538 4442 4541 4441 4539 4441 4542 4542 4441 4541 4442 4543 4541 4443 4543 4442 4544 4443 4545 4533 4545 4443 4544 4543 4443 4445 4444 4535 4445 4535 4456 4546 4504 4448 4546 4448 4547 4547 4448 4450 4547 4450 4459 4454 4451 4548 4548 4451 4453 4455 4549 4452 4452 4549 4550 4453 4452 4550 4548 4453 4551 4550 4551 4453 4454 4548 4484 4457 4549 4455 4552 4457 4456 4456 4553 4552 4456 4554 4555 4553 4456 4555 4554 4456 4556 4556 4456 4535 4550 4549 4457 4552 4550 4457 4557 4558 4458 4509 4559 4458 4458 4559 4557 4558 4460 4458 4459 4460 4558 4560 4459 4558 4459 4560 4561 4459 4561 4547 4465 4461 4562 4461 4463 4562 4563 4463 4462 4483 4563 4462 4564 4562 4463 4564 4463 4563 4464 4565 4466 4566 4565 4464 4464 4465 4566 4465 4562 4567 4465 4567 4568 4566 4465 4568 4466 4569 4570 4570 4571 4466 4466 4565 4569 4467 4466 4571 4467 4571 4572 4467 4573 4469 4467 4572 4573 4574 4468 4469 4468 4575 4472 4574 4575 4468 4469 4576 4574 4469 4577 4578 4469 4578 4576 4577 4469 4579 4579 4469 4573 4470 4580 4487 4581 4470 4475 4470 4582 4580 4470 4581 4582 4471 4583 4584 4471 4472 4583 4473 4471 4584 4585 4583 4472 4472 4575 4586 4585 4472 4586 4587 4474 4473 4588 4587 4473 4588 4473 4584 4589 4475 4474 4590 4591 4474 4474 4587 4590 4474 4591 4589 4589 4581 4475 4481 4476 4592 4476 4485 4592 4477 4593 4478 4481 4593 4477 4478 4594 4595 4595 4596 4478 4478 4596 4597 4479 4478 4597 4598 4478 4593 4598 4594 4478 4480 4479 4597 4599 4567 4480 4597 4599 4480 4567 4564 4480 4480 4564 4563 4480 4563 4483 4480 4483 4482 4592 4593 4481 4548 4600 4484 4485 4484 4600 4485 4601 4592 4601 4485 4602 4485 4600 4602 4487 4603 4501 4603 4487 4580 4490 4489 4497 4490 4497 4498 4498 4491 4490 4492 4491 4498 4492 4496 4493 4493 4496 4495 4494 4493 4495 4604 4499 4501 4500 4499 4604 4605 4523 4500 4606 4605 4500 4604 4606 4500 4604 4501 4607 4607 4501 4603 4502 4608 4506 4503 4609 4502 4502 4609 4608 4505 4610 4503 4609 4503 4610 4611 4504 4546 4505 4504 4611 4505 4611 4612 4505 4612 4610 4507 4506 4608 4613 4507 4608 4508 4507 4613 4509 4508 4614 4508 4613 4614 4509 4614 4615 4616 4617 4509 4509 4617 4559 4615 4618 4509 4618 4616 4509 4619 4511 4620 4511 4512 4620 4511 4619 4525 4620 4512 4621 4621 4512 4513 4622 4621 4513 4622 4513 4623 4514 4623 4513 4519 4623 4514 4624 4515 4520 4515 4624 4625 4516 4515 4626 4515 4625 4626 4626 4517 4516 4627 4517 4626 4517 4628 4518 4629 4517 4627 4630 4517 4631 4517 4629 4631 4630 4628 4517 4632 4633 4518 4518 4628 4634 4634 4632 4518 4518 4635 4519 4635 4518 4636 4636 4518 4633 4519 4635 4623 4520 4637 4624 4520 4522 4637 4521 4524 4522 4637 4522 4524 4638 4639 4523 4523 4605 4638 4524 4523 4639 4639 4637 4524 4525 4640 4526 4525 4619 4640 4528 4526 4641 4526 4640 4641 4528 4530 4527 4530 4528 4642 4642 4528 4641 4643 4533 4529 4529 4532 4643 4642 4644 4530 4531 4530 4645 4530 4644 4645 4646 4647 4531 4531 4645 4646 4532 4531 4647 4643 4532 4647 4545 4533 4648 4648 4533 4643 4535 4534 4556 4534 4536 4649 4556 4534 4649 4649 4536 4650 4536 4537 4650 4650 4537 4651 4538 4651 4537 4540 4651 4538 4652 4653 4539 4542 4652 4539 4653 4654 4539 4539 4654 4651 4651 4540 4539 4543 4652 4541 4542 4541 4652 4652 4543 4544 4545 4655 4544 4544 4655 4656 4544 4656 4652 4648 4657 4545 4655 4545 4657 4546 4658 4611 4547 4658 4546 4547 4561 4658 4548 4659 4600 4659 4548 4551 4552 4660 4550 4661 4662 4550 4550 4662 4551 4663 4661 4550 4664 4663 4550 4664 4550 4660 4659 4551 4665 4662 4665 4551 4552 4553 4660 4553 4555 4666 4553 4666 4660 4556 4649 4554 4555 4554 4649 4666 4555 4649 4557 4559 4667 4667 4560 4557 4557 4560 4558 4559 4617 4667 4560 4667 4668 4561 4560 4668 4561 4668 4658 4564 4567 4562 4565 4669 4569 4670 4565 4566 4565 4670 4669 4566 4568 4670 4671 4672 4567 4673 4671 4567 4567 4599 4673 4672 4670 4567 4567 4670 4568 4569 4674 4570 4674 4569 4675 4675 4569 4669 4570 4676 4677 4676 4570 4678 4677 4679 4570 4674 4678 4570 4571 4570 4679 4679 4572 4571 4680 4573 4572 4572 4679 4680 4680 4579 4573 4681 4682 4574 4574 4576 4681 4575 4574 4683 4683 4574 4682 4683 4586 4575 4576 4684 4681 4578 4685 4576 4576 4685 4684 4686 4577 4687 4579 4688 4577 4577 4677 4687 4577 4688 4677 4577 4686 4689 4578 4577 4689 4689 4685 4578 4688 4579 4680 4590 4580 4690 4603 4580 4590 4690 4580 4582 4690 4581 4589 4582 4581 4690 4585 4584 4583 4691 4588 4584 4691 4584 4585 4692 4691 4585 4692 4585 4693 4693 4585 4586 4683 4693 4586 4590 4587 4694 4694 4587 4588 4694 4588 4691 4591 4690 4589 4590 4694 4603 4590 4690 4591 4644 4593 4592 4601 4644 4592 4644 4598 4593 4595 4594 4695 4695 4594 4696 4594 4598 4696 4595 4697 4687 4595 4603 4694 4697 4595 4694 4687 4676 4595 4698 4603 4595 4595 4695 4698 4678 4595 4676 4595 4678 4699 4699 4596 4595 4700 4596 4699 4596 4700 4673 4596 4701 4597 4596 4673 4701 4701 4599 4597 4644 4696 4598 4599 4701 4673 4702 4703 4600 4602 4600 4703 4600 4659 4702 4645 4644 4601 4704 4646 4601 4601 4646 4645 4601 4602 4705 4704 4601 4705 4703 4706 4602 4602 4706 4705 4698 4607 4603 4607 4707 4604 4604 4707 4606 4605 4707 4698 4707 4605 4606 4698 4695 4605 4605 4708 4638 4605 4695 4708 4698 4707 4607 4709 4710 4608 4608 4609 4709 4613 4608 4711 4711 4608 4710 4709 4609 4610 4709 4610 4612 4712 4612 4611 4658 4712 4611 4612 4713 4709 4713 4612 4714 4714 4612 4712 4614 4613 4711 4614 4711 4615 4615 4711 4715 4618 4615 4715 4716 4617 4616 4616 4618 4716 4717 4667 4617 4716 4718 4617 4617 4718 4717 4716 4618 4715 4619 4629 4640 4620 4719 4619 4619 4719 4629 4620 4720 4721 4719 4620 4721 4620 4621 4720 4622 4722 4621 4722 4723 4621 4720 4621 4723 4724 4622 4623 4725 4622 4724 4725 4722 4622 4635 4726 4623 4623 4726 4727 4727 4724 4623 4728 4624 4637 4728 4625 4624 4729 4626 4625 4625 4728 4729 4626 4729 4627 4627 4728 4708 4728 4627 4729 4627 4708 4629 4630 4730 4628 4730 4634 4628 4641 4640 4629 4708 4641 4629 4731 4631 4629 4629 4719 4731 4630 4631 4732 4630 4732 4730 4732 4631 4731 4632 4634 4733 4632 4734 4735 4736 4734 4632 4733 4736 4632 4632 4735 4633 4636 4633 4737 4735 4737 4633 4738 4733 4634 4730 4738 4634 4739 4635 4636 4635 4739 4726 4740 4739 4636 4740 4636 4737 4639 4728 4637 4639 4638 4728 4728 4638 4708 4641 4708 4695 4695 4741 4641 4641 4741 4642 4644 4642 4696 4696 4642 4741 4643 4647 4742 4648 4643 4742 4704 4743 4646 4646 4743 4647 4743 4742 4647 4648 4742 4657 4666 4649 4650 4666 4650 4744 4650 4651 4654 4654 4744 4650 4653 4652 4745 4745 4652 4656 4746 4653 4747 4748 4747 4653 4745 4748 4653 4746 4654 4653 4746 4749 4654 4750 4744 4654 4654 4749 4750 4655 4751 4656 4751 4655 4657 4745 4656 4748 4751 4752 4656 4752 4748 4656 4742 4753 4657 4657 4754 4751 4753 4755 4657 4657 4755 4754 4668 4712 4658 4659 4665 4702 4666 4664 4660 4756 4661 4757 4758 4759 4661 4756 4758 4661 4661 4663 4750 4757 4661 4750 4759 4760 4661 4661 4760 4662 4760 4665 4662 4750 4663 4744 4744 4663 4664 4744 4664 4666 4760 4702 4665 4717 4668 4667 4761 4712 4668 4717 4761 4668 4672 4669 4670 4672 4675 4669 4672 4671 4762 4762 4671 4763 4700 4671 4673 4671 4700 4763 4762 4675 4672 4678 4674 4762 4762 4674 4675 4687 4677 4676 4688 4764 4677 4764 4679 4677 4762 4763 4678 4699 4678 4763 4680 4679 4764 4680 4764 4688 4681 4684 4682 4765 4683 4682 4682 4684 4765 4692 4693 4683 4692 4683 4765 4684 4766 4765 4685 4766 4684 4689 4766 4685 4686 4765 4766 4686 4687 4697 4765 4686 4697 4686 4766 4689 4691 4697 4694 4697 4691 4692 4692 4765 4697 4741 4695 4696 4699 4763 4700 4703 4702 4767 4702 4759 4758 4767 4702 4758 4759 4702 4760 4768 4703 4767 4703 4768 4706 4769 4704 4705 4704 4769 4770 4743 4704 4770 4771 4769 4705 4706 4771 4705 4772 4771 4706 4768 4772 4706 4709 4713 4710 4715 4711 4710 4710 4773 4715 4710 4713 4773 4761 4714 4712 4773 4713 4714 4773 4714 4774 4774 4714 4761 4716 4715 4774 4773 4774 4715 4774 4718 4716 4717 4718 4761 4718 4774 4761 4731 4719 4721 4721 4720 4723 4723 4775 4721 4775 4731 4721 4722 4776 4777 4722 4777 4778 4778 4723 4722 4722 4725 4776 4778 4775 4723 4725 4724 4727 4725 4727 4779 4776 4725 4779 4780 4726 4739 4781 4726 4780 4781 4727 4726 4781 4779 4727 4732 4782 4730 4783 4738 4730 4782 4783 4730 4775 4732 4731 4732 4775 4782 4733 4738 4784 4784 4736 4733 4785 4734 4736 4786 4734 4787 4785 4787 4734 4735 4734 4788 4788 4734 4786 4788 4737 4735 4784 4789 4736 4736 4790 4791 4785 4736 4791 4790 4736 4789 4737 4788 4792 4740 4737 4792 4784 4738 4783 4740 4792 4739 4793 4739 4792 4794 4739 4793 4739 4794 4780 4753 4742 4743 4743 4770 4753 4747 4757 4746 4746 4757 4749 4747 4748 4795 4757 4747 4795 4795 4748 4796 4796 4748 4752 4749 4757 4750 4797 4752 4751 4751 4754 4797 4797 4796 4752 4755 4753 4770 4754 4755 4797 4755 4770 4769 4798 4755 4769 4798 4797 4755 4799 4758 4756 4756 4795 4799 4756 4757 4795 4767 4758 4799 4800 4767 4799 4800 4768 4767 4772 4768 4800 4769 4771 4798 4771 4772 4801 4798 4771 4801 4800 4801 4772 4775 4778 4782 4779 4802 4776 4776 4803 4777 4776 4802 4803 4804 4782 4777 4782 4778 4777 4804 4777 4803 4781 4805 4779 4779 4805 4802 4781 4780 4806 4807 4808 4780 4808 4809 4780 4794 4807 4780 4809 4810 4780 4810 4806 4780 4806 4811 4781 4781 4811 4805 4782 4812 4783 4782 4804 4812 4812 4784 4783 4784 4812 4813 4813 4789 4784 4785 4791 4814 4814 4787 4785 4788 4786 4787 4814 4815 4787 4787 4815 4788 4788 4793 4792 4815 4793 4788 4816 4817 4789 4813 4816 4789 4817 4790 4789 4818 4790 4819 4820 4791 4790 4818 4820 4790 4790 4821 4819 4821 4790 4817 4814 4791 4820 4822 4794 4793 4823 4793 4815 4793 4823 4822 4807 4794 4822 4795 4796 4798 4798 4824 4795 4824 4799 4795 4798 4796 4797 4824 4798 4801 4799 4824 4800 4800 4824 4801 4805 4825 4802 4802 4825 4803 4825 4826 4803 4803 4826 4804 4827 4812 4804 4828 4804 4829 4804 4830 4827 4828 4830 4804 4826 4829 4804 4805 4831 4825 4811 4831 4805 4806 4810 4832 4833 4806 4832 4806 4833 4811 4834 4808 4807 4835 4834 4807 4823 4836 4807 4822 4823 4807 4836 4837 4807 4807 4837 4835 4808 4838 4809 4808 4839 4838 4808 4834 4839 4838 4810 4809 4838 4832 4810 4840 4811 4833 4840 4831 4811 4828 4813 4812 4827 4830 4812 4812 4830 4828 4841 4816 4813 4828 4841 4813 4820 4815 4814 4820 4823 4815 4842 4816 4843 4816 4844 4845 4817 4816 4842 4816 4841 4844 4816 4845 4846 4847 4843 4816 4846 4847 4816 4848 4817 4849 4842 4849 4817 4821 4817 4848 4820 4818 4850 4819 4851 4818 4818 4851 4850 4852 4853 4819 4854 4852 4819 4853 4851 4819 4819 4821 4854 4836 4823 4820 4855 4835 4820 4850 4855 4820 4820 4835 4837 4820 4837 4836 4848 4854 4821 4826 4825 4831 4829 4826 4856 4856 4826 4831 4829 4841 4828 4856 4844 4829 4841 4829 4844 4831 4845 4844 4856 4831 4844 4845 4831 4840 4832 4838 4857 4858 4832 4857 4833 4832 4859 4859 4832 4858 4833 4860 4846 4840 4833 4846 4860 4833 4861 4861 4833 4859 4862 4839 4834 4834 4835 4862 4863 4862 4835 4855 4863 4835 4857 4838 4864 4865 4838 4839 4838 4865 4866 4867 4838 4866 4867 4864 4838 4862 4865 4839 4840 4846 4845 4849 4842 4868 4842 4843 4868 4869 4868 4843 4843 4847 4869 4860 4847 4846 4847 4860 4869 4870 4848 4849 4854 4848 4870 4868 4870 4849 4871 4855 4850 4850 4853 4871 4850 4851 4853 4852 4872 4853 4854 4873 4852 4874 4852 4875 4875 4852 4873 4874 4872 4852 4872 4867 4853 4871 4853 4876 4876 4853 4867 4854 4877 4873 4854 4870 4877 4871 4863 4855 4878 4857 4864 4858 4857 4879 4880 4879 4857 4881 4880 4857 4878 4881 4857 4861 4859 4858 4858 4882 4861 4882 4858 4879 4861 4869 4860 4861 4882 4869 4866 4862 4863 4865 4862 4866 4876 4863 4871 4876 4866 4863 4872 4864 4867 4878 4864 4872 4867 4866 4876 4870 4868 4883 4868 4884 4885 4883 4868 4885 4886 4884 4868 4869 4886 4868 4882 4886 4869 4877 4870 4883 4874 4878 4872 4873 4877 4875 4887 4878 4874 4875 4885 4874 4885 4888 4874 4888 4887 4874 4875 4883 4885 4875 4877 4883 4887 4881 4878 4886 4882 4879 4889 4886 4879 4879 4890 4889 4879 4880 4890 4880 4887 4888 4890 4880 4888 4887 4880 4881 4889 4885 4884 4884 4886 4889 4890 4888 4885 4889 4890 4885 </DataArray>
        <DataArray type="Int32" Name="offsets" format="ascii" RangeMin="" RangeMax=""> 3 6 9 12 15 18 21 24 27 30 33 36 39 42 45 48 51 54 57 60 63 66 69 72 75 78 81 84 87 90 93 96 99 102 105 108 111 114 117 120 123 126 129 132 135 138 141 144 147 150 153 156 159 162 165 168 171 174 177 180 183 186 189 192 195 198 201 204 207 210 213 216 219 222 225 228 231 234 237 240 243 246 249 252 255 258 261 264 267 270 273 276 279 282 285 288 291 294 297 300 303 306 309 312 315 318 321 324 327 330 333 336 339 342 345 348 351 354 357 360 363 366 369 372 375 378 381 384 387 390 393 396 399 402 405 408 411 414 417 420 423 426 429 432 435 438 441 444 447 450 453 456 459 462 465 468 471 474 477 480 483 486 489 492 495 498 501 504 507 510 513 516 519 522 525 528 531 534 537 540 543 546 549 552 555 558 561 564 567 570 573 576 579 582 585 588 591 594 597 600 603 606 609 612 615 618 621 624 627 630 633 636 639 642 645 648 651 654 657 660 663 666 669 672 675 678 681 684 687 690 693 696 699 702 705 708 711 714 717 720 723 726 729 732 735 738 741 744 747 750 753 756 759 762 765 768 771 774 777 780 783 786 789 792 795 798 801 804 807 810 813 816 819 822 825 828 831 834 837 840 843 846 849 852 855 858 861 864 867 870 873 876 879 882 885 888 891 894 897 900 903 906 909 912 915 918 921 924 927 930 933 936 939 942 945 948 951 954 957 960 963 966 969 972 975 978 981 984 987 990 993 996 999 1002 1005 1008 1011 1014 1017 1020 1023 1026 1029 1032 1035 1038 1041 1044 1047 1050 1053 1056 1059 1062 1065 1068 1071 1074 1077 1080 1083 1086 1089 1092 1095 1098 1101 1104 1107 1110 1113 1116 1119 1122 1125 1128 1131 1134 1137 1140 1143 1146 1149 1152 1155 1158 1161 1164 1167 1170 1173 1176 1179 1182 1185 1188 1191 1194 1197 1200 1203 1206 1209 1212 1215 1218 1221 1224 1227 1230 1233 1236 1239 1242 1245 1248 1251 1254 1257 1260 1263 1266 1269 1272 1275 1278 1281 1284 1287 1290 1293 1296 1299 1302 1305 1308 1311 1314 1317 1320 1323 1326 1329 1332 1335 1338 1341 1344 1347 1350 1353 1356 1359 1362 1365 1368 1371 1374 1377 1380 1383 1386 1389 1392 1395 1398 1401 1404 1407 1410 1413 1416 1419 1422 1425 1428 1431 1434 1437 1440 1443 1446 1449 1452 1455 1458 1461 1464 1467 1470 1473 1476 1479 1482 1485 1488 1491 1494 1497 1500 1503 1506 1509 1512 1515 1518 1521 1524 1527 1530 1533 1536 1539 1542 1545 1548 1551 1554 1557 1560 1563 1566 1569 1572 1575 1578 1581 1584 1587 1590 1593 1596 1599 1602 1605 1608 1611 1614 1617 1620 1623 1626 1629 1632 1635 1638 1641 1644 1647 1650 1653 1656 1659 1662 1665 1668 1671 1674 1677 1680 1683 1686 1689 1692 1695 1698 1701 1704 1707 1710 1713 1716 1719 1722 1725 1728 1731 1734 1737 1740 1743 1746 1749 1752 1755 1758 1761 1764 1767 1770 1773 1776 1779 1782 1785 1788 1791 1794 1797 1800 1803 1806 1809 1812 1815 1818 1821 1824 1827 1830 1833 1836 1839 1842 1845 1848 1851 1854 1857 1860 1863 1866 1869 1872 1875 1878 1881 1884 1887 1890 1893 1896 1899 1902 1905 1908 1911 1914 1917 1920 1923 1926 1929 1932 1935 1938 1941 1944 1947 1950 1953 1956 1959 1962 1965 1968 1971 1974 1977 1980 1983 1986 1989 1992 1995 1998 2001 2004 2007 2010 2013 2016 2019 2022 2025 2028 2031 2034 2037 2040 2043 2046 2049 2052 2055 2058 2061 2064 2067 2070 2073 2076 2079 2082 2085 2088 2091 2094 2097 2100 2103 2106 2109 2112 2115 2118 2121 2124 2127 2130 2133 2136 2139 2142 2145 2148 2151 2154 2157 2160 2163 2166 2169 2172 2175 2178 2181 2184 2187 2190 2193 2196 2199 2202 2205 2208 2211 2214 2217 2220 2223 2226 2229 2232 2235 2238 2241 2244 2247 2250 2253 2256 2259 2262 2265 2268 2271 2274 2277 2280 2283 2286 2289 2292 2295 2298 2301 2304 2307 2310 2313 2316 2319 2322 2325 2328 2331 2334 2337 2340 2343 2346 2349 2352 2355 2358 2361 2364 2367 2370 2373 2376 2379 2382 2385 2388 2391 2394 2397 2400 2403 2406 2409 2412 2415 2418 2421 2424 2427 2430 2433 2436 2439 2442 2445 2448 2451 2454 2457 2460 2463 2466 2469 2472 2475 2478 2481 2484 2487 2490 2493 2496 2499 2502 2505 2508 2511 2514 2517 2520 2523 2526 2529 2532 2535 2538 2541 2544 2547 2550 2553 2556 2559 2562 2565 2568 2571 2574 2577 2580 2583 2586 2589 2592 2595 2598 2601 2604 2607 2610 2613 2616 2619 2622 2625 2628 2631 2634 2637 2640 2643 2646 2649 2652 2655 2658 2661 2664 2667 2670 2673 2676 2679 2682 2685 2688 2691 2694 2697 2700 2703 2706 2709 2712 2715 2718 2721 2724 2727 2730 2733 2736 2739 2742 2745 2748 2751 2754 2757 2760 2763 2766 2769 2772 2775 2778 2781 2784 2787 2790 2793 2796 2799 2802 2805 2808 2811 2814 2817 2820 2823 2826 2829 2832 2835 2838 2841 2844 2847 2850 2853 2856 2859 2862 2865 2868 2871 2874 2877 2880 2883 2886 2889 2892 2895 2898 2901 2904 2907 2910 2913 2916 2919 2922 2925 2928 2931 2934 2937 2940 2943 2946 2949 2952 2955 2958 2961 2964 2967 2970 2973 2976 2979 2982 2985 2988 2991 2994 2997 3000 3003 3006 3009 3012 3015 3018 3021 3024 3027 3030 3033 3036 3039 3042 3045 3048 3051 3054 3057 3060 3063 3066 3069 3072 3075 3078 3081 3084 3087 3090 3093 3096 3099 3102 3105 3108 3111 3114 3117 3120 3123 3126 3129 3132 3135 3138 3141 3144 3147 3150 3153 3156 3159 3162 3165 3168 3171 3174 3177 3180 3183 3186 3189 3192 3195 3198 3201 3204 3207 3210 3213 3216 3219 3222 3225 3228 3231 3234 3237 3240 3243 3246 3249 3252 3255 3258 3261 3264 3267 3270 3273 3276 3279 3282 3285 3288 3291 3294 3297 3300 3303 3306 3309 3312 3315 3318 3321 3324 3327 3330 3333 3336 3339 3342 3345 3348 3351 3354 3357 3360 3363 3366 3369 3372 3375 3378 3381 3384 3387 3390 3393 3396 3399 3402 3405 3408 3411 3414 3417 3420 3423 3426 3429 3432 3435 3438 3441 3444 3447 3450 3453 3456 3459 3462 3465 3468 3471 3474 3477 3480 3483 3486 3489 3492 3495 3498 3501 3504 3507 3510 3513 3516 3519 3522 3525 3528 3531 3534 3537 3540 3543 3546 3549 3552 3555 3558 3561 3564 3567 3570 3573 3576 3579 3582 3585 3588 3591 3594 3597 3600 3603 3606 3609 3612 3615 3618 3621 3624 3627 3630 3633 3636 3639 3642 3645 3648 3651 3654 3657 3660 3663 3666 3669 3672 3675 3678 3681 3684 3687 3690 3693 3696 3699 3702 3705 3708 3711 3714 3717 3720 3723 3726 3729 3732 3735 3738 3741 3744 3747 3750 3753 3756 3759 3762 3765 3768 3771 3774 3777 3780 3783 3786 3789 3792 3795 3798 3801 3804 3807 3810 3813 3816 3819 3822 3825 3828 3831 3834 3837 3840 3843 3846 3849 3852 3855 3858 3861 3864 3867 3870 3873 3876 3879 3882 3885 3888 3891 3894 3897 3900 3903 3906 3909 3912 3915 3918 3921 3924 3927 3930 3933 3936 3939 3942 3945 3948 3951 3954 3957 3960 3963 3966 3969 3972 3975 3978 3981 3984 3987 3990 3993 3996 3999 4002 4005 4008 4011 4014 4017 4020 4023 4026 4029 4032 4035 4038 4041 4044 4047 4050 4053 4056 4059 4062 4065 4068 4071 4074 4077 4080 4083 4086 4089 4092 4095 4098 4101 4104 4107 4110 4113 4116 4119 4122 4125 4128 4131 4134 4137 4140 4143 4146 4149 4152 4155 4158 4161 4164 4167 4170 4173 4176 4179 4182 4185 4188 4191 4194 4197 4200 4203 4206 4209 4212 4215 4218 4221 4224 4227 4230 4233 4236 4239 4242 4245 4248 4251 4254 4257 4260 4263 4266 4269 4272 4275 4278 4281 4284 4287 4290 4293 4296 4299 4302 4305 4308 4311 4314 4317 4320 4323 4326 4329 4332 4335 4338 4341 4344 4347 4350 4353 4356 4359 4362 4365 4368 4371 4374 4377 4380 4383 4386 4389 4392 4395 4398 4401 4404 4407 4410 4413 4416 4419 4422 4425 4428 4431 4434 4437 4440 4443 4446 4449 4452 4455 4458 4461 4464 4467 4470 4473 4476 4479 4482 4485 4488 4491 4494 4497 4500 4503 4506 4509 4512 4515 4518 4521 4524 4527 4530 4533 4536 4539 4542 4545 4548 4551 4554 4557 4560 4563 4566 4569 4572 4575 4578 4581 4584 4587 4590 4593 4596 4599 4602 4605 4608 4611 4614 4617 4620 4623 4626 4629 4632 4635 4638 4641 4644 4647 4650 4653 4656 4659 4662 4665 4668 4671 4674 4677 4680 4683 4686 4689 4692 4695 4698 4701 4704 4707 4710 4713 4716 4719 4722 4725 4728 4731 4734 4737 4740 4743 4746 4749 4752 4755 4758 4761 4764 4767 4770 4773 4776 4779 4782 4785 4788 4791 4794 4797 4800 4803 4806 4809 4812 4815 4818 4821 4824 4827 4830 4833 4836 4839 4842 4845 4848 4851 4854 4857 4860 4863 4866 4869 4872 4875 4878 4881 4884 4887 4890 4893 4896 4899 4902 4905 4908 4911 4914 4917 4920 4923 4926 4929 4932 4935 4938 4941 4944 4947 4950 4953 4956 4959 4962 4965 4968 4971 4974 4977 4980 4983 4986 4989 4992 4995 4998 5001 5004 5007 5010 5013 5016 5019 5022 5025 5028 5031 5034 5037 5040 5043 5046 5049 5052 5055 5058 5061 5064 5067 5070 5073 5076 5079 5082 5085 5088 5091 5094 5097 5100 5103 5106 5109 5112 5115 5118 5121 5124 5127 5130 5133 5136 5139 5142 5145 5148 5151 5154 5157 5160 5163 5166 5169 5172 5175 5178 5181 5184 5187 5190 5193 5196 5199 5202 5205 5208 5211 5214 5217 5220 5223 5226 5229 5232 5235 5238 5241 5244 5247 5250 5253 5256 5259 5262 5265 5268 5271 5274 5277 5280 5283 5286 5289 5292 5295 5298 5301 5304 5307 5310 5313 5316 5319 5322 5325 5328 5331 5334 5337 5340 5343 5346 5349 5352 5355 5358 5361 5364 5367 5370 5373 5376 5379 5382 5385 5388 5391 5394 5397 5400 5403 5406 5409 5412 5415 5418 5421 5424 5427 5430 5433 5436 5439 5442 5445 5448 5451 5454 5457 5460 5463 5466 5469 5472 5475 5478 5481 5484 5487 5490 5493 5496 5499 5502 5505 5508 5511 5514 5517 5520 5523 5526 5529 5532 5535 5538 5541 5544 5547 5550 5553 5556 5559 5562 5565 5568 5571 5574 5577 5580 5583 5586 5589 5592 5595 5598 5601 5604 5607 5610 5613 5616 5619 5622 5625 5628 5631 5634 5637 5640 5643 5646 5649 5652 5655 5658 5661 5664 5667 5670 5673 5676 5679 5682 5685 5688 5691 5694 5697 5700 5703 5706 5709 5712 5715 5718 5721 5724 5727 5730 5733 5736 5739 5742 5745 5748 5751 5754 5757 5760 5763 5766 5769 5772 5775 5778 5781 5784 5787 5790 5793 5796 5799 5802 5805 5808 5811 5814 5817 5820 5823 5826 5829 5832 5835 5838 5841 5844 5847 5850 5853 5856 5859 5862 5865 5868 5871 5874 5877 5880 5883 5886 5889 5892 5895 5898 5901 5904 5907 5910 5913 5916 5919 5922 5925 5928 5931 5934 5937 5940 5943 5946 5949 5952 5955 5958 5961 5964 5967 5970 5973 5976 5979 5982 5985 5988 5991 5994 5997 6000 6003 6006 6009 6012 6015 6018 6021 6024 6027 6030 6033 6036 6039 6042 6045 6048 6051 6054 6057 6060 6063 6066 6069 6072 6075 6078 6081 6084 6087 6090 6093 6096 6099 6102 6105 6108 6111 6114 6117 6120 6123 6126 6129 6132 6135 6138 6141 6144 6147 6150 6153 6156 6159 6162 6165 6168 6171 6174 6177 6180 6183 6186 6189 6192 6195 6198 6201 6204 6207 6210 6213 6216 6219 6222 6225 6228 6231 6234 6237 6240 6243 6246 6249 6252 6255 6258 6261 6264 6267 6270 6273 6276 6279 6282 6285 6288 6291 6294 6297 6300 6303 6306 6309 6312 6315 6318 6321 6324 6327 6330 6333 6336 6339 6342 6345 6348 6351 6354 6357 6360 6363 6366 6369 6372 6375 6378 6381 6384 6387 6390 6393 6396 6399 6402 6405 6408 6411 6414 6417 6420 6423 6426 6429 6432 6435 6438 6441 6444 6447 6450 6453 6456 6459 6462 6465 6468 6471 6474 6477 6480 6483 6486 6489 6492 6495 6498 6501 6504 6507 6510 6513 6516 6519 6522 6525 6528 6531 6534 6537 6540 6543 6546 6549 6552 6555 6558 6561 6564 6567 6570 6573 6576 6579 6582 6585 6588 6591 6594 6597 6600 6603 6606 6609 6612 6615 6618 6621 6624 6627 6630 6633 6636 6639 6642 6645 6648 6651 6654 6657 6660 6663 6666 6669 6672 6675 6678 6681 6684 6687 6690 6693 6696 6699 6702 6705 6708 6711 6714 6717 6720 6723 6726 6729 6732 6735 6738 6741 6744 6747 6750 6753 6756 6759 6762 6765 6768 6771 6774 6777 6780 6783 6786 6789 6792 6795 6798 6801 6804 6807 6810 6813 6816 6819 6822 6825 6828 6831 6834 6837 6840 6843 6846 6849 6852 6855 6858 6861 6864 6867 6870 6873 6876 6879 6882 6885 6888 6891 6894 6897 6900 6903 6906 6909 6912 6915 6918 6921 6924 6927 6930 6933 6936 6939 6942 6945 6948 6951 6954 6957 6960 6963 6966 6969 6972 6975 6978 6981 6984 6987 6990 6993 6996 6999 7002 7005 7008 7011 7014 7017 7020 7023 7026 7029 7032 7035 7038 7041 7044 7047 7050 7053 7056 7059 7062 7065 7068 7071 7074 7077 7080 7083 7086 7089 7092 7095 7098 7101 7104 7107 7110 7113 7116 7119 7122 7125 7128 7131 7134 7137 7140 7143 7146 7149 7152 7155 7158 7161 7164 7167 7170 7173 7176 7179 7182 7185 7188 7191 7194 7197 7200 7203 7206 7209 7212 7215 7218 7221 7224 7227 7230 7233 7236 7239 7242 7245 7248 7251 7254 7257 7260 7263 7266 7269 7272 7275 7278 7281 7284 7287 7290 7293 7296 7299 7302 7305 7308 7311 7314 7317 7320 7323 7326 7329 7332 7335 7338 7341 7344 7347 7350 7353 7356 7359 7362 7365 7368 7371 7374 7377 7380 7383 7386 7389 7392 7395 7398 7401 7404 7407 7410 7413 7416 7419 7422 7425 7428 7431 7434 7437 7440 7443 7446 7449 7452 7455 7458 7461 7464 7467 7470 7473 7476 7479 7482 7485 7488 7491 7494 7497 7500 7503 7506 7509 7512 7515 7518 7521 7524 7527 7530 7533 7536 7539 7542 7545 7548 7551 7554 7557 7560 7563 7566 7569 7572 7575 7578 7581 7584 7587 7590 7593 7596 7599 7602 7605 7608 7611 7614 7617 7620 7623 7626 7629 7632 7635 7638 7641 7644 7647 7650 7653 7656 7659 7662 7665 7668 7671 7674 7677 7680 7683 7686 7689 7692 7695 7698 7701 7704 7707 7710 7713 7716 7719 7722 7725 7728 7731 7734 7737 7740 7743 7746 7749 7752 7755 7758 7761 7764 7767 7770 7773 7776 7779 7782 7785 7788 7791 7794 7797 7800 7803 7806 7809 7812 7815 7818 7821 7824 7827 7830 7833 7836 7839 7842 7845 7848 7851 7854 7857 7860 7863 7866 7869 7872 7875 7878 7881 7884 7887 7890 7893 7896 7899 7902 7905 7908 7911 7914 7917 7920 7923 7926 7929 7932 7935 7938 7941 7944 7947 7950 7953 7956 7959 7962 7965 7968 7971 7974 7977 7980 7983 7986 7989 7992 7995 7998 8001 8004 8007 8010 8013 8016 8019 8022 8025 8028 8031 8034 8037 8040 8043 8046 8049 8052 8055 8058 8061 8064 8067 8070 8073 8076 8079 8082 8085 8088 8091 8094 8097 8100 8103 8106 8109 8112 8115 8118 8121 8124 8127 8130 8133 8136 8139 8142 8145 8148 8151 8154 8157 8160 8163 8166 8169 8172 8175 8178 8181 8184 8187 8190 8193 8196 8199 8202 8205 8208 8211 8214 8217 8220 8223 8226 8229 8232 8235 8238 8241 8244 8247 8250 8253 8256 8259 8262 8265 8268 8271 8274 8277 8280 8283 8286 8289 8292 8295 8298 8301 8304 8307 8310 8313 8316 8319 8322 8325 8328 8331 8334 8337 8340 8343 8346 8349 8352 8355 8358 8361 8364 8367 8370 8373 8376 8379 8382 8385 8388 8391 8394 8397 8400 8403 8406 8409 8412 8415 8418 8421 8424 8427 8430 8433 8436 8439 8442 8445 8448 8451 8454 8457 8460 8463 8466 8469 8472 8475 8478 8481 8484 8487 8490 8493 8496 8499 8502 8505 8508 8511 8514 8517 8520 8523 8526 8529 8532 8535 8538 8541 8544 8547 8550 8553 8556 8559 8562 8565 8568 8571 8574 8577 8580 8583 8586 8589 8592 8595 8598 8601 8604 8607 8610 8613 8616 8619 8622 8625 8628 8631 8634 8637 8640 8643 8646 8649 8652 8655 8658 8661 8664 8667 8670 8673 8676 8679 8682 8685 8688 8691 8694 8697 8700 8703 8706 8709 8712 8715 8718 8721 8724 8727 8730 8733 8736 8739 8742 8745 8748 8751 8754 8757 8760 8763 8766 8769 8772 8775 8778 8781 8784 8787 8790 8793 8796 8799 8802 8805 8808 8811 8814 8817 8820 8823 8826 8829 8832 8835 8838 8841 8844 8847 8850 8853 8856 8859 8862 8865 8868 8871 8874 8877 8880 8883 8886 8889 8892 8895 8898 8901 8904 8907 8910 8913 8916 8919 8922 8925 8928 8931 8934 8937 8940 8943 8946 8949 8952 8955 8958 8961 8964 8967 8970 8973 8976 8979 8982 8985 8988 8991 8994 8997 9000 9003 9006 9009 9012 9015 9018 9021 9024 9027 9030 9033 9036 9039 9042 9045 9048 9051 9054 9057 9060 9063 9066 9069 9072 9075 9078 9081 9084 9087 9090 9093 9096 9099 9102 9105 9108 9111 9114 9117 9120 9123 9126 9129 9132 9135 9138 9141 9144 9147 9150 9153 9156 9159 9162 9165 9168 9171 9174 9177 9180 9183 9186 9189 9192 9195 9198 9201 9204 9207 9210 9213 9216 9219 9222 9225 9228 9231 9234 9237 9240 9243 9246 9249 9252 9255 9258 9261 9264 9267 9270 9273 9276 9279 9282 9285 9288 9291 9294 9297 9300 9303 9306 9309 9312 9315 9318 9321 9324 9327 9330 9333 9336 9339 9342 9345 9348 9351 9354 9357 9360 9363 9366 9369 9372 9375 9378 9381 9384 9387 9390 9393 9396 9399 9402 9405 9408 9411 9414 9417 9420 9423 9426 9429 9432 9435 9438 9441 9444 9447 9450 9453 9456 9459 9462 9465 9468 9471 9474 9477 9480 9483 9486 9489 9492 9495 9498 9501 9504 9507 9510 9513 9516 9519 9522 9525 9528 9531 9534 9537 9540 9543 9546 9549 9552 9555 9558 9561 9564 9567 9570 9573 9576 9579 9582 9585 9588 9591 9594 9597 9600 9603 9606 9609 9612 9615 9618 9621 9624 9627 9630 9633 9636 9639 9642 9645 9648 9651 9654 9657 9660 9663 9666 9669 9672 9675 9678 9681 9684 9687 9690 9693 9696 9699 9702 9705 9708 9711 9714 9717 9720 9723 9726 9729 9732 9735 9738 9741 9744 9747 9750 9753 9756 9759 9762 9765 9768 9771 9774 9777 9780 9783 9786 9789 9792 9795 9798 9801 9804 9807 9810 9813 9816 9819 9822 9825 9828 9831 9834 9837 9840 9843 9846 9849 9852 9855 9858 9861 9864 9867 9870 9873 9876 9879 9882 9885 9888 9891 9894 9897 9900 9903 9906 9909 9912 9915 9918 9921 9924 9927 9930 9933 9936 9939 9942 9945 9948 9951 9954 9957 9960 9963 9966 9969 9972 9975 9978 9981 9984 9987 9990 9993 9996 9999 10002 10005 10008 10011 10014 10017 10020 10023 10026 10029 10032 10035 10038 10041 10044 10047 10050 10053 10056 10059 10062 10065 10068 10071 10074 10077 10080 10083 10086 10089 10092 10095 10098 10101 10104 10107 10110 10113 10116 10119 10122 10125 10128 10131 10134 10137 10140 10143 10146 10149 10152 10155 10158 10161 10164 10167 10170 10173 10176 10179 10182 10185 10188 10191 10194 10197 10200 10203 10206 10209 10212 10215 10218 10221 10224 10227 10230 10233 10236 10239 10242 10245 10248 10251 10254 10257 10260 10263 10266 10269 10272 10275 10278 10281 10284 10287 10290 10293 10296 10299 10302 10305 10308 10311 10314 10317 10320 10323 10326 10329 10332 10335 10338 10341 10344 10347 10350 10353 10356 10359 10362 10365 10368 10371 10374 10377 10380 10383 10386 10389 10392 10395 10398 10401 10404 10407 10410 10413 10416 10419 10422 10425 10428 10431 10434 10437 10440 10443 10446 10449 10452 10455 10458 10461 10464 10467 10470 10473 10476 10479 10482 10485 10488 10491 10494 10497 10500 10503 10506 10509 10512 10515 10518 10521 10524 10527 10530 10533 10536 10539 10542 10545 10548 10551 10554 10557 10560 10563 10566 10569 10572 10575 10578 10581 10584 10587 10590 10593 10596 10599 10602 10605 10608 10611 10614 10617 10620 10623 10626 10629 10632 10635 10638 10641 10644 10647 10650 10653 10656 10659 10662 10665 10668 10671 10674 10677 10680 10683 10686 10689 10692 10695 10698 10701 10704 10707 10710 10713 10716 10719 10722 10725 10728 10731 10734 10737 10740 10743 10746 10749 10752 10755 10758 10761 10764 10767 10770 10773 10776 10779 10782 10785 10788 10791 10794 10797 10800 10803 10806 10809 10812 10815 10818 10821 10824 10827 10830 10833 10836 10839 10842 10845 10848 10851 10854 10857 10860 10863 10866 10869 10872 10875 10878 10881 10884 10887 10890 10893 10896 10899 10902 10905 10908 10911 10914 10917 10920 10923 10926 10929 10932 10935 10938 10941 10944 10947 10950 10953 10956 10959 10962 10965 10968 10971 10974 10977 10980 10983 10986 10989 10992 10995 10998 11001 11004 11007 11010 11013 11016 11019 11022 11025 11028 11031 11034 11037 11040 11043 11046 11049 11052 11055 11058 11061 11064 11067 11070 11073 11076 11079 11082 11085 11088 11091 11094 11097 11100 11103 11106 11109 11112 11115 11118 11121 11124 11127 11130 11133 11136 11139 11142 11145 11148 11151 11154 11157 11160 11163 11166 11169 11172 11175 11178 11181 11184 11187 11190 11193 11196 11199 11202 11205 11208 11211 11214 11217 11220 11223 11226 11229 11232 11235 11238 11241 11244 11247 11250 11253 11256 11259 11262 11265 11268 11271 11274 11277 11280 11283 11286 11289 11292 11295 11298 11301 11304 11307 11310 11313 11316 11319 11322 11325 11328 11331 11334 11337 11340 11343 11346 11349 11352 11355 11358 11361 11364 11367 11370 11373 11376 11379 11382 11385 11388 11391 11394 11397 11400 11403 11406 11409 11412 11415 11418 11421 11424 11427 11430 11433 11436 11439 11442 11445 11448 11451 11454 11457 11460 11463 11466 11469 11472 11475 11478 11481 11484 11487 11490 11493 11496 11499 11502 11505 11508 11511 11514 11517 11520 11523 11526 11529 11532 11535 11538 11541 11544 11547 11550 11553 11556 11559 11562 11565 11568 11571 11574 11577 11580 11583 11586 11589 11592 11595 11598 11601 11604 11607 11610 11613 11616 11619 11622 11625 11628 11631 11634 11637 11640 11643 11646 11649 11652 11655 11658 11661 11664 11667 11670 11673 11676 11679 11682 11685 11688 11691 11694 11697 11700 11703 11706 11709 11712 11715 11718 11721 11724 11727 11730 11733 11736 11739 11742 11745 11748 11751 11754 11757 11760 11763 11766 11769 11772 11775 11778 11781 11784 11787 11790 11793 11796 11799 11802 11805 11808 11811 11814 11817 11820 11823 11826 11829 11832 11835 11838 11841 11844 11847 11850 11853 11856 11859 11862 11865 11868 11871 11874 11877 11880 11883 11886 11889 11892 11895 11898 11901 11904 11907 11910 11913 11916 11919 11922 11925 11928 11931 11934 11937 11940 11943 11946 11949 11952 11955 11958 11961 11964 11967 11970 11973 11976 11979 11982 11985 11988 11991 11994 11997 12000 12003 12006 12009 12012 12015 12018 12021 12024 12027 12030 12033 12036 12039 12042 12045 12048 12051 12054 12057 12060 12063 12066 12069 12072 12075 12078 12081 12084 12087 12090 12093 12096 12099 12102 12105 12108 12111 12114 12117 12120 12123 12126 12129 12132 12135 12138 12141 12144 12147 12150 12153 12156 12159 12162 12165 12168 12171 12174 12177 12180 12183 12186 12189 12192 12195 12198 12201 12204 12207 12210 12213 12216 12219 12222 12225 12228 12231 12234 12237 12240 12243 12246 12249 12252 12255 12258 12261 12264 12267 12270 12273 12276 12279 12282 12285 12288 12291 12294 12297 12300 12303 12306 12309 12312 12315 12318 12321 12324 12327 12330 12333 12336 12339 12342 12345 12348 12351 12354 12357 12360 12363 12366 12369 12372 12375 12378 12381 12384 12387 12390 12393 12396 12399 12402 12405 12408 12411 12414 12417 12420 12423 12426 12429 12432 12435 12438 12441 12444 12447 12450 12453 12456 12459 12462 12465 12468 12471 12474 12477 12480 12483 12486 12489 12492 12495 12498 12501 12504 12507 12510 12513 12516 12519 12522 12525 12528 12531 12534 12537 12540 12543 12546 12549 12552 12555 12558 12561 12564 12567 12570 12573 12576 12579 12582 12585 12588 12591 12594 12597 12600 12603 12606 12609 12612 12615 12618 12621 12624 12627 12630 12633 12636 12639 12642 12645 12648 12651 12654 12657 12660 12663 12666 12669 12672 12675 12678 12681 12684 12687 12690 12693 12696 12699 12702 12705 12708 12711 12714 12717 12720 12723 12726 12729 12732 12735 12738 12741 12744 12747 12750 12753 12756 12759 12762 12765 12768 12771 12774 12777 12780 12783 12786 12789 12792 12795 12798 12801 12804 12807 12810 12813 12816 12819 12822 12825 12828 12831 12834 12837 12840 12843 12846 12849 12852 12855 12858 12861 12864 12867 12870 12873 12876 12879 12882 12885 12888 12891 12894 12897 12900 12903 12906 12909 12912 12915 12918 12921 12924 12927 12930 12933 12936 12939 12942 12945 12948 12951 12954 12957 12960 12963 12966 12969 12972 12975 12978 12981 12984 12987 12990 12993 12996 12999 13002 13005 13008 13011 13014 13017 13020 13023 13026 13029 13032 13035 13038 13041 13044 13047 13050 13053 13056 13059 13062 13065 13068 13071 13074 13077 13080 13083 13086 13089 13092 13095 13098 13101 13104 13107 13110 13113 13116 13119 13122 13125 13128 13131 13134 13137 13140 13143 13146 13149 13152 13155 13158 13161 13164 13167 13170 13173 13176 13179 13182 13185 13188 13191 13194 13197 13200 13203 13206 13209 13212 13215 13218 13221 13224 13227 13230 13233 13236 13239 13242 13245 13248 13251 13254 13257 13260 13263 13266 13269 13272 13275 13278 13281 13284 13287 13290 13293 13296 13299 13302 13305 13308 13311 13314 13317 13320 13323 13326 13329 13332 13335 13338 13341 13344 13347 13350 13353 13356 13359 13362 13365 13368 13371 13374 13377 13380 13383 13386 13389 13392 13395 13398 13401 13404 13407 13410 13413 13416 13419 13422 13425 13428 13431 13434 13437 13440 13443 13446 13449 13452 13455 13458 13461 13464 13467 13470 13473 13476 13479 13482 13485 13488 13491 13494 13497 13500 13503 13506 13509 13512 13515 13518 13521 13524 13527 13530 13533 13536 13539 13542 13545 13548 13551 13554 13557 13560 13563 13566 13569 13572 13575 13578 13581 13584 13587 13590 13593 13596 13599 13602 13605 13608 13611 13614 13617 13620 13623 13626 13629 13632 13635 13638 13641 13644 13647 13650 13653 13656 13659 13662 13665 13668 13671 13674 13677 13680 13683 13686 13689 13692 13695 13698 13701 13704 13707 13710 13713 13716 13719 13722 13725 13728 13731 13734 13737 13740 13743 13746 13749 13752 13755 13758 13761 13764 13767 13770 13773 13776 13779 13782 13785 13788 13791 13794 13797 13800 13803 13806 13809 13812 13815 13818 13821 13824 13827 13830 13833 13836 13839 13842 13845 13848 13851 13854 13857 13860 13863 13866 13869 13872 13875 13878 13881 13884 13887 13890 13893 13896 13899 13902 13905 13908 13911 13914 13917 13920 13923 13926 13929 13932 13935 13938 13941 13944 13947 13950 13953 13956 13959 13962 13965 13968 13971 13974 13977 13980 13983 13986 13989 13992 13995 13998 14001 14004 14007 14010 14013 14016 14019 14022 14025 14028 14031 14034 14037 14040 14043 14046 14049 14052 14055 14058 14061 14064 14067 14070 14073 14076 14079 14082 14085 14088 14091 14094 14097 14100 14103 14106 14109 14112 14115 14118 14121 14124 14127 14130 14133 14136 14139 14142 14145 14148 14151 14154 14157 14160 14163 14166 14169 14172 14175 14178 14181 14184 14187 14190 14193 14196 14199 14202 14205 14208 14211 14214 14217 14220 14223 14226 14229 14232 14235 14238 14241 14244 14247 14250 14253 14256 14259 14262 14265 14268 14271 14274 14277 14280 14283 14286 14289 14292 14295 14298 14301 14304 14307 14310 14313 14316 14319 14322 14325 14328 14331 14334 14337 14340 14343 14346 14349 14352 14355 14358 14361 14364 14367 14370 14373 14376 14379 14382 14385 14388 14391 14394 14397 14400 14403 14406 14409 14412 14415 14418 14421 14424 14427 14430 14433 14436 14439 14442 14445 14448 14451 14454 14457 14460 14463 14466 14469 14472 14475 14478 14481 14484 14487 14490 14493 14496 14499 14502 14505 14508 14511 14514 14517 14520 14523 14526 14529 14532 14535 14538 14541 14544 14547 14550 14553 14556 14559 14562 14565 14568 14571 14574 14577 14580 14583 14586 14589 14592 14595 14598 14601 14604 14607 14610 14613 14616 14619 14622 14625 14628 14631 14634 14637 14640 14643 14646 14649 14652 14655 14658 14661 14664 14667 14670 14673 14676 14679 14682 14685 14688 14691 14694 14697 14700 14703 14706 14709 14712 14715 14718 14721 14724 14727 14730 14733 14736 14739 14742 14745 14748 14751 14754 14757 14760 14763 14766 14769 14772 14775 14778 14781 14784 14787 14790 14793 14796 14799 14802 14805 14808 14811 14814 14817 14820 14823 14826 14829 14832 14835 14838 14841 14844 14847 14850 14853 14856 14859 14862 14865 14868 14871 14874 14877 14880 14883 14886 14889 14892 14895 14898 14901 14904 14907 14910 14913 14916 14919 14922 14925 14928 14931 14934 14937 14940 14943 14946 14949 14952 14955 14958 14961 14964 14967 14970 14973 14976 14979 14982 14985 14988 14991 14994 14997 15000 15003 15006 15009 15012 15015 15018 15021 15024 15027 15030 15033 15036 15039 15042 15045 15048 15051 15054 15057 15060 15063 15066 15069 15072 15075 15078 15081 15084 15087 15090 15093 15096 15099 15102 15105 15108 15111 15114 15117 15120 15123 15126 15129 15132 15135 15138 15141 15144 15147 15150 15153 15156 15159 15162 15165 15168 15171 15174 15177 15180 15183 15186 15189 15192 15195 15198 15201 15204 15207 15210 15213 15216 15219 15222 15225 15228 15231 15234 15237 15240 15243 15246 15249 15252 15255 15258 15261 15264 15267 15270 15273 15276 15279 15282 15285 15288 15291 15294 15297 15300 15303 15306 15309 15312 15315 15318 15321 15324 15327 15330 15333 15336 15339 15342 15345 15348 15351 15354 15357 15360 15363 15366 15369 15372 15375 15378 15381 15384 15387 15390 15393 15396 15399 15402 15405 15408 15411 15414 15417 15420 15423 15426 15429 15432 15435 15438 15441 15444 15447 15450 15453 15456 15459 15462 15465 15468 15471 15474 15477 15480 15483 15486 15489 15492 15495 15498 15501 15504 15507 15510 15513 15516 15519 15522 15525 15528 15531 15534 15537 15540 15543 15546 15549 15552 15555 15558 15561 15564 15567 15570 15573 15576 15579 15582 15585 15588 15591 15594 15597 15600 15603 15606 15609 15612 15615 15618 15621 15624 15627 15630 15633 15636 15639 15642 15645 15648 15651 15654 15657 15660 15663 15666 15669 15672 15675 15678 15681 15684 15687 15690 15693 15696 15699 15702 15705 15708 15711 15714 15717 15720 15723 15726 15729 15732 15735 15738 15741 15744 15747 15750 15753 15756 15759 15762 15765 15768 15771 15774 15777 15780 15783 15786 15789 15792 15795 15798 15801 15804 15807 15810 15813 15816 15819 15822 15825 15828 15831 15834 15837 15840 15843 15846 15849 15852 15855 15858 15861 15864 15867 15870 15873 15876 15879 15882 15885 15888 15891 15894 15897 15900 15903 15906 15909 15912 15915 15918 15921 15924 15927 15930 15933 15936 15939 15942 15945 15948 15951 15954 15957 15960 15963 15966 15969 15972 15975 15978 15981 15984 15987 15990 15993 15996 15999 16002 16005 16008 16011 16014 16017 16020 16023 16026 16029 16032 16035 16038 16041 16044 16047 16050 16053 16056 16059 16062 16065 16068 16071 16074 16077 16080 16083 16086 16089 16092 16095 16098 16101 16104 16107 16110 16113 16116 16119 16122 16125 16128 16131 16134 16137 16140 16143 16146 16149 16152 16155 16158 16161 16164 16167 16170 16173 16176 16179 16182 16185 16188 16191 16194 16197 16200 16203 16206 16209 16212 16215 16218 16221 16224 16227 16230 16233 16236 16239 16242 16245 16248 16251 16254 16257 16260 16263 16266 16269 16272 16275 16278 16281 16284 16287 16290 16293 16296 16299 16302 16305 16308 16311 16314 16317 16320 16323 16326 16329 16332 16335 16338 16341 16344 16347 16350 16353 16356 16359 16362 16365 16368 16371 16374 16377 16380 16383 16386 16389 16392 16395 16398 16401 16404 16407 16410 16413 16416 16419 16422 16425 16428 16431 16434 16437 16440 16443 16446 16449 16452 16455 16458 16461 16464 16467 16470 16473 16476 16479 16482 16485 16488 16491 16494 16497 16500 16503 16506 16509 16512 16515 16518 16521 16524 16527 16530 16533 16536 16539 16542 16545 16548 16551 16554 16557 16560 16563 16566 16569 16572 16575 16578 16581 16584 16587 16590 16593 16596 16599 16602 16605 16608 16611 16614 16617 16620 16623 16626 16629 16632 16635 16638 16641 16644 16647 16650 16653 16656 16659 16662 16665 16668 16671 16674 16677 16680 16683 16686 16689 16692 16695 16698 16701 16704 16707 16710 16713 16716 16719 16722 16725 16728 16731 16734 16737 16740 16743 16746 16749 16752 16755 16758 16761 16764 16767 16770 16773 16776 16779 16782 16785 16788 16791 16794 16797 16800 16803 16806 16809 16812 16815 16818 16821 16824 16827 16830 16833 16836 16839 16842 16845 16848 16851 16854 16857 16860 16863 16866 16869 16872 16875 16878 16881 16884 16887 16890 16893 16896 16899 16902 16905 16908 16911 16914 16917 16920 16923 16926 16929 16932 16935 16938 16941 16944 16947 16950 16953 16956 16959 16962 16965 16968 16971 16974 16977 16980 16983 16986 16989 16992 16995 16998 17001 17004 17007 17010 17013 17016 17019 17022 17025 17028 17031 17034 17037 17040 17043 17046 17049 17052 17055 17058 17061 17064 17067 17070 17073 17076 17079 17082 17085 17088 17091 17094 17097 17100 17103 17106 17109 17112 17115 17118 17121 17124 17127 17130 17133 17136 17139 17142 17145 17148 17151 17154 17157 17160 17163 17166 17169 17172 17175 17178 17181 17184 17187 17190 17193 17196 17199 17202 17205 17208 17211 17214 17217 17220 17223 17226 17229 17232 17235 17238 17241 17244 17247 17250 17253 17256 17259 17262 17265 17268 17271 17274 17277 17280 17283 17286 17289 17292 17295 17298 17301 17304 17307 17310 17313 17316 17319 17322 17325 17328 17331 17334 17337 17340 17343 17346 17349 17352 17355 17358 17361 17364 17367 17370 17373 17376 17379 17382 17385 17388 17391 17394 17397 17400 17403 17406 17409 17412 17415 17418 17421 17424 17427 17430 17433 17436 17439 17442 17445 17448 17451 17454 17457 17460 17463 17466 17469 17472 17475 17478 17481 17484 17487 17490 17493 17496 17499 17502 17505 17508 17511 17514 17517 17520 17523 17526 17529 17532 17535 17538 17541 17544 17547 17550 17553 17556 17559 17562 17565 17568 17571 17574 17577 17580 17583 17586 17589 17592 17595 17598 17601 17604 17607 17610 17613 17616 17619 17622 17625 17628 17631 17634 17637 17640 17643 17646 17649 17652 17655 17658 17661 17664 17667 17670 17673 17676 17679 17682 17685 17688 17691 17694 17697 17700 17703 17706 17709 17712 17715 17718 17721 17724 17727 17730 17733 17736 17739 17742 17745 17748 17751 17754 17757 17760 17763 17766 17769 17772 17775 17778 17781 17784 17787 17790 17793 17796 17799 17802 17805 17808 17811 17814 17817 17820 17823 17826 17829 17832 17835 17838 17841 17844 17847 17850 17853 17856 17859 17862 17865 17868 17871 17874 17877 17880 17883 17886 17889 17892 17895 17898 17901 17904 17907 17910 17913 17916 17919 17922 17925 17928 17931 17934 17937 17940 17943 17946 17949 17952 17955 17958 17961 17964 17967 17970 17973 17976 17979 17982 17985 17988 17991 17994 17997 18000 18003 18006 18009 18012 18015 18018 18021 18024 18027 18030 18033 18036 18039 18042 18045 18048 18051 18054 18057 18060 18063 18066 18069 18072 18075 18078 18081 18084 18087 18090 18093 18096 18099 18102 18105 18108 18111 18114 18117 18120 18123 18126 18129 18132 18135 18138 18141 18144 18147 18150 18153 18156 18159 18162 18165 18168 18171 18174 18177 18180 18183 18186 18189 18192 18195 18198 18201 18204 18207 18210 18213 18216 18219 18222 18225 18228 18231 18234 18237 18240 18243 18246 18249 18252 18255 18258 18261 18264 18267 18270 18273 18276 18279 18282 18285 18288 18291 18294 18297 18300 18303 18306 18309 18312 18315 18318 18321 18324 18327 18330 18333 18336 18339 18342 18345 18348 18351 18354 18357 18360 18363 18366 18369 18372 18375 18378 18381 18384 18387 18390 18393 18396 18399 18402 18405 18408 18411 18414 18417 18420 18423 18426 18429 18432 18435 18438 18441 18444 18447 18450 18453 18456 18459 18462 18465 18468 18471 18474 18477 18480 18483 18486 18489 18492 18495 18498 18501 18504 18507 18510 18513 18516 18519 18522 18525 18528 18531 18534 18537 18540 18543 18546 18549 18552 18555 18558 18561 18564 18567 18570 18573 18576 18579 18582 18585 18588 18591 18594 18597 18600 18603 18606 18609 18612 18615 18618 18621 18624 18627 18630 18633 18636 18639 18642 18645 18648 18651 18654 18657 18660 18663 18666 18669 18672 18675 18678 18681 18684 18687 18690 18693 18696 18699 18702 18705 18708 18711 18714 18717 18720 18723 18726 18729 18732 18735 18738 18741 18744 18747 18750 18753 18756 18759 18762 18765 18768 18771 18774 18777 18780 18783 18786 18789 18792 18795 18798 18801 18804 18807 18810 18813 18816 18819 18822 18825 18828 18831 18834 18837 18840 18843 18846 18849 18852 18855 18858 18861 18864 18867 18870 18873 18876 18879 18882 18885 18888 18891 18894 18897 18900 18903 18906 18909 18912 18915 18918 18921 18924 18927 18930 18933 18936 18939 18942 18945 18948 18951 18954 18957 18960 18963 18966 18969 18972 18975 18978 18981 18984 18987 18990 18993 18996 18999 19002 19005 19008 19011 19014 19017 19020 19023 19026 19029 19032 19035 19038 19041 19044 19047 19050 19053 19056 19059 19062 19065 19068 19071 19074 19077 19080 19083 19086 19089 19092 19095 19098 19101 19104 19107 19110 19113 19116 19119 19122 19125 19128 19131 19134 19137 19140 19143 19146 19149 19152 19155 19158 19161 19164 19167 19170 19173 19176 19179 19182 19185 19188 19191 19194 19197 19200 19203 19206 19209 19212 19215 19218 19221 19224 19227 19230 19233 19236 19239 19242 19245 19248 19251 19254 19257 19260 19263 19266 19269 19272 19275 19278 19281 19284 19287 19290 19293 19296 19299 19302 19305 19308 19311 19314 19317 19320 19323 19326 19329 19332 19335 19338 19341 19344 19347 19350 19353 19356 19359 19362 19365 19368 19371 19374 19377 19380 19383 19386 19389 19392 19395 19398 19401 19404 19407 19410 19413 19416 19419 19422 19425 19428 19431 19434 19437 19440 19443 19446 19449 19452 19455 19458 19461 19464 19467 19470 19473 19476 19479 19482 19485 19488 19491 19494 19497 19500 19503 19506 19509 19512 19515 19518 19521 19524 19527 19530 19533 19536 19539 19542 19545 19548 19551 19554 19557 19560 19563 19566 19569 19572 19575 19578 19581 19584 19587 19590 19593 19596 19599 19602 19605 19608 19611 19614 19617 19620 19623 19626 19629 19632 19635 19638 19641 19644 19647 19650 19653 19656 19659 19662 19665 19668 19671 19674 19677 19680 19683 19686 19689 19692 19695 19698 19701 19704 19707 19710 19713 19716 19719 19722 19725 19728 19731 19734 19737 19740 19743 19746 19749 19752 19755 19758 19761 19764 19767 19770 19773 19776 19779 19782 19785 19788 19791 19794 19797 19800 19803 19806 19809 19812 19815 19818 19821 19824 19827 19830 19833 19836 19839 19842 19845 19848 19851 19854 19857 19860 19863 19866 19869 19872 19875 19878 19881 19884 19887 19890 19893 19896 19899 19902 19905 19908 19911 19914 19917 19920 19923 19926 19929 19932 19935 19938 19941 19944 19947 19950 19953 19956 19959 19962 19965 19968 19971 19974 19977 19980 19983 19986 19989 19992 19995 19998 20001 20004 20007 20010 20013 20016 20019 20022 20025 20028 20031 20034 20037 20040 20043 20046 20049 20052 20055 20058 20061 20064 20067 20070 20073 20076 20079 20082 20085 20088 20091 20094 20097 20100 20103 20106 20109 20112 20115 20118 20121 20124 20127 20130 20133 20136 20139 20142 20145 20148 20151 20154 20157 20160 20163 20166 20169 20172 20175 20178 20181 20184 20187 20190 20193 20196 20199 20202 20205 20208 20211 20214 20217 20220 20223 20226 20229 20232 20235 20238 20241 20244 20247 20250 20253 20256 20259 20262 20265 20268 20271 20274 20277 20280 20283 20286 20289 20292 20295 20298 20301 20304 20307 20310 20313 20316 20319 20322 20325 20328 20331 20334 20337 20340 20343 20346 20349 20352 20355 20358 20361 20364 20367 20370 20373 20376 20379 20382 20385 20388 20391 20394 20397 20400 20403 20406 20409 20412 20415 20418 20421 20424 20427 20430 20433 20436 20439 20442 20445 20448 20451 20454 20457 20460 20463 20466 20469 20472 20475 20478 20481 20484 20487 20490 20493 20496 20499 20502 20505 20508 20511 20514 20517 20520 20523 20526 20529 20532 20535 20538 20541 20544 20547 20550 20553 20556 20559 20562 20565 20568 20571 20574 20577 20580 20583 20586 20589 20592 20595 20598 20601 20604 20607 20610 20613 20616 20619 20622 20625 20628 20631 20634 20637 20640 20643 20646 20649 20652 20655 20658 20661 20664 20667 20670 20673 20676 20679 20682 20685 20688 20691 20694 20697 20700 20703 20706 20709 20712 20715 20718 20721 20724 20727 20730 20733 20736 20739 20742 20745 20748 20751 20754 20757 20760 20763 20766 20769 20772 20775 20778 20781 20784 20787 20790 20793 20796 20799 20802 20805 20808 20811 20814 20817 20820 20823 20826 20829 20832 20835 20838 20841 20844 20847 20850 20853 20856 20859 20862 20865 20868 20871 20874 20877 20880 20883 20886 20889 20892 20895 20898 20901 20904 20907 20910 20913 20916 20919 20922 20925 20928 20931 20934 20937 20940 20943 20946 20949 20952 20955 20958 20961 20964 20967 20970 20973 20976 20979 20982 20985 20988 20991 20994 20997 21000 21003 21006 21009 21012 21015 21018 21021 21024 21027 21030 21033 21036 21039 21042 21045 21048 21051 21054 21057 21060 21063 21066 21069 21072 21075 21078 21081 21084 21087 21090 21093 21096 21099 21102 21105 21108 21111 21114 21117 21120 21123 21126 21129 21132 21135 21138 21141 21144 21147 21150 21153 21156 21159 21162 21165 21168 21171 21174 21177 21180 21183 21186 21189 21192 21195 21198 21201 21204 21207 21210 21213 21216 21219 21222 21225 21228 21231 21234 21237 21240 21243 21246 21249 21252 21255 21258 21261 21264 21267 21270 21273 21276 21279 21282 21285 21288 21291 21294 21297 21300 21303 21306 21309 21312 21315 21318 21321 21324 21327 21330 21333 21336 21339 21342 21345 21348 21351 21354 21357 21360 21363 21366 21369 21372 21375 21378 21381 21384 21387 21390 21393 21396 21399 21402 21405 21408 21411 21414 21417 21420 21423 21426 21429 21432 21435 21438 21441 21444 21447 21450 21453 21456 21459 21462 21465 21468 21471 21474 21477 21480 21483 21486 21489 21492 21495 21498 21501 21504 21507 21510 21513 21516 21519 21522 21525 21528 21531 21534 21537 21540 21543 21546 21549 21552 21555 21558 21561 21564 21567 21570 21573 21576 21579 21582 21585 21588 21591 21594 21597 21600 21603 21606 21609 21612 21615 21618 21621 21624 21627 21630 21633 21636 21639 21642 21645 21648 21651 21654 21657 21660 21663 21666 21669 21672 21675 21678 21681 21684 21687 21690 21693 21696 21699 21702 21705 21708 21711 21714 21717 21720 21723 21726 21729 21732 21735 21738 21741 21744 21747 21750 21753 21756 21759 21762 21765 21768 21771 21774 21777 21780 21783 21786 21789 21792 21795 21798 21801 21804 21807 21810 21813 21816 21819 21822 21825 21828 21831 21834 21837 21840 21843 21846 21849 21852 21855 21858 21861 21864 21867 21870 21873 21876 21879 21882 21885 21888 21891 21894 21897 21900 21903 21906 21909 21912 21915 21918 21921 21924 21927 21930 21933 21936 21939 21942 21945 21948 21951 21954 21957 21960 21963 21966 21969 21972 21975 21978 21981 21984 21987 21990 21993 21996 21999 22002 22005 22008 22011 22014 22017 22020 22023 22026 22029 22032 22035 22038 22041 22044 22047 22050 22053 22056 22059 22062 22065 22068 22071 22074 22077 22080 22083 22086 22089 22092 22095 22098 22101 22104 22107 22110 22113 22116 22119 22122 22125 22128 22131 22134 22137 22140 22143 22146 22149 22152 22155 22158 22161 22164 22167 22170 22173 22176 22179 22182 22185 22188 22191 22194 22197 22200 22203 22206 22209 22212 22215 22218 22221 22224 22227 22230 22233 22236 22239 22242 22245 22248 22251 22254 22257 22260 22263 22266 22269 22272 22275 22278 22281 22284 22287 22290 22293 22296 22299 22302 22305 22308 22311 22314 22317 22320 22323 22326 22329 22332 22335 22338 22341 22344 22347 22350 22353 22356 22359 22362 22365 22368 22371 22374 22377 22380 22383 22386 22389 22392 22395 22398 22401 22404 22407 22410 22413 22416 22419 22422 22425 22428 22431 22434 22437 22440 22443 22446 22449 22452 22455 22458 22461 22464 22467 22470 22473 22476 22479 22482 22485 22488 22491 22494 22497 22500 22503 22506 22509 22512 22515 22518 22521 22524 22527 22530 22533 22536 22539 22542 22545 22548 22551 22554 22557 22560 22563 22566 22569 22572 22575 22578 22581 22584 22587 22590 22593 22596 22599 22602 22605 22608 22611 22614 22617 22620 22623 22626 22629 22632 22635 22638 22641 22644 22647 22650 22653 22656 22659 22662 22665 22668 22671 22674 22677 22680 22683 22686 22689 22692 22695 22698 22701 22704 22707 22710 22713 22716 22719 22722 22725 22728 22731 22734 22737 22740 22743 22746 22749 22752 22755 22758 22761 22764 22767 22770 22773 22776 22779 22782 22785 22788 22791 22794 22797 22800 22803 22806 22809 22812 22815 22818 22821 22824 22827 22830 22833 22836 22839 22842 22845 22848 22851 22854 22857 22860 22863 22866 22869 22872 22875 22878 22881 22884 22887 22890 22893 22896 22899 22902 22905 22908 22911 22914 22917 22920 22923 22926 22929 22932 22935 22938 22941 22944 22947 22950 22953 22956 22959 22962 22965 22968 22971 22974 22977 22980 22983 22986 22989 22992 22995 22998 23001 23004 23007 23010 23013 23016 23019 23022 23025 23028 23031 23034 23037 23040 23043 23046 23049 23052 23055 23058 23061 23064 23067 23070 23073 23076 23079 23082 23085 23088 23091 23094 23097 23100 23103 23106 23109 23112 23115 23118 23121 23124 23127 23130 23133 23136 23139 23142 23145 23148 23151 23154 23157 23160 23163 23166 23169 23172 23175 23178 23181 23184 23187 23190 23193 23196 23199 23202 23205 23208 23211 23214 23217 23220 23223 23226 23229 23232 23235 23238 23241 23244 23247 23250 23253 23256 23259 23262 23265 23268 23271 23274 23277 23280 23283 23286 23289 23292 23295 23298 23301 23304 23307 23310 23313 23316 23319 23322 23325 23328 23331 23334 23337 23340 23343 23346 23349 23352 23355 23358 23361 23364 23367 23370 23373 23376 23379 23382 23385 23388 23391 23394 23397 23400 23403 23406 23409 23412 23415 23418 23421 23424 23427 23430 23433 23436 23439 23442 23445 23448 23451 23454 23457 23460 23463 23466 23469 23472 23475 23478 23481 23484 23487 23490 23493 23496 23499 23502 23505 23508 23511 23514 23517 23520 23523 23526 23529 23532 23535 23538 23541 23544 23547 23550 23553 23556 23559 23562 23565 23568 23571 23574 23577 23580 23583 23586 23589 23592 23595 23598 23601 23604 23607 23610 23613 23616 23619 23622 23625 23628 23631 23634 23637 23640 23643 23646 23649 23652 23655 23658 23661 23664 23667 23670 23673 23676 23679 23682 23685 23688 23691 23694 23697 23700 23703 23706 23709 23712 23715 23718 23721 23724 23727 23730 23733 23736 23739 23742 23745 23748 23751 23754 23757 23760 23763 23766 23769 23772 23775 23778 23781 23784 23787 23790 23793 23796 23799 23802 23805 23808 23811 23814 23817 23820 23823 23826 23829 23832 23835 23838 23841 23844 23847 23850 23853 23856 23859 23862 23865 23868 23871 23874 23877 23880 23883 23886 23889 23892 23895 23898 23901 23904 23907 23910 23913 23916 23919 23922 23925 23928 23931 23934 23937 23940 23943 23946 23949 23952 23955 23958 23961 23964 23967 23970 23973 23976 23979 23982 23985 23988 23991 23994 23997 24000 24003 24006 24009 24012 24015 24018 24021 24024 24027 24030 24033 24036 24039 24042 24045 24048 24051 24054 24057 24060 24063 24066 24069 24072 24075 24078 24081 24084 24087 24090 24093 24096 24099 24102 24105 24108 24111 24114 24117 24120 24123 24126 24129 24132 24135 24138 24141 24144 24147 24150 24153 24156 24159 24162 24165 24168 24171 24174 24177 24180 24183 24186 24189 24192 24195 24198 24201 24204 24207 24210 24213 24216 24219 24222 24225 24228 24231 24234 24237 24240 24243 24246 24249 24252 24255 24258 24261 24264 24267 24270 24273 24276 24279 24282 24285 24288 24291 24294 24297 24300 24303 24306 24309 24312 24315 24318 24321 24324 24327 24330 24333 24336 24339 24342 24345 24348 24351 24354 24357 24360 24363 24366 24369 24372 24375 24378 24381 24384 24387 24390 24393 24396 24399 24402 24405 24408 24411 24414 24417 24420 24423 24426 24429 24432 24435 24438 24441 24444 24447 24450 24453 24456 24459 24462 24465 24468 24471 24474 24477 24480 24483 24486 24489 24492 24495 24498 24501 24504 24507 24510 24513 24516 24519 24522 24525 24528 24531 24534 24537 24540 24543 24546 24549 24552 24555 24558 24561 24564 24567 24570 24573 24576 24579 24582 24585 24588 24591 24594 24597 24600 24603 24606 24609 24612 24615 24618 24621 24624 24627 24630 24633 24636 24639 24642 24645 24648 24651 24654 24657 24660 24663 24666 24669 24672 24675 24678 24681 24684 24687 24690 24693 24696 24699 24702 24705 24708 24711 24714 24717 24720 24723 24726 24729 24732 24735 24738 24741 24744 24747 24750 24753 24756 24759 24762 24765 24768 24771 24774 24777 24780 24783 24786 24789 24792 24795 24798 24801 24804 24807 24810 24813 24816 24819 24822 24825 24828 24831 24834 24837 24840 24843 24846 24849 24852 24855 24858 24861 24864 24867 24870 24873 24876 24879 24882 24885 24888 24891 24894 24897 24900 24903 24906 24909 24912 24915 24918 24921 24924 24927 24930 24933 24936 24939 24942 24945 24948 24951 24954 24957 24960 24963 24966 24969 24972 24975 24978 24981 24984 24987 24990 24993 24996 24999 25002 25005 25008 25011 25014 25017 25020 25023 25026 25029 25032 25035 25038 25041 25044 25047 25050 25053 25056 25059 25062 25065 25068 25071 25074 25077 25080 25083 25086 25089 25092 25095 25098 25101 25104 25107 25110 25113 25116 25119 25122 25125 25128 25131 25134 25137 25140 25143 25146 25149 25152 25155 25158 25161 25164 25167 25170 25173 25176 25179 25182 25185 25188 25191 25194 25197 25200 25203 25206 25209 25212 25215 25218 25221 25224 25227 25230 25233 25236 25239 25242 25245 25248 25251 25254 25257 25260 25263 25266 25269 25272 25275 25278 25281 25284 25287 25290 25293 25296 25299 25302 25305 25308 25311 25314 25317 25320 25323 25326 25329 25332 25335 25338 25341 25344 25347 25350 25353 25356 25359 25362 25365 25368 25371 25374 25377 25380 25383 25386 25389 25392 25395 25398 25401 25404 25407 25410 25413 25416 25419 25422 25425 25428 25431 25434 25437 25440 25443 25446 25449 25452 25455 25458 25461 25464 25467 25470 25473 25476 25479 25482 25485 25488 25491 25494 25497 25500 25503 25506 25509 25512 25515 25518 25521 25524 25527 25530 25533 25536 25539 25542 25545 25548 25551 25554 25557 25560 25563 25566 25569 25572 25575 25578 25581 25584 25587 25590 25593 25596 25599 25602 25605 25608 25611 25614 25617 25620 25623 25626 25629 25632 25635 25638 25641 25644 25647 25650 25653 25656 25659 25662 25665 25668 25671 25674 25677 25680 25683 25686 25689 25692 25695 25698 25701 25704 25707 25710 25713 25716 25719 25722 25725 25728 25731 25734 25737 25740 25743 25746 25749 25752 25755 25758 25761 25764 25767 25770 25773 25776 25779 25782 25785 25788 25791 25794 25797 25800 25803 25806 25809 25812 25815 25818 25821 25824 25827 25830 25833 25836 25839 25842 25845 25848 25851 25854 25857 25860 25863 25866 25869 25872 25875 25878 25881 25884 25887 25890 25893 25896 25899 25902 25905 25908 25911 25914 25917 25920 25923 25926 25929 25932 25935 25938 25941 25944 25947 25950 25953 25956 25959 25962 25965 25968 25971 25974 25977 25980 25983 25986 25989 25992 25995 25998 26001 26004 26007 26010 26013 26016 26019 26022 26025 26028 26031 26034 26037 26040 26043 26046 26049 26052 26055 26058 26061 26064 26067 26070 26073 26076 26079 26082 26085 26088 26091 26094 26097 26100 26103 26106 26109 26112 26115 26118 26121 26124 26127 26130 26133 26136 26139 26142 26145 26148 26151 26154 26157 26160 26163 26166 26169 26172 26175 26178 26181 26184 26187 26190 26193 26196 26199 26202 26205 26208 26211 26214 26217 26220 26223 26226 26229 26232 26235 26238 26241 26244 26247 26250 26253 26256 26259 26262 26265 26268 26271 26274 26277 26280 26283 26286 26289 26292 26295 26298 26301 26304 26307 26310 26313 26316 26319 26322 26325 26328 26331 26334 26337 26340 26343 26346 26349 26352 26355 26358 26361 26364 26367 26370 26373 26376 26379 26382 26385 26388 26391 26394 26397 26400 26403 26406 26409 26412 26415 26418 26421 26424 26427 26430 26433 26436 26439 26442 26445 26448 26451 26454 26457 26460 26463 26466 26469 26472 26475 26478 26481 26484 26487 26490 26493 26496 26499 26502 26505 26508 26511 26514 26517 26520 26523 26526 26529 26532 26535 26538 26541 26544 26547 26550 26553 26556 26559 26562 26565 26568 26571 26574 26577 26580 26583 26586 26589 26592 26595 26598 26601 26604 26607 26610 26613 26616 26619 26622 26625 26628 26631 26634 26637 26640 26643 26646 26649 26652 26655 26658 26661 26664 26667 26670 26673 26676 26679 26682 26685 26688 26691 26694 26697 26700 26703 26706 26709 26712 26715 26718 26721 26724 26727 26730 26733 26736 26739 26742 26745 26748 26751 26754 26757 26760 26763 26766 26769 26772 26775 26778 26781 26784 26787 26790 26793 26796 26799 26802 26805 26808 26811 26814 26817 26820 26823 26826 26829 26832 26835 26838 26841 26844 26847 26850 26853 26856 26859 26862 26865 26868 26871 26874 26877 26880 26883 26886 26889 26892 26895 26898 26901 26904 26907 26910 26913 26916 26919 26922 26925 26928 26931 26934 26937 26940 26943 26946 26949 26952 26955 26958 26961 26964 26967 26970 26973 26976 26979 26982 26985 26988 26991 26994 26997 27000 27003 27006 27009 27012 27015 27018 27021 27024 27027 27030 27033 27036 27039 27042 27045 27048 27051 27054 27057 27060 27063 27066 27069 27072 27075 27078 27081 27084 27087 27090 27093 27096 27099 27102 27105 27108 27111 27114 27117 27120 27123 27126 27129 27132 27135 27138 27141 27144 27147 27150 27153 27156 27159 27162 27165 27168 27171 27174 27177 27180 27183 27186 27189 27192 27195 27198 27201 27204 27207 27210 27213 27216 27219 27222 27225 27228 27231 27234 27237 27240 27243 27246 27249 27252 27255 27258 27261 27264 27267 27270 27273 27276 27279 27282 27285 27288 27291 27294 27297 27300 27303 27306 27309 27312 27315 27318 27321 27324 27327 27330 27333 27336 27339 27342 27345 27348 27351 27354 27357 27360 27363 27366 27369 27372 27375 27378 27381 27384 27387 27390 27393 27396 27399 27402 27405 27408 27411 27414 27417 27420 27423 27426 27429 27432 27435 27438 27441 27444 27447 27450 27453 27456 27459 27462 27465 27468 27471 27474 27477 27480 27483 27486 27489 27492 27495 27498 27501 27504 27507 27510 27513 27516 27519 27522 27525 27528 27531 27534 27537 27540 27543 27546 27549 27552 27555 27558 27561 27564 27567 27570 27573 27576 27579 27582 27585 27588 27591 27594 27597 27600 27603 27606 27609 27612 27615 27618 27621 27624 27627 27630 27633 27636 27639 27642 27645 27648 27651 27654 27657 27660 27663 27666 27669 27672 27675 27678 27681 27684 27687 27690 27693 27696 27699 27702 27705 27708 27711 27714 27717 27720 27723 27726 27729 27732 27735 27738 27741 27744 27747 27750 27753 27756 27759 27762 27765 27768 27771 27774 27777 27780 27783 27786 27789 27792 27795 27798 27801 27804 27807 27810 27813 27816 27819 27822 27825 27828 27831 27834 27837 27840 27843 27846 27849 27852 27855 27858 27861 27864 27867 27870 27873 27876 27879 27882 27885 27888 27891 27894 27897 27900 27903 27906 27909 27912 27915 27918 27921 27924 27927 27930 27933 27936 27939 27942 27945 27948 27951 27954 27957 27960 27963 27966 27969 27972 27975 27978 27981 27984 27987 27990 27993 27996 27999 28002 28005 28008 28011 28014 28017 28020 28023 28026 28029 28032 28035 28038 28041 28044 28047 28050 28053 28056 28059 28062 28065 28068 28071 28074 28077 28080 28083 28086 28089 28092 28095 28098 28101 28104 28107 28110 28113 28116 28119 28122 28125 28128 28131 28134 28137 28140 28143 28146 28149 28152 28155 28158 28161 28164 28167 28170 28173 28176 28179 28182 28185 28188 28191 28194 28197 28200 28203 28206 28209 28212 28215 28218 28221 28224 28227 28230 28233 28236 28239 28242 28245 28248 28251 28254 28257 28260 28263 28266 28269 28272 28275 28278 28281 28284 28287 28290 28293 28296 28299 28302 28305 28308 28311 28314 28317 28320 28323 28326 28329 28332 28335 28338 28341 28344 28347 28350 28353 28356 28359 28362 28365 28368 28371 28374 28377 28380 28383 28386 28389 28392 28395 28398 28401 28404 28407 28410 28413 28416 28419 28422 28425 28428 28431 28434 28437 28440 28443 28446 28449 28452 28455 28458 28461 28464 28467 28470 28473 28476 28479 28482 28485 28488 28491 28494 28497 28500 28503 28506 28509 28512 28515 28518 28521 28524 28527 28530 28533 28536 28539 28542 28545 28548 28551 28554 28557 28560 28563 28566 28569 28572 28575 28578 28581 28584 28587 28590 28593 28596 28599 28602 28605 28608 28611 28614 28617 28620 28623 28626 28629 28632 28635 28638 28641 28644 28647 28650 28653 28656 28659 28662 28665 28668 28671 28674 28677 28680 28683 28686 28689 28692 28695 28698 28701 28704 28707 28710 28713 28716 28719 28722 28725 28728 28731 28734 28737 28740 28743 28746 28749 28752 28755 28758 28761 28764 28767 28770 28773 28776 28779 28782 28785 28788 28791 28794 28797 28800 28803 28806 28809 28812 28815 28818 28821 28824 28827 28830 28833 28836 28839 28842 28845 28848 28851 28854 28857 28860 28863 28866 28869 28872 28875 28878 28881 28884 28887 28890 28893 28896 28899 28902 28905 28908 28911 28914 28917 28920 28923 28926 28929 28932 28935 28938 28941 28944 28947 28950 28953 28956 28959 28962 28965 28968 28971 28974 28977 28980 28983 28986 28989 28992 28995 28998 29001 29004 29007 29010 29013 29016 29019 29022 29025 29028 29031 29034 29037 29040 </DataArray>
      </Polys>
    </Piece>
  </PolyData>
</VTKFile>